event_id,name,event_type,critical_issues,boroughs_reported,start_local,end_local,tz_local,start_utc,end_utc,duration_hours_reported,window_hours_used,subhourly_snapped,unit,wind_peak_ms,wind_mean_ms,wind_peak_cellmax_ms,precip_total_mm,precip_peak_rate_mmh,precip_peak_rate_cellmax_mmh,n_hours_wind,n_hours_precip,status
SW0390,Winter Storm Event,Winter Weather,Freezing Precipitation,"Bronx, Manhattan, Queens",2015-01-18 06:00,2015-01-19 06:00,EST,2015-01-18 11:00,2015-01-19 11:00,24,24,FALSE,Brooklyn,4.723,3.372,4.779,34.903,5.964,5.98,25,24,ok
SW0390,Winter Storm Event,Winter Weather,Freezing Precipitation,"Bronx, Manhattan, Queens",2015-01-18 06:00,2015-01-19 06:00,EST,2015-01-18 11:00,2015-01-19 11:00,24,24,FALSE,Queens,5.145,3.489,5.216,35.553,6.279,6.28,25,24,ok
SW0390,Winter Storm Event,Winter Weather,Freezing Precipitation,"Bronx, Manhattan, Queens",2015-01-18 06:00,2015-01-19 06:00,EST,2015-01-18 11:00,2015-01-19 11:00,24,24,FALSE,Manhattan,3.985,2.718,4.006,34.939,5.955,5.955,25,24,ok
SW0390,Winter Storm Event,Winter Weather,Freezing Precipitation,"Bronx, Manhattan, Queens",2015-01-18 06:00,2015-01-19 06:00,EST,2015-01-18 11:00,2015-01-19 11:00,24,24,FALSE,Bronx,3.772,2.569,3.8,35.05,6.064,6.064,25,24,ok
SW0390,Winter Storm Event,Winter Weather,Freezing Precipitation,"Bronx, Manhattan, Queens",2015-01-18 06:00,2015-01-19 06:00,EST,2015-01-18 11:00,2015-01-19 11:00,24,24,FALSE,Staten Island,4.167,2.712,4.167,34.118,5.652,5.74,25,24,ok
SW0390,Winter Storm Event,Winter Weather,Freezing Precipitation,"Bronx, Manhattan, Queens",2015-01-18 06:00,2015-01-19 06:00,EST,2015-01-18 11:00,2015-01-19 11:00,24,24,FALSE,ALL NYC,4.393,3.126,4.628,35.019,6.018,6.055,25,24,ok
SW0391,"Light Snow, High Wind Event",Winter Weather,High Winds,"Queens, Staten Island, Manhattan, Bronx",2015-01-24 00:00,2015-01-25 00:00,EST,2015-01-24 05:00,2015-01-25 05:00,24,24,FALSE,Brooklyn,5.155,3.595,5.155,22.335,3.591,3.591,25,24,ok
SW0391,"Light Snow, High Wind Event",Winter Weather,High Winds,"Queens, Staten Island, Manhattan, Bronx",2015-01-24 00:00,2015-01-25 00:00,EST,2015-01-24 05:00,2015-01-25 05:00,24,24,FALSE,Queens,5.056,3.627,5.12,22.456,3.323,3.436,25,24,ok
SW0391,"Light Snow, High Wind Event",Winter Weather,High Winds,"Queens, Staten Island, Manhattan, Bronx",2015-01-24 00:00,2015-01-25 00:00,EST,2015-01-24 05:00,2015-01-25 05:00,24,24,FALSE,Manhattan,4.264,2.997,4.291,21.407,3.124,3.214,25,24,ok
SW0391,"Light Snow, High Wind Event",Winter Weather,High Winds,"Queens, Staten Island, Manhattan, Bronx",2015-01-24 00:00,2015-01-25 00:00,EST,2015-01-24 05:00,2015-01-25 05:00,24,24,FALSE,Bronx,4.11,2.785,4.11,21.426,3.431,3.431,25,24,ok
SW0391,"Light Snow, High Wind Event",Winter Weather,High Winds,"Queens, Staten Island, Manhattan, Bronx",2015-01-24 00:00,2015-01-25 00:00,EST,2015-01-24 05:00,2015-01-25 05:00,24,24,FALSE,Staten Island,4.511,3.041,4.511,22.197,3.629,3.629,25,24,ok
SW0391,"Light Snow, High Wind Event",Winter Weather,High Winds,"Queens, Staten Island, Manhattan, Bronx",2015-01-24 00:00,2015-01-25 00:00,EST,2015-01-24 05:00,2015-01-25 05:00,24,24,FALSE,ALL NYC,4.709,3.343,4.805,22.149,3.312,3.483,25,24,ok
SW0392,"January 2015 North American Blizzard ""Winter Storm Juno""",Winter Weather,"High Winds, Heavy Snow","Bronx, Brooklyn, Manhattan, Staten Island, Queens",2015-01-26 08:00,2015-01-27 08:00,EST,2015-01-26 13:00,2015-01-27 13:00,24,24,FALSE,Brooklyn,7.663,6.776,7.668,15.3,1.444,1.444,25,24,ok
SW0392,"January 2015 North American Blizzard ""Winter Storm Juno""",Winter Weather,"High Winds, Heavy Snow","Bronx, Brooklyn, Manhattan, Staten Island, Queens",2015-01-26 08:00,2015-01-27 08:00,EST,2015-01-26 13:00,2015-01-27 13:00,24,24,FALSE,Queens,7.793,6.92,7.794,16.441,1.545,1.545,25,24,ok
SW0392,"January 2015 North American Blizzard ""Winter Storm Juno""",Winter Weather,"High Winds, Heavy Snow","Bronx, Brooklyn, Manhattan, Staten Island, Queens",2015-01-26 08:00,2015-01-27 08:00,EST,2015-01-26 13:00,2015-01-27 13:00,24,24,FALSE,Manhattan,6.337,5.642,6.342,14.219,1.286,1.286,25,24,ok
SW0392,"January 2015 North American Blizzard ""Winter Storm Juno""",Winter Weather,"High Winds, Heavy Snow","Bronx, Brooklyn, Manhattan, Staten Island, Queens",2015-01-26 08:00,2015-01-27 08:00,EST,2015-01-26 13:00,2015-01-27 13:00,24,24,FALSE,Bronx,5.948,5.295,5.987,14.527,1.318,1.318,25,24,ok
SW0392,"January 2015 North American Blizzard ""Winter Storm Juno""",Winter Weather,"High Winds, Heavy Snow","Bronx, Brooklyn, Manhattan, Staten Island, Queens",2015-01-26 08:00,2015-01-27 08:00,EST,2015-01-26 13:00,2015-01-27 13:00,24,24,FALSE,Staten Island,6.46,5.589,6.46,13.172,1.332,1.332,25,24,ok
SW0392,"January 2015 North American Blizzard ""Winter Storm Juno""",Winter Weather,"High Winds, Heavy Snow","Bronx, Brooklyn, Manhattan, Staten Island, Queens",2015-01-26 08:00,2015-01-27 08:00,EST,2015-01-26 13:00,2015-01-27 13:00,24,24,FALSE,ALL NYC,7.124,6.31,7.147,15.121,1.417,1.429,25,24,ok
SW0393,High Wind Event,Winter Weather,High Winds,Queens,2015-01-30 18:00,2015-01-31 15:55,EST,2015-01-30 23:00,2015-01-31 21:00,21.9167,22,FALSE,Brooklyn,7.898,6.957,7.899,0.001,0.001,0.001,23,22,ok
SW0393,High Wind Event,Winter Weather,High Winds,Queens,2015-01-30 18:00,2015-01-31 15:55,EST,2015-01-30 23:00,2015-01-31 21:00,21.9167,22,FALSE,Queens,7.888,6.952,7.899,0.001,0.001,0.001,23,22,ok
SW0393,High Wind Event,Winter Weather,High Winds,Queens,2015-01-30 18:00,2015-01-31 15:55,EST,2015-01-30 23:00,2015-01-31 21:00,21.9167,22,FALSE,Manhattan,6.725,5.932,6.725,0.001,0.001,0.001,23,22,ok
SW0393,High Wind Event,Winter Weather,High Winds,Queens,2015-01-30 18:00,2015-01-31 15:55,EST,2015-01-30 23:00,2015-01-31 21:00,21.9167,22,FALSE,Bronx,6.281,5.509,6.288,0.001,0.001,0.001,23,22,ok
SW0393,High Wind Event,Winter Weather,High Winds,Queens,2015-01-30 18:00,2015-01-31 15:55,EST,2015-01-30 23:00,2015-01-31 21:00,21.9167,22,FALSE,Staten Island,6.848,5.949,6.848,0.001,0.001,0.001,23,22,ok
SW0393,High Wind Event,Winter Weather,High Winds,Queens,2015-01-30 18:00,2015-01-31 15:55,EST,2015-01-30 23:00,2015-01-31 21:00,21.9167,22,FALSE,ALL NYC,7.366,6.484,7.384,0.001,0.001,0.001,23,22,ok
SW0394,Winter Storm Event,Winter Weather,Heavy Snow,"Queens, Staten Island, Brooklyn, Bronx",2015-02-01 21:00,2015-02-02 21:00,EST,2015-02-02 02:00,2015-02-03 02:00,24,24,FALSE,Brooklyn,7.082,4.149,7.082,26.063,2.941,2.941,25,24,ok
SW0394,Winter Storm Event,Winter Weather,Heavy Snow,"Queens, Staten Island, Brooklyn, Bronx",2015-02-01 21:00,2015-02-02 21:00,EST,2015-02-02 02:00,2015-02-03 02:00,24,24,FALSE,Queens,6.848,4.264,6.848,26.101,2.995,2.995,25,24,ok
SW0394,Winter Storm Event,Winter Weather,Heavy Snow,"Queens, Staten Island, Brooklyn, Bronx",2015-02-01 21:00,2015-02-02 21:00,EST,2015-02-02 02:00,2015-02-03 02:00,24,24,FALSE,Manhattan,5.938,3.741,5.938,26.74,2.945,2.945,25,24,ok
SW0394,Winter Storm Event,Winter Weather,Heavy Snow,"Queens, Staten Island, Brooklyn, Bronx",2015-02-01 21:00,2015-02-02 21:00,EST,2015-02-02 02:00,2015-02-03 02:00,24,24,FALSE,Bronx,5.395,3.633,5.395,26.931,2.989,2.989,25,24,ok
SW0394,Winter Storm Event,Winter Weather,Heavy Snow,"Queens, Staten Island, Brooklyn, Bronx",2015-02-01 21:00,2015-02-02 21:00,EST,2015-02-02 02:00,2015-02-03 02:00,24,24,FALSE,Staten Island,6.402,3.558,6.402,26.737,2.927,2.948,25,24,ok
SW0394,Winter Storm Event,Winter Weather,Heavy Snow,"Queens, Staten Island, Brooklyn, Bronx",2015-02-01 21:00,2015-02-02 21:00,EST,2015-02-02 02:00,2015-02-03 02:00,24,24,FALSE,ALL NYC,6.544,3.976,6.544,26.379,2.965,2.969,25,24,ok
SW0395,Winter Storm Event,Winter Weather,Heavy Snow,"Bronx, Brooklyn, Manhattan, Queens",2015-02-02 00:00,2015-02-03 00:00,EST,2015-02-02 05:00,2015-02-03 05:00,24,24,FALSE,Brooklyn,7.082,4.686,7.082,24.957,2.941,2.941,25,24,ok
SW0395,Winter Storm Event,Winter Weather,Heavy Snow,"Bronx, Brooklyn, Manhattan, Queens",2015-02-02 00:00,2015-02-03 00:00,EST,2015-02-02 05:00,2015-02-03 05:00,24,24,FALSE,Queens,6.848,4.779,6.848,24.945,2.995,2.995,25,24,ok
SW0395,Winter Storm Event,Winter Weather,Heavy Snow,"Bronx, Brooklyn, Manhattan, Queens",2015-02-02 00:00,2015-02-03 00:00,EST,2015-02-02 05:00,2015-02-03 05:00,24,24,FALSE,Manhattan,5.938,4.194,5.938,25.498,2.945,2.945,25,24,ok
SW0395,Winter Storm Event,Winter Weather,Heavy Snow,"Bronx, Brooklyn, Manhattan, Queens",2015-02-02 00:00,2015-02-03 00:00,EST,2015-02-02 05:00,2015-02-03 05:00,24,24,FALSE,Bronx,5.395,4.034,5.395,25.659,2.989,2.989,25,24,ok
SW0395,Winter Storm Event,Winter Weather,Heavy Snow,"Bronx, Brooklyn, Manhattan, Queens",2015-02-02 00:00,2015-02-03 00:00,EST,2015-02-02 05:00,2015-02-03 05:00,24,24,FALSE,Staten Island,6.402,4.029,6.402,25.697,2.927,2.948,25,24,ok
SW0395,Winter Storm Event,Winter Weather,Heavy Snow,"Bronx, Brooklyn, Manhattan, Queens",2015-02-02 00:00,2015-02-03 00:00,EST,2015-02-02 05:00,2015-02-03 05:00,24,24,FALSE,ALL NYC,6.544,4.467,6.544,25.233,2.965,2.969,25,24,ok
SW0396,"Light Snow, High Wind Event",Winter Weather,High Winds,"Queens, Staten Island, Manhattan, Bronx",2015-02-13 00:51,2015-02-15 21:54,EST,2015-02-13 05:00,2015-02-16 03:00,69.05,70,FALSE,Brooklyn,10.049,5.349,10.049,3.373,0.675,0.675,71,70,ok
SW0396,"Light Snow, High Wind Event",Winter Weather,High Winds,"Queens, Staten Island, Manhattan, Bronx",2015-02-13 00:51,2015-02-15 21:54,EST,2015-02-13 05:00,2015-02-16 03:00,69.05,70,FALSE,Queens,10.103,5.329,10.103,2.895,0.443,0.443,71,70,ok
SW0396,"Light Snow, High Wind Event",Winter Weather,High Winds,"Queens, Staten Island, Manhattan, Bronx",2015-02-13 00:51,2015-02-15 21:54,EST,2015-02-13 05:00,2015-02-16 03:00,69.05,70,FALSE,Manhattan,8.616,4.407,8.616,2.842,0.482,0.482,71,70,ok
SW0396,"Light Snow, High Wind Event",Winter Weather,High Winds,"Queens, Staten Island, Manhattan, Bronx",2015-02-13 00:51,2015-02-15 21:54,EST,2015-02-13 05:00,2015-02-16 03:00,69.05,70,FALSE,Bronx,8.182,4.052,8.182,2.524,0.339,0.345,71,70,ok
SW0396,"Light Snow, High Wind Event",Winter Weather,High Winds,"Queens, Staten Island, Manhattan, Bronx",2015-02-13 00:51,2015-02-15 21:54,EST,2015-02-13 05:00,2015-02-16 03:00,69.05,70,FALSE,Staten Island,8.683,4.544,8.683,3.979,1.021,1.021,71,70,ok
SW0396,"Light Snow, High Wind Event",Winter Weather,High Winds,"Queens, Staten Island, Manhattan, Bronx",2015-02-13 00:51,2015-02-15 21:54,EST,2015-02-13 05:00,2015-02-16 03:00,69.05,70,FALSE,ALL NYC,9.429,4.936,9.438,3.151,0.593,0.594,71,70,ok
SW0398,"Light Snow, Ice Event",Winter Weather,Freezing Precipitation,"Bronx, Brooklyn, Manhattan, Staten Island, Queens",2015-02-21 00:00,2015-02-22 00:00,EST,2015-02-21 05:00,2015-02-22 05:00,24,24,FALSE,Brooklyn,5.659,3.427,5.685,13.789,1.718,1.718,25,24,ok
SW0398,"Light Snow, Ice Event",Winter Weather,Freezing Precipitation,"Bronx, Brooklyn, Manhattan, Staten Island, Queens",2015-02-21 00:00,2015-02-22 00:00,EST,2015-02-21 05:00,2015-02-22 05:00,24,24,FALSE,Queens,5.899,3.464,5.923,13.91,1.746,1.746,25,24,ok
SW0398,"Light Snow, Ice Event",Winter Weather,Freezing Precipitation,"Bronx, Brooklyn, Manhattan, Staten Island, Queens",2015-02-21 00:00,2015-02-22 00:00,EST,2015-02-21 05:00,2015-02-22 05:00,24,24,FALSE,Manhattan,4.648,2.655,4.648,13.406,1.7,1.7,25,24,ok
SW0398,"Light Snow, Ice Event",Winter Weather,Freezing Precipitation,"Bronx, Brooklyn, Manhattan, Staten Island, Queens",2015-02-21 00:00,2015-02-22 00:00,EST,2015-02-21 05:00,2015-02-22 05:00,24,24,FALSE,Bronx,4.456,2.385,4.456,13.378,1.706,1.706,25,24,ok
SW0398,"Light Snow, Ice Event",Winter Weather,Freezing Precipitation,"Bronx, Brooklyn, Manhattan, Staten Island, Queens",2015-02-21 00:00,2015-02-22 00:00,EST,2015-02-21 05:00,2015-02-22 05:00,24,24,FALSE,Staten Island,4.414,2.735,4.414,13.66,1.681,1.681,25,24,ok
SW0398,"Light Snow, Ice Event",Winter Weather,Freezing Precipitation,"Bronx, Brooklyn, Manhattan, Staten Island, Queens",2015-02-21 00:00,2015-02-22 00:00,EST,2015-02-21 05:00,2015-02-22 05:00,24,24,FALSE,ALL NYC,5.249,3.104,5.279,13.721,1.718,1.718,25,24,ok
SW0399,Winter Storm Event,Winter Weather,Heavy Snow,"Queens, Staten Island, Manhattan, Brooklyn, Bronx",2015-03-01 00:00,2015-03-02 00:00,EST,2015-03-01 05:00,2015-03-02 05:00,24,24,FALSE,Brooklyn,3.684,1.542,3.684,12.941,1.688,1.692,25,24,ok
SW0399,Winter Storm Event,Winter Weather,Heavy Snow,"Queens, Staten Island, Manhattan, Brooklyn, Bronx",2015-03-01 00:00,2015-03-02 00:00,EST,2015-03-01 05:00,2015-03-02 05:00,24,24,FALSE,Queens,3.725,1.534,3.725,13.343,1.705,1.707,25,24,ok
SW0399,Winter Storm Event,Winter Weather,Heavy Snow,"Queens, Staten Island, Manhattan, Brooklyn, Bronx",2015-03-01 00:00,2015-03-02 00:00,EST,2015-03-01 05:00,2015-03-02 05:00,24,24,FALSE,Manhattan,3.028,1.325,3.028,12.42,1.562,1.562,25,24,ok
SW0399,Winter Storm Event,Winter Weather,Heavy Snow,"Queens, Staten Island, Manhattan, Brooklyn, Bronx",2015-03-01 00:00,2015-03-02 00:00,EST,2015-03-01 05:00,2015-03-02 05:00,24,24,FALSE,Bronx,2.836,1.216,2.836,12.551,1.551,1.551,25,24,ok
SW0399,Winter Storm Event,Winter Weather,Heavy Snow,"Queens, Staten Island, Manhattan, Brooklyn, Bronx",2015-03-01 00:00,2015-03-02 00:00,EST,2015-03-01 05:00,2015-03-02 05:00,24,24,FALSE,Staten Island,3.036,1.272,3.036,12.254,1.614,1.615,25,24,ok
SW0399,Winter Storm Event,Winter Weather,Heavy Snow,"Queens, Staten Island, Manhattan, Brooklyn, Bronx",2015-03-01 00:00,2015-03-02 00:00,EST,2015-03-01 05:00,2015-03-02 05:00,24,24,FALSE,ALL NYC,3.407,1.426,3.407,12.861,1.648,1.653,25,24,ok
SW0400,Winter Storm Event,Winter Weather,Heavy Snow,"Bronx, Brooklyn, Manhattan, Staten Island, Queens",2015-03-05 00:00,2015-03-07 15:58,EST,2015-03-05 05:00,2015-03-07 21:00,63.9667,64,FALSE,Brooklyn,5.005,3.246,5.005,18.896,1.493,1.494,65,64,ok
SW0400,Winter Storm Event,Winter Weather,Heavy Snow,"Bronx, Brooklyn, Manhattan, Staten Island, Queens",2015-03-05 00:00,2015-03-07 15:58,EST,2015-03-05 05:00,2015-03-07 21:00,63.9667,64,FALSE,Queens,4.964,3.241,4.967,18.495,1.425,1.439,65,64,ok
SW0400,Winter Storm Event,Winter Weather,Heavy Snow,"Bronx, Brooklyn, Manhattan, Staten Island, Queens",2015-03-05 00:00,2015-03-07 15:58,EST,2015-03-05 05:00,2015-03-07 21:00,63.9667,64,FALSE,Manhattan,4.198,2.77,4.21,16.858,1.263,1.264,65,64,ok
SW0400,Winter Storm Event,Winter Weather,Heavy Snow,"Bronx, Brooklyn, Manhattan, Staten Island, Queens",2015-03-05 00:00,2015-03-07 15:58,EST,2015-03-05 05:00,2015-03-07 21:00,63.9667,64,FALSE,Bronx,3.888,2.581,3.939,16.3,1.201,1.206,65,64,ok
SW0400,Winter Storm Event,Winter Weather,Heavy Snow,"Bronx, Brooklyn, Manhattan, Staten Island, Queens",2015-03-05 00:00,2015-03-07 15:58,EST,2015-03-05 05:00,2015-03-07 21:00,63.9667,64,FALSE,Staten Island,4.425,2.818,4.425,18.685,1.464,1.475,65,64,ok
SW0400,Winter Storm Event,Winter Weather,Heavy Snow,"Bronx, Brooklyn, Manhattan, Staten Island, Queens",2015-03-05 00:00,2015-03-07 15:58,EST,2015-03-05 05:00,2015-03-07 21:00,63.9667,64,FALSE,ALL NYC,4.629,3.034,4.67,18.182,1.388,1.411,65,64,ok
SW0402,High Wind Event,Thunderstorms,"High Winds, Flash Flooding",Queens,2015-04-02 00:00,2015-04-05 00:00,EDT,2015-04-02 04:00,2015-04-05 04:00,72,72,FALSE,Brooklyn,9.373,5.015,9.373,10.138,1.67,1.67,73,72,ok
SW0402,High Wind Event,Thunderstorms,"High Winds, Flash Flooding",Queens,2015-04-02 00:00,2015-04-05 00:00,EDT,2015-04-02 04:00,2015-04-05 04:00,72,72,FALSE,Queens,9.143,4.92,9.143,10.523,1.61,1.61,73,72,ok
SW0402,High Wind Event,Thunderstorms,"High Winds, Flash Flooding",Queens,2015-04-02 00:00,2015-04-05 00:00,EDT,2015-04-02 04:00,2015-04-05 04:00,72,72,FALSE,Manhattan,8.191,4.274,8.191,9.573,1.446,1.47,73,72,ok
SW0402,High Wind Event,Thunderstorms,"High Winds, Flash Flooding",Queens,2015-04-02 00:00,2015-04-05 00:00,EDT,2015-04-02 04:00,2015-04-05 04:00,72,72,FALSE,Bronx,7.741,3.98,7.742,9.453,1.545,1.574,73,72,ok
SW0402,High Wind Event,Thunderstorms,"High Winds, Flash Flooding",Queens,2015-04-02 00:00,2015-04-05 00:00,EDT,2015-04-02 04:00,2015-04-05 04:00,72,72,FALSE,Staten Island,8.572,4.542,8.573,8.85,1.63,1.63,73,72,ok
SW0402,High Wind Event,Thunderstorms,"High Winds, Flash Flooding",Queens,2015-04-02 00:00,2015-04-05 00:00,EDT,2015-04-02 04:00,2015-04-05 04:00,72,72,FALSE,ALL NYC,8.817,4.688,8.817,9.898,1.58,1.608,73,72,ok
SW0404,"Heavy Rain, Flash Flood Event",Thunderstorms,Flash Flooding,"Queens, Staten Island",2015-05-31 00:00,2015-06-01 00:00,EDT,2015-05-31 04:00,2015-06-01 04:00,24,24,FALSE,Brooklyn,4.706,3.31,4.706,6.803,1.535,1.556,25,24,ok
SW0404,"Heavy Rain, Flash Flood Event",Thunderstorms,Flash Flooding,"Queens, Staten Island",2015-05-31 00:00,2015-06-01 00:00,EDT,2015-05-31 04:00,2015-06-01 04:00,24,24,FALSE,Queens,4.767,3.358,4.767,7.263,1.66,1.661,25,24,ok
SW0404,"Heavy Rain, Flash Flood Event",Thunderstorms,Flash Flooding,"Queens, Staten Island",2015-05-31 00:00,2015-06-01 00:00,EDT,2015-05-31 04:00,2015-06-01 04:00,24,24,FALSE,Manhattan,3.905,2.852,3.905,8.666,1.619,1.769,25,24,ok
SW0404,"Heavy Rain, Flash Flood Event",Thunderstorms,Flash Flooding,"Queens, Staten Island",2015-05-31 00:00,2015-06-01 00:00,EDT,2015-05-31 04:00,2015-06-01 04:00,24,24,FALSE,Bronx,3.676,2.773,3.676,9.56,1.802,1.949,25,24,ok
SW0404,"Heavy Rain, Flash Flood Event",Thunderstorms,Flash Flooding,"Queens, Staten Island",2015-05-31 00:00,2015-06-01 00:00,EDT,2015-05-31 04:00,2015-06-01 04:00,24,24,FALSE,Staten Island,3.977,2.926,3.977,6.645,1.656,1.656,25,24,ok
SW0404,"Heavy Rain, Flash Flood Event",Thunderstorms,Flash Flooding,"Queens, Staten Island",2015-05-31 00:00,2015-06-01 00:00,EDT,2015-05-31 04:00,2015-06-01 04:00,24,24,FALSE,ALL NYC,4.384,3.143,4.384,7.472,1.644,1.684,25,24,ok
SW0405,Heavy Rain Event,Thunderstorms,Flash Flooding,Queens,2015-06-23 00:00,2015-06-24 00:00,EDT,2015-06-23 04:00,2015-06-24 04:00,24,24,FALSE,Brooklyn,6.496,4.607,6.496,0.53,0.521,0.521,25,24,ok
SW0405,Heavy Rain Event,Thunderstorms,Flash Flooding,Queens,2015-06-23 00:00,2015-06-24 00:00,EDT,2015-06-23 04:00,2015-06-24 04:00,24,24,FALSE,Queens,6.521,4.519,6.521,0.597,0.556,0.556,25,24,ok
SW0405,Heavy Rain Event,Thunderstorms,Flash Flooding,Queens,2015-06-23 00:00,2015-06-24 00:00,EDT,2015-06-23 04:00,2015-06-24 04:00,24,24,FALSE,Manhattan,5.709,3.931,5.709,0.341,0.296,0.299,25,24,ok
SW0405,Heavy Rain Event,Thunderstorms,Flash Flooding,Queens,2015-06-23 00:00,2015-06-24 00:00,EDT,2015-06-23 04:00,2015-06-24 04:00,24,24,FALSE,Bronx,5.396,3.659,5.396,0.349,0.197,0.221,25,24,ok
SW0405,Heavy Rain Event,Thunderstorms,Flash Flooding,Queens,2015-06-23 00:00,2015-06-24 00:00,EDT,2015-06-23 04:00,2015-06-24 04:00,24,24,FALSE,Staten Island,6.203,4.171,6.204,0.128,0.11,0.125,25,24,ok
SW0405,Heavy Rain Event,Thunderstorms,Flash Flooding,Queens,2015-06-23 00:00,2015-06-24 00:00,EDT,2015-06-23 04:00,2015-06-24 04:00,24,24,FALSE,ALL NYC,6.174,4.307,6.236,0.438,0.394,0.4,25,24,ok
SW0406,Heavy Rain Event,Thunderstorms,Flash Flooding,"Queens, Staten Island, Bronx, Brooklyn, Manhattan",2015-06-28 00:00,2015-06-29 00:00,EDT,2015-06-28 04:00,2015-06-29 04:00,24,24,FALSE,Brooklyn,6.399,3.359,6.399,19.56,9.498,9.498,25,24,ok
SW0406,Heavy Rain Event,Thunderstorms,Flash Flooding,"Queens, Staten Island, Bronx, Brooklyn, Manhattan",2015-06-28 00:00,2015-06-29 00:00,EDT,2015-06-28 04:00,2015-06-29 04:00,24,24,FALSE,Queens,7.384,3.463,7.384,21.606,9.469,9.469,25,24,ok
SW0406,Heavy Rain Event,Thunderstorms,Flash Flooding,"Queens, Staten Island, Bronx, Brooklyn, Manhattan",2015-06-28 00:00,2015-06-29 00:00,EDT,2015-06-28 04:00,2015-06-29 04:00,24,24,FALSE,Manhattan,5.287,3.097,5.287,20.856,9.583,9.583,25,24,ok
SW0406,Heavy Rain Event,Thunderstorms,Flash Flooding,"Queens, Staten Island, Bronx, Brooklyn, Manhattan",2015-06-28 00:00,2015-06-29 00:00,EDT,2015-06-28 04:00,2015-06-29 04:00,24,24,FALSE,Bronx,5.257,3.074,5.257,22.948,9.985,9.985,25,24,ok
SW0406,Heavy Rain Event,Thunderstorms,Flash Flooding,"Queens, Staten Island, Bronx, Brooklyn, Manhattan",2015-06-28 00:00,2015-06-29 00:00,EDT,2015-06-28 04:00,2015-06-29 04:00,24,24,FALSE,Staten Island,4.882,3.17,4.908,17.147,9.303,9.303,25,24,ok
SW0406,Heavy Rain Event,Thunderstorms,Flash Flooding,"Queens, Staten Island, Bronx, Brooklyn, Manhattan",2015-06-28 00:00,2015-06-29 00:00,EDT,2015-06-28 04:00,2015-06-29 04:00,24,24,FALSE,ALL NYC,6.228,3.3,6.233,20.416,9.519,9.519,25,24,ok
SW0407,"Heavy Rain, Flash Flood Event",Thunderstorms,"Flash Flooding, High Winds","Manhattan, Brooklyn, Bronx, Staten Island, Queens",2015-07-01 00:00,2015-07-02 00:00,EDT,2015-07-01 04:00,2015-07-02 04:00,24,24,FALSE,Brooklyn,5.967,3.416,5.967,9.799,2.811,2.811,25,24,ok
SW0407,"Heavy Rain, Flash Flood Event",Thunderstorms,"Flash Flooding, High Winds","Manhattan, Brooklyn, Bronx, Staten Island, Queens",2015-07-01 00:00,2015-07-02 00:00,EDT,2015-07-01 04:00,2015-07-02 04:00,24,24,FALSE,Queens,5.743,3.347,5.743,11.128,2.891,2.909,25,24,ok
SW0407,"Heavy Rain, Flash Flood Event",Thunderstorms,"Flash Flooding, High Winds","Manhattan, Brooklyn, Bronx, Staten Island, Queens",2015-07-01 00:00,2015-07-02 00:00,EDT,2015-07-01 04:00,2015-07-02 04:00,24,24,FALSE,Manhattan,5.26,2.845,5.26,10.782,2.046,2.179,25,24,ok
SW0407,"Heavy Rain, Flash Flood Event",Thunderstorms,"Flash Flooding, High Winds","Manhattan, Brooklyn, Bronx, Staten Island, Queens",2015-07-01 00:00,2015-07-02 00:00,EDT,2015-07-01 04:00,2015-07-02 04:00,24,24,FALSE,Bronx,4.983,2.644,4.983,11.664,2.078,2.256,25,24,ok
SW0407,"Heavy Rain, Flash Flood Event",Thunderstorms,"Flash Flooding, High Winds","Manhattan, Brooklyn, Bronx, Staten Island, Queens",2015-07-01 00:00,2015-07-02 00:00,EDT,2015-07-01 04:00,2015-07-02 04:00,24,24,FALSE,Staten Island,5.75,3.131,5.75,8.176,2.46,2.46,25,24,ok
SW0407,"Heavy Rain, Flash Flood Event",Thunderstorms,"Flash Flooding, High Winds","Manhattan, Brooklyn, Bronx, Staten Island, Queens",2015-07-01 00:00,2015-07-02 00:00,EDT,2015-07-01 04:00,2015-07-02 04:00,24,24,FALSE,ALL NYC,5.651,3.184,5.651,10.317,2.429,2.65,25,24,ok
SW0408,High Wind Event,Thunderstorms,"High Winds, Flash Flooding","Queens, Staten Island, Bronx, Brooklyn, Manhattan",2015-08-04 00:00,2015-08-05 00:00,EDT,2015-08-04 04:00,2015-08-05 04:00,24,24,FALSE,Brooklyn,5.422,3.553,5.422,1.405,1.213,1.213,25,24,ok
SW0408,High Wind Event,Thunderstorms,"High Winds, Flash Flooding","Queens, Staten Island, Bronx, Brooklyn, Manhattan",2015-08-04 00:00,2015-08-05 00:00,EDT,2015-08-04 04:00,2015-08-05 04:00,24,24,FALSE,Queens,5.351,3.526,5.351,1.613,1.495,1.495,25,24,ok
SW0408,High Wind Event,Thunderstorms,"High Winds, Flash Flooding","Queens, Staten Island, Bronx, Brooklyn, Manhattan",2015-08-04 00:00,2015-08-05 00:00,EDT,2015-08-04 04:00,2015-08-05 04:00,24,24,FALSE,Manhattan,5.075,3.018,5.075,1.244,1.158,1.158,25,24,ok
SW0408,High Wind Event,Thunderstorms,"High Winds, Flash Flooding","Queens, Staten Island, Bronx, Brooklyn, Manhattan",2015-08-04 00:00,2015-08-05 00:00,EDT,2015-08-04 04:00,2015-08-05 04:00,24,24,FALSE,Bronx,4.963,2.869,4.963,1.408,1.367,1.367,25,24,ok
SW0408,High Wind Event,Thunderstorms,"High Winds, Flash Flooding","Queens, Staten Island, Bronx, Brooklyn, Manhattan",2015-08-04 00:00,2015-08-05 00:00,EDT,2015-08-04 04:00,2015-08-05 04:00,24,24,FALSE,Staten Island,5.248,3.159,5.248,1.166,0.884,0.884,25,24,ok
SW0408,High Wind Event,Thunderstorms,"High Winds, Flash Flooding","Queens, Staten Island, Bronx, Brooklyn, Manhattan",2015-08-04 00:00,2015-08-05 00:00,EDT,2015-08-04 04:00,2015-08-05 04:00,24,24,FALSE,ALL NYC,5.271,3.331,5.271,1.422,1.269,1.269,25,24,ok
SW0410,Heavy Rain Event,Thunderstorms,Flash Flooding,Queens,2015-08-21 02:00,2015-08-21 10:00,EDT,2015-08-21 06:00,2015-08-21 14:00,8,8,FALSE,Brooklyn,3.278,2.51,3.363,2.276,1.036,1.036,9,8,ok
SW0410,Heavy Rain Event,Thunderstorms,Flash Flooding,Queens,2015-08-21 02:00,2015-08-21 10:00,EDT,2015-08-21 06:00,2015-08-21 14:00,8,8,FALSE,Queens,3.26,2.292,3.284,2.97,1.328,1.328,9,8,ok
SW0410,Heavy Rain Event,Thunderstorms,Flash Flooding,Queens,2015-08-21 02:00,2015-08-21 10:00,EDT,2015-08-21 06:00,2015-08-21 14:00,8,8,FALSE,Manhattan,3.221,2.251,3.221,1.937,0.958,0.958,9,8,ok
SW0410,Heavy Rain Event,Thunderstorms,Flash Flooding,Queens,2015-08-21 02:00,2015-08-21 10:00,EDT,2015-08-21 06:00,2015-08-21 14:00,8,8,FALSE,Bronx,2.972,2.038,3.012,2.126,1.044,1.044,9,8,ok
SW0410,Heavy Rain Event,Thunderstorms,Flash Flooding,Queens,2015-08-21 02:00,2015-08-21 10:00,EDT,2015-08-21 06:00,2015-08-21 14:00,8,8,FALSE,Staten Island,3.676,2.547,3.676,1.362,0.827,0.827,9,8,ok
SW0410,Heavy Rain Event,Thunderstorms,Flash Flooding,Queens,2015-08-21 02:00,2015-08-21 10:00,EDT,2015-08-21 06:00,2015-08-21 14:00,8,8,FALSE,ALL NYC,3.108,2.352,3.335,2.31,1.007,1.098,9,8,ok
SW0414,"High Wind, Coastal Flood Event",Winter Weather,"Coastal Flooding, High Winds","Queens, Staten Island, Brooklyn",2016-01-09 00:00,2016-01-10 19:54,EST,2016-01-09 05:00,2016-01-11 01:00,43.9,44,FALSE,Brooklyn,10.398,5.089,10.429,30.483,8.011,8.011,45,44,ok
SW0414,"High Wind, Coastal Flood Event",Winter Weather,"Coastal Flooding, High Winds","Queens, Staten Island, Brooklyn",2016-01-09 00:00,2016-01-10 19:54,EST,2016-01-09 05:00,2016-01-11 01:00,43.9,44,FALSE,Queens,10.776,5.164,10.779,29.614,7.44,7.44,45,44,ok
SW0414,"High Wind, Coastal Flood Event",Winter Weather,"Coastal Flooding, High Winds","Queens, Staten Island, Brooklyn",2016-01-09 00:00,2016-01-10 19:54,EST,2016-01-09 05:00,2016-01-11 01:00,43.9,44,FALSE,Manhattan,8.882,4.205,8.882,31.604,8.11,8.11,45,44,ok
SW0414,"High Wind, Coastal Flood Event",Winter Weather,"Coastal Flooding, High Winds","Queens, Staten Island, Brooklyn",2016-01-09 00:00,2016-01-10 19:54,EST,2016-01-09 05:00,2016-01-11 01:00,43.9,44,FALSE,Bronx,8.636,3.958,8.636,30.856,7.566,7.566,45,44,ok
SW0414,"High Wind, Coastal Flood Event",Winter Weather,"Coastal Flooding, High Winds","Queens, Staten Island, Brooklyn",2016-01-09 00:00,2016-01-10 19:54,EST,2016-01-09 05:00,2016-01-11 01:00,43.9,44,FALSE,Staten Island,8.776,4.266,8.776,31.698,7.959,7.962,45,44,ok
SW0414,"High Wind, Coastal Flood Event",Winter Weather,"Coastal Flooding, High Winds","Queens, Staten Island, Brooklyn",2016-01-09 00:00,2016-01-10 19:54,EST,2016-01-09 05:00,2016-01-11 01:00,43.9,44,FALSE,ALL NYC,9.731,4.734,9.872,30.547,7.744,7.744,45,44,ok
SW0415,"January 2016 Blizzard ""Winter Storm Jonas""",Winter Weather,"High Winds, Heavy Snow, Coastal Flooding","Brooklyn, Bronx, Manhattan, Staten Island, Queens",2016-01-22 02:00,2016-01-23 22:00,EST,2016-01-22 07:00,2016-01-24 03:00,44,44,FALSE,Brooklyn,10.765,5.85,10.765,49.286,4.283,4.291,45,44,ok
SW0415,"January 2016 Blizzard ""Winter Storm Jonas""",Winter Weather,"High Winds, Heavy Snow, Coastal Flooding","Brooklyn, Bronx, Manhattan, Staten Island, Queens",2016-01-22 02:00,2016-01-23 22:00,EST,2016-01-22 07:00,2016-01-24 03:00,44,44,FALSE,Queens,10.668,5.861,10.69,47.371,4.196,4.466,45,44,ok
SW0415,"January 2016 Blizzard ""Winter Storm Jonas""",Winter Weather,"High Winds, Heavy Snow, Coastal Flooding","Brooklyn, Bronx, Manhattan, Staten Island, Queens",2016-01-22 02:00,2016-01-23 22:00,EST,2016-01-22 07:00,2016-01-24 03:00,44,44,FALSE,Manhattan,8.923,4.776,8.923,44.251,4.07,4.094,45,44,ok
SW0415,"January 2016 Blizzard ""Winter Storm Jonas""",Winter Weather,"High Winds, Heavy Snow, Coastal Flooding","Brooklyn, Bronx, Manhattan, Staten Island, Queens",2016-01-22 02:00,2016-01-23 22:00,EST,2016-01-22 07:00,2016-01-24 03:00,44,44,FALSE,Bronx,8.236,4.403,8.236,42.031,4.392,4.392,45,44,ok
SW0415,"January 2016 Blizzard ""Winter Storm Jonas""",Winter Weather,"High Winds, Heavy Snow, Coastal Flooding","Brooklyn, Bronx, Manhattan, Staten Island, Queens",2016-01-22 02:00,2016-01-23 22:00,EST,2016-01-22 07:00,2016-01-24 03:00,44,44,FALSE,Staten Island,9.323,4.894,9.323,49.028,3.527,3.54,45,44,ok
SW0415,"January 2016 Blizzard ""Winter Storm Jonas""",Winter Weather,"High Winds, Heavy Snow, Coastal Flooding","Brooklyn, Bronx, Manhattan, Staten Island, Queens",2016-01-22 02:00,2016-01-23 22:00,EST,2016-01-22 07:00,2016-01-24 03:00,44,44,FALSE,ALL NYC,9.96,5.388,9.968,47.124,3.947,4.207,45,44,ok
SW0416,"February 2016 Snow Event ""Winter Storm Mars""",Winter Weather,Coastal Flooding,Queens,2016-02-08 06:00,2016-02-09 11:00,EST,2016-02-08 11:00,2016-02-09 16:00,29,29,FALSE,Brooklyn,6.387,4.14,6.387,2.646,0.248,0.248,30,29,ok
SW0416,"February 2016 Snow Event ""Winter Storm Mars""",Winter Weather,Coastal Flooding,Queens,2016-02-08 06:00,2016-02-09 11:00,EST,2016-02-08 11:00,2016-02-09 16:00,29,29,FALSE,Queens,6.445,4.19,6.455,3.163,0.339,0.341,30,29,ok
SW0416,"February 2016 Snow Event ""Winter Storm Mars""",Winter Weather,Coastal Flooding,Queens,2016-02-08 06:00,2016-02-09 11:00,EST,2016-02-08 11:00,2016-02-09 16:00,29,29,FALSE,Manhattan,5.219,3.354,5.234,2.52,0.233,0.233,30,29,ok
SW0416,"February 2016 Snow Event ""Winter Storm Mars""",Winter Weather,Coastal Flooding,Queens,2016-02-08 06:00,2016-02-09 11:00,EST,2016-02-08 11:00,2016-02-09 16:00,29,29,FALSE,Bronx,4.947,3.13,4.947,2.746,0.281,0.281,30,29,ok
SW0416,"February 2016 Snow Event ""Winter Storm Mars""",Winter Weather,Coastal Flooding,Queens,2016-02-08 06:00,2016-02-09 11:00,EST,2016-02-08 11:00,2016-02-09 16:00,29,29,FALSE,Staten Island,5.406,3.526,5.406,2.001,0.14,0.145,30,29,ok
SW0416,"February 2016 Snow Event ""Winter Storm Mars""",Winter Weather,Coastal Flooding,Queens,2016-02-08 06:00,2016-02-09 11:00,EST,2016-02-08 11:00,2016-02-09 16:00,29,29,FALSE,ALL NYC,5.918,3.839,5.934,2.717,0.261,0.266,30,29,ok
SW0417,High Wind Event,Winter Weather,High Winds,"Queens, Manhattan",2016-02-16 10:57,2016-02-17 12:51,EST,2016-02-16 15:00,2016-02-17 18:00,25.9,27,FALSE,Brooklyn,11.675,5.325,11.675,14.564,5.546,5.546,28,27,ok
SW0417,High Wind Event,Winter Weather,High Winds,"Queens, Manhattan",2016-02-16 10:57,2016-02-17 12:51,EST,2016-02-16 15:00,2016-02-17 18:00,25.9,27,FALSE,Queens,11.735,5.353,11.735,18.558,6.223,6.38,28,27,ok
SW0417,High Wind Event,Winter Weather,High Winds,"Queens, Manhattan",2016-02-16 10:57,2016-02-17 12:51,EST,2016-02-16 15:00,2016-02-17 18:00,25.9,27,FALSE,Manhattan,9.908,4.541,9.908,16.929,6.02,6.02,28,27,ok
SW0417,High Wind Event,Winter Weather,High Winds,"Queens, Manhattan",2016-02-16 10:57,2016-02-17 12:51,EST,2016-02-16 15:00,2016-02-17 18:00,25.9,27,FALSE,Bronx,9.388,4.279,9.388,19.534,6.547,6.547,28,27,ok
SW0417,High Wind Event,Winter Weather,High Winds,"Queens, Manhattan",2016-02-16 10:57,2016-02-17 12:51,EST,2016-02-16 15:00,2016-02-17 18:00,25.9,27,FALSE,Staten Island,10.044,4.609,10.044,10.745,4.817,4.817,28,27,ok
SW0417,High Wind Event,Winter Weather,High Winds,"Queens, Manhattan",2016-02-16 10:57,2016-02-17 12:51,EST,2016-02-16 15:00,2016-02-17 18:00,25.9,27,FALSE,ALL NYC,10.931,4.993,10.931,16.183,5.831,5.891,28,27,ok
SW0418,High Wind Event,Winter Weather,High Winds,"Manhattan, Bronx, Brooklyn, Queens, Staten Island",2016-02-24 18:00,2016-02-25 06:00,EST,2016-02-24 23:00,2016-02-25 11:00,12,12,FALSE,Brooklyn,10.538,8.099,10.538,9.309,2.67,2.67,13,12,ok
SW0418,High Wind Event,Winter Weather,High Winds,"Manhattan, Bronx, Brooklyn, Queens, Staten Island",2016-02-24 18:00,2016-02-25 06:00,EST,2016-02-24 23:00,2016-02-25 11:00,12,12,FALSE,Queens,10.65,8.256,10.651,11.65,3.264,3.264,13,12,ok
SW0418,High Wind Event,Winter Weather,High Winds,"Manhattan, Bronx, Brooklyn, Queens, Staten Island",2016-02-24 18:00,2016-02-25 06:00,EST,2016-02-24 23:00,2016-02-25 11:00,12,12,FALSE,Manhattan,8.955,6.839,8.955,12.868,3.529,3.529,13,12,ok
SW0418,High Wind Event,Winter Weather,High Winds,"Manhattan, Bronx, Brooklyn, Queens, Staten Island",2016-02-24 18:00,2016-02-25 06:00,EST,2016-02-24 23:00,2016-02-25 11:00,12,12,FALSE,Bronx,8.521,6.502,8.521,14.165,3.877,3.877,13,12,ok
SW0418,High Wind Event,Winter Weather,High Winds,"Manhattan, Bronx, Brooklyn, Queens, Staten Island",2016-02-24 18:00,2016-02-25 06:00,EST,2016-02-24 23:00,2016-02-25 11:00,12,12,FALSE,Staten Island,9.014,6.865,9.014,7.447,2.538,2.538,13,12,ok
SW0418,High Wind Event,Winter Weather,High Winds,"Manhattan, Bronx, Brooklyn, Queens, Staten Island",2016-02-24 18:00,2016-02-25 06:00,EST,2016-02-24 23:00,2016-02-25 11:00,12,12,FALSE,ALL NYC,9.885,7.602,9.885,10.787,3.005,3.102,13,12,ok
SW0419,High Wind Event,Winter Weather,High Winds,"Queens, Brooklyn",2016-03-28 16:00,2016-03-29 05:00,EDT,2016-03-28 20:00,2016-03-29 09:00,13,13,FALSE,Brooklyn,8.94,8.034,8.945,0.003,0.002,0.002,14,13,ok
SW0419,High Wind Event,Winter Weather,High Winds,"Queens, Brooklyn",2016-03-28 16:00,2016-03-29 05:00,EDT,2016-03-28 20:00,2016-03-29 09:00,13,13,FALSE,Queens,8.741,7.781,8.742,0.003,0.002,0.002,14,13,ok
SW0419,High Wind Event,Winter Weather,High Winds,"Queens, Brooklyn",2016-03-28 16:00,2016-03-29 05:00,EDT,2016-03-28 20:00,2016-03-29 09:00,13,13,FALSE,Manhattan,7.646,6.89,7.658,0.002,0.002,0.002,14,13,ok
SW0419,High Wind Event,Winter Weather,High Winds,"Queens, Brooklyn",2016-03-28 16:00,2016-03-29 05:00,EDT,2016-03-28 20:00,2016-03-29 09:00,13,13,FALSE,Bronx,7.133,6.395,7.133,0.002,0.001,0.001,14,13,ok
SW0419,High Wind Event,Winter Weather,High Winds,"Queens, Brooklyn",2016-03-28 16:00,2016-03-29 05:00,EDT,2016-03-28 20:00,2016-03-29 09:00,13,13,FALSE,Staten Island,8.18,7.371,8.18,0.001,0.001,0.001,14,13,ok
SW0419,High Wind Event,Winter Weather,High Winds,"Queens, Brooklyn",2016-03-28 16:00,2016-03-29 05:00,EDT,2016-03-28 20:00,2016-03-29 09:00,13,13,FALSE,ALL NYC,8.338,7.498,8.373,0.002,0.002,0.002,14,13,ok
SW0420,High Wind Event,Winter Weather,High Winds,"Bronx, Queens, Staten Island",2016-04-02 06:02,2016-04-03 13:00,EDT,2016-04-02 10:00,2016-04-03 17:00,30.9667,31,FALSE,Brooklyn,11.132,5.216,11.132,13.784,2.451,2.451,32,31,ok
SW0420,High Wind Event,Winter Weather,High Winds,"Bronx, Queens, Staten Island",2016-04-02 06:02,2016-04-03 13:00,EDT,2016-04-02 10:00,2016-04-03 17:00,30.9667,31,FALSE,Queens,10.94,5.152,10.94,14.292,2.339,2.438,32,31,ok
SW0420,High Wind Event,Winter Weather,High Winds,"Bronx, Queens, Staten Island",2016-04-02 06:02,2016-04-03 13:00,EDT,2016-04-02 10:00,2016-04-03 17:00,30.9667,31,FALSE,Manhattan,9.713,4.337,9.716,12.667,2.238,2.238,32,31,ok
SW0420,High Wind Event,Winter Weather,High Winds,"Bronx, Queens, Staten Island",2016-04-02 06:02,2016-04-03 13:00,EDT,2016-04-02 10:00,2016-04-03 17:00,30.9667,31,FALSE,Bronx,9.2,4.011,9.225,12.754,2.139,2.139,32,31,ok
SW0420,High Wind Event,Winter Weather,High Winds,"Bronx, Queens, Staten Island",2016-04-02 06:02,2016-04-03 13:00,EDT,2016-04-02 10:00,2016-04-03 17:00,30.9667,31,FALSE,Staten Island,10.125,4.689,10.125,12.476,2.471,2.471,32,31,ok
SW0420,High Wind Event,Winter Weather,High Winds,"Bronx, Queens, Staten Island",2016-04-02 06:02,2016-04-03 13:00,EDT,2016-04-02 10:00,2016-04-03 17:00,30.9667,31,FALSE,ALL NYC,10.49,4.856,10.494,13.488,2.352,2.39,32,31,ok
SW0421,"Heavy Rain, High Wind Event",Thunderstorms,Flash Flooding,Bronx,2016-06-05 14:00,2016-06-05 18:00,EDT,2016-06-05 18:00,2016-06-05 22:00,4,4,FALSE,Brooklyn,5.248,4.605,5.248,1.917,1.597,1.597,5,4,ok
SW0421,"Heavy Rain, High Wind Event",Thunderstorms,Flash Flooding,Bronx,2016-06-05 14:00,2016-06-05 18:00,EDT,2016-06-05 18:00,2016-06-05 22:00,4,4,FALSE,Queens,5.114,4.735,5.158,1.484,1.039,1.039,5,4,ok
SW0421,"Heavy Rain, High Wind Event",Thunderstorms,Flash Flooding,Bronx,2016-06-05 14:00,2016-06-05 18:00,EDT,2016-06-05 18:00,2016-06-05 22:00,4,4,FALSE,Manhattan,4.441,3.861,4.482,1.83,1.091,1.091,5,4,ok
SW0421,"Heavy Rain, High Wind Event",Thunderstorms,Flash Flooding,Bronx,2016-06-05 14:00,2016-06-05 18:00,EDT,2016-06-05 18:00,2016-06-05 22:00,4,4,FALSE,Bronx,4.32,3.701,4.32,1.739,0.907,0.907,5,4,ok
SW0421,"Heavy Rain, High Wind Event",Thunderstorms,Flash Flooding,Bronx,2016-06-05 14:00,2016-06-05 18:00,EDT,2016-06-05 18:00,2016-06-05 22:00,4,4,FALSE,Staten Island,4.816,3.799,4.816,3.129,2.865,2.865,5,4,ok
SW0421,"Heavy Rain, High Wind Event",Thunderstorms,Flash Flooding,Bronx,2016-06-05 14:00,2016-06-05 18:00,EDT,2016-06-05 18:00,2016-06-05 22:00,4,4,FALSE,ALL NYC,4.869,4.315,4.942,1.953,1.492,1.492,5,4,ok
SW0422,"High Wind Event, Extreme Heat Event","Thunderstorms, Extreme Heat","Extreme Heat, High Winds",Queens,2016-07-14 13:00,2016-07-18 20:42,EDT,2016-07-14 17:00,2016-07-19 01:00,103.7,104,FALSE,Brooklyn,5.443,2.892,5.475,10.627,2.257,2.257,105,104,ok
SW0422,"High Wind Event, Extreme Heat Event","Thunderstorms, Extreme Heat","Extreme Heat, High Winds",Queens,2016-07-14 13:00,2016-07-18 20:42,EDT,2016-07-14 17:00,2016-07-19 01:00,103.7,104,FALSE,Queens,5.446,2.854,5.446,9.898,1.667,1.966,105,104,ok
SW0422,"High Wind Event, Extreme Heat Event","Thunderstorms, Extreme Heat","Extreme Heat, High Winds",Queens,2016-07-14 13:00,2016-07-18 20:42,EDT,2016-07-14 17:00,2016-07-19 01:00,103.7,104,FALSE,Manhattan,4.835,2.392,4.835,10.908,2.252,2.284,105,104,ok
SW0422,"High Wind Event, Extreme Heat Event","Thunderstorms, Extreme Heat","Extreme Heat, High Winds",Queens,2016-07-14 13:00,2016-07-18 20:42,EDT,2016-07-14 17:00,2016-07-19 01:00,103.7,104,FALSE,Bronx,4.631,2.258,4.631,10.84,2.149,2.204,105,104,ok
SW0422,"High Wind Event, Extreme Heat Event","Thunderstorms, Extreme Heat","Extreme Heat, High Winds",Queens,2016-07-14 13:00,2016-07-18 20:42,EDT,2016-07-14 17:00,2016-07-19 01:00,103.7,104,FALSE,Staten Island,5.095,2.631,5.114,11.434,3.512,3.512,105,104,ok
SW0422,"High Wind Event, Extreme Heat Event","Thunderstorms, Extreme Heat","Extreme Heat, High Winds",Queens,2016-07-14 13:00,2016-07-18 20:42,EDT,2016-07-14 17:00,2016-07-19 01:00,103.7,104,FALSE,ALL NYC,5.192,2.7,5.228,10.562,2.064,2.381,105,104,ok
SW0424,"Heavy Rain, High Wind Event, Extreme Heat Event","Extreme Heat, Thunderstorms","High Winds, Extreme Heat, Flash Flooding","Queens, Brooklyn",2016-07-21 16:57,2016-07-30 17:52,EDT,2016-07-21 20:00,2016-07-30 22:00,216.917,218,FALSE,Brooklyn,6.083,3.117,6.1,49.334,4.867,5.144,219,218,ok
SW0424,"Heavy Rain, High Wind Event, Extreme Heat Event","Extreme Heat, Thunderstorms","High Winds, Extreme Heat, Flash Flooding","Queens, Brooklyn",2016-07-21 16:57,2016-07-30 17:52,EDT,2016-07-21 20:00,2016-07-30 22:00,216.917,218,FALSE,Queens,6.314,3.168,6.346,40.6,5.294,5.319,219,218,ok
SW0424,"Heavy Rain, High Wind Event, Extreme Heat Event","Extreme Heat, Thunderstorms","High Winds, Extreme Heat, Flash Flooding","Queens, Brooklyn",2016-07-21 16:57,2016-07-30 17:52,EDT,2016-07-21 20:00,2016-07-30 22:00,216.917,218,FALSE,Manhattan,5.132,2.668,5.132,45.832,4.855,4.869,219,218,ok
SW0424,"Heavy Rain, High Wind Event, Extreme Heat Event","Extreme Heat, Thunderstorms","High Winds, Extreme Heat, Flash Flooding","Queens, Brooklyn",2016-07-21 16:57,2016-07-30 17:52,EDT,2016-07-21 20:00,2016-07-30 22:00,216.917,218,FALSE,Bronx,4.961,2.579,4.999,41.057,5.108,5.22,219,218,ok
SW0424,"Heavy Rain, High Wind Event, Extreme Heat Event","Extreme Heat, Thunderstorms","High Winds, Extreme Heat, Flash Flooding","Queens, Brooklyn",2016-07-21 16:57,2016-07-30 17:52,EDT,2016-07-21 20:00,2016-07-30 22:00,216.917,218,FALSE,Staten Island,5.284,2.711,5.299,64.553,9.203,9.203,219,218,ok
SW0424,"Heavy Rain, High Wind Event, Extreme Heat Event","Extreme Heat, Thunderstorms","High Winds, Extreme Heat, Flash Flooding","Queens, Brooklyn",2016-07-21 16:57,2016-07-30 17:52,EDT,2016-07-21 20:00,2016-07-30 22:00,216.917,218,FALSE,ALL NYC,5.554,2.948,5.808,47.574,4.955,5.956,219,218,ok
SW0425,"Extreme Heat, High Wind Event",Extreme Heat,Extreme Heat,"Brooklyn, Bronx, Manhattan, Queens, Staten Island",2016-08-06 15:52,2016-08-14 23:52,EDT,2016-08-06 19:00,2016-08-15 04:00,200,201,FALSE,Brooklyn,5.203,3.135,5.203,20.148,2.445,2.579,202,201,ok
SW0425,"Extreme Heat, High Wind Event",Extreme Heat,Extreme Heat,"Brooklyn, Bronx, Manhattan, Queens, Staten Island",2016-08-06 15:52,2016-08-14 23:52,EDT,2016-08-06 19:00,2016-08-15 04:00,200,201,FALSE,Queens,5.189,3.116,5.22,20.485,2.527,2.741,202,201,ok
SW0425,"Extreme Heat, High Wind Event",Extreme Heat,Extreme Heat,"Brooklyn, Bronx, Manhattan, Queens, Staten Island",2016-08-06 15:52,2016-08-14 23:52,EDT,2016-08-06 19:00,2016-08-15 04:00,200,201,FALSE,Manhattan,4.562,2.665,4.562,26.245,4.648,4.648,202,201,ok
SW0425,"Extreme Heat, High Wind Event",Extreme Heat,Extreme Heat,"Brooklyn, Bronx, Manhattan, Queens, Staten Island",2016-08-06 15:52,2016-08-14 23:52,EDT,2016-08-06 19:00,2016-08-15 04:00,200,201,FALSE,Bronx,4.364,2.515,4.364,28.386,5.127,5.127,202,201,ok
SW0425,"Extreme Heat, High Wind Event",Extreme Heat,Extreme Heat,"Brooklyn, Bronx, Manhattan, Queens, Staten Island",2016-08-06 15:52,2016-08-14 23:52,EDT,2016-08-06 19:00,2016-08-15 04:00,200,201,FALSE,Staten Island,4.695,2.785,4.695,25.065,3.762,3.762,202,201,ok
SW0425,"Extreme Heat, High Wind Event",Extreme Heat,Extreme Heat,"Brooklyn, Bronx, Manhattan, Queens, Staten Island",2016-08-06 15:52,2016-08-14 23:52,EDT,2016-08-06 19:00,2016-08-15 04:00,200,201,FALSE,ALL NYC,4.935,2.939,4.946,22.828,2.401,3.384,202,201,ok
SW0426,High Wind Event,Thunderstorms,High Winds,Queens,2016-11-20 02:54,2016-11-22 10:00,EST,2016-11-20 07:00,2016-11-22 15:00,55.1,56,FALSE,Brooklyn,10.165,7.523,10.165,3.02,1.313,1.313,57,56,ok
SW0426,High Wind Event,Thunderstorms,High Winds,Queens,2016-11-20 02:54,2016-11-22 10:00,EST,2016-11-20 07:00,2016-11-22 15:00,55.1,56,FALSE,Queens,10.331,7.597,10.331,4.089,1.757,1.757,57,56,ok
SW0426,High Wind Event,Thunderstorms,High Winds,Queens,2016-11-20 02:54,2016-11-22 10:00,EST,2016-11-20 07:00,2016-11-22 15:00,55.1,56,FALSE,Manhattan,9.218,6.43,9.218,4.126,1.762,1.762,57,56,ok
SW0426,High Wind Event,Thunderstorms,High Winds,Queens,2016-11-20 02:54,2016-11-22 10:00,EST,2016-11-20 07:00,2016-11-22 15:00,55.1,56,FALSE,Bronx,8.841,6.043,8.841,5.035,2.096,2.096,57,56,ok
SW0426,High Wind Event,Thunderstorms,High Winds,Queens,2016-11-20 02:54,2016-11-22 10:00,EST,2016-11-20 07:00,2016-11-22 15:00,55.1,56,FALSE,Staten Island,8.82,6.474,8.82,2.367,0.913,0.913,57,56,ok
SW0426,High Wind Event,Thunderstorms,High Winds,Queens,2016-11-20 02:54,2016-11-22 10:00,EST,2016-11-20 07:00,2016-11-22 15:00,55.1,56,FALSE,ALL NYC,9.715,7.061,9.715,3.655,1.545,1.545,57,56,ok
SW0428,"High Wind, Extreme Cold Event",Winter Weather,"High Winds, Extreme Cold",Queens,2016-12-15 10:51,2016-12-15 13:00,EST,2016-12-15 15:00,2016-12-15 18:00,2.15,3,FALSE,Brooklyn,9.539,9.249,9.539,0.034,0.019,0.019,4,3,ok
SW0428,"High Wind, Extreme Cold Event",Winter Weather,"High Winds, Extreme Cold",Queens,2016-12-15 10:51,2016-12-15 13:00,EST,2016-12-15 15:00,2016-12-15 18:00,2.15,3,FALSE,Queens,9.515,9.252,9.517,0.044,0.02,0.02,4,3,ok
SW0428,"High Wind, Extreme Cold Event",Winter Weather,"High Winds, Extreme Cold",Queens,2016-12-15 10:51,2016-12-15 13:00,EST,2016-12-15 15:00,2016-12-15 18:00,2.15,3,FALSE,Manhattan,8.314,8.023,8.314,0.024,0.012,0.012,4,3,ok
SW0428,"High Wind, Extreme Cold Event",Winter Weather,"High Winds, Extreme Cold",Queens,2016-12-15 10:51,2016-12-15 13:00,EST,2016-12-15 15:00,2016-12-15 18:00,2.15,3,FALSE,Bronx,7.89,7.618,7.89,0.024,0.011,0.011,4,3,ok
SW0428,"High Wind, Extreme Cold Event",Winter Weather,"High Winds, Extreme Cold",Queens,2016-12-15 10:51,2016-12-15 13:00,EST,2016-12-15 15:00,2016-12-15 18:00,2.15,3,FALSE,Staten Island,8.482,8.184,8.482,0.035,0.022,0.022,4,3,ok
SW0428,"High Wind, Extreme Cold Event",Winter Weather,"High Winds, Extreme Cold",Queens,2016-12-15 10:51,2016-12-15 13:00,EST,2016-12-15 15:00,2016-12-15 18:00,2.15,3,FALSE,ALL NYC,9.005,8.725,9.005,0.036,0.018,0.018,4,3,ok
SW0429,"Winter Storm Event ""Winter Storm Helena""",Winter Weather,Heavy Snow,"Queens, Staten Island, Manhattan, Bronx, Brooklyn",2017-01-07 11:00,2017-01-07 20:00,EST,2017-01-07 16:00,2017-01-08 01:00,9,9,FALSE,Brooklyn,6.162,5.224,6.162,6.147,1.072,1.072,10,9,ok
SW0429,"Winter Storm Event ""Winter Storm Helena""",Winter Weather,Heavy Snow,"Queens, Staten Island, Manhattan, Bronx, Brooklyn",2017-01-07 11:00,2017-01-07 20:00,EST,2017-01-07 16:00,2017-01-08 01:00,9,9,FALSE,Queens,6.158,5.309,6.158,6.613,1.08,1.08,10,9,ok
SW0429,"Winter Storm Event ""Winter Storm Helena""",Winter Weather,Heavy Snow,"Queens, Staten Island, Manhattan, Bronx, Brooklyn",2017-01-07 11:00,2017-01-07 20:00,EST,2017-01-07 16:00,2017-01-08 01:00,9,9,FALSE,Manhattan,5.174,4.4,5.179,5.681,0.98,0.98,10,9,ok
SW0429,"Winter Storm Event ""Winter Storm Helena""",Winter Weather,Heavy Snow,"Queens, Staten Island, Manhattan, Bronx, Brooklyn",2017-01-07 11:00,2017-01-07 20:00,EST,2017-01-07 16:00,2017-01-08 01:00,9,9,FALSE,Bronx,4.871,4.147,4.903,5.87,0.974,0.974,10,9,ok
SW0429,"Winter Storm Event ""Winter Storm Helena""",Winter Weather,Heavy Snow,"Queens, Staten Island, Manhattan, Bronx, Brooklyn",2017-01-07 11:00,2017-01-07 20:00,EST,2017-01-07 16:00,2017-01-08 01:00,9,9,FALSE,Staten Island,5.345,4.387,5.345,5.364,1.04,1.04,10,9,ok
SW0429,"Winter Storm Event ""Winter Storm Helena""",Winter Weather,Heavy Snow,"Queens, Staten Island, Manhattan, Bronx, Brooklyn",2017-01-07 11:00,2017-01-07 20:00,EST,2017-01-07 16:00,2017-01-08 01:00,9,9,FALSE,ALL NYC,5.747,4.883,5.753,6.093,1.048,1.048,10,9,ok
SW0430,"Winter Storm Event ""Winter Storm Niko""",Winter Weather,"Heavy Snow, High Winds","Brooklyn, Bronx, Manhattan, Staten Island, Queens",2017-02-09 07:00,2017-02-09 13:00,EST,2017-02-09 12:00,2017-02-09 18:00,6,6,FALSE,Brooklyn,9.442,8.008,9.442,19.624,4.339,4.36,7,6,ok
SW0430,"Winter Storm Event ""Winter Storm Niko""",Winter Weather,"Heavy Snow, High Winds","Brooklyn, Bronx, Manhattan, Staten Island, Queens",2017-02-09 07:00,2017-02-09 13:00,EST,2017-02-09 12:00,2017-02-09 18:00,6,6,FALSE,Queens,9.488,8.099,9.488,21.404,4.66,4.661,7,6,ok
SW0430,"Winter Storm Event ""Winter Storm Niko""",Winter Weather,"Heavy Snow, High Winds","Brooklyn, Bronx, Manhattan, Staten Island, Queens",2017-02-09 07:00,2017-02-09 13:00,EST,2017-02-09 12:00,2017-02-09 18:00,6,6,FALSE,Manhattan,7.753,6.741,7.753,19.617,4.375,4.405,7,6,ok
SW0430,"Winter Storm Event ""Winter Storm Niko""",Winter Weather,"Heavy Snow, High Winds","Brooklyn, Bronx, Manhattan, Staten Island, Queens",2017-02-09 07:00,2017-02-09 13:00,EST,2017-02-09 12:00,2017-02-09 18:00,6,6,FALSE,Bronx,7.253,6.267,7.253,20.62,4.511,4.511,7,6,ok
SW0430,"Winter Storm Event ""Winter Storm Niko""",Winter Weather,"Heavy Snow, High Winds","Brooklyn, Bronx, Manhattan, Staten Island, Queens",2017-02-09 07:00,2017-02-09 13:00,EST,2017-02-09 12:00,2017-02-09 18:00,6,6,FALSE,Staten Island,7.876,6.655,7.876,17.084,4.196,4.196,7,6,ok
SW0430,"Winter Storm Event ""Winter Storm Niko""",Winter Weather,"Heavy Snow, High Winds","Brooklyn, Bronx, Manhattan, Staten Island, Queens",2017-02-09 07:00,2017-02-09 13:00,EST,2017-02-09 12:00,2017-02-09 18:00,6,6,FALSE,ALL NYC,8.725,7.445,8.725,19.931,4.383,4.464,7,6,ok
SW0431,"March 2017 Nor'easter ""Winter Storm Stella""",Winter Weather,"High Winds, Heavy Snow, Coastal Flooding","Queens, Staten Island, Manhattan, Bronx, Brooklyn",2017-03-14 02:00,2017-03-15 20:00,EDT,2017-03-14 06:00,2017-03-16 00:00,42,42,FALSE,Brooklyn,11.477,7.69,11.477,47.701,6.105,6.105,43,42,ok
SW0431,"March 2017 Nor'easter ""Winter Storm Stella""",Winter Weather,"High Winds, Heavy Snow, Coastal Flooding","Queens, Staten Island, Manhattan, Bronx, Brooklyn",2017-03-14 02:00,2017-03-15 20:00,EDT,2017-03-14 06:00,2017-03-16 00:00,42,42,FALSE,Queens,12.374,7.72,12.374,47.952,5.967,5.967,43,42,ok
SW0431,"March 2017 Nor'easter ""Winter Storm Stella""",Winter Weather,"High Winds, Heavy Snow, Coastal Flooding","Queens, Staten Island, Manhattan, Bronx, Brooklyn",2017-03-14 02:00,2017-03-15 20:00,EDT,2017-03-14 06:00,2017-03-16 00:00,42,42,FALSE,Manhattan,10.276,6.393,10.276,48.645,5.982,6.043,43,42,ok
SW0431,"March 2017 Nor'easter ""Winter Storm Stella""",Winter Weather,"High Winds, Heavy Snow, Coastal Flooding","Queens, Staten Island, Manhattan, Bronx, Brooklyn",2017-03-14 02:00,2017-03-15 20:00,EDT,2017-03-14 06:00,2017-03-16 00:00,42,42,FALSE,Bronx,10.247,5.926,10.247,49.258,6.101,6.117,43,42,ok
SW0431,"March 2017 Nor'easter ""Winter Storm Stella""",Winter Weather,"High Winds, Heavy Snow, Coastal Flooding","Queens, Staten Island, Manhattan, Bronx, Brooklyn",2017-03-14 02:00,2017-03-15 20:00,EDT,2017-03-14 06:00,2017-03-16 00:00,42,42,FALSE,Staten Island,9.24,6.479,9.24,48.951,6.224,6.224,43,42,ok
SW0431,"March 2017 Nor'easter ""Winter Storm Stella""",Winter Weather,"High Winds, Heavy Snow, Coastal Flooding","Queens, Staten Island, Manhattan, Bronx, Brooklyn",2017-03-14 02:00,2017-03-15 20:00,EDT,2017-03-14 06:00,2017-03-16 00:00,42,42,FALSE,ALL NYC,11.05,7.125,11.118,48.317,6.037,6.071,43,42,ok
SW0432,Heavy Rain Event,Thunderstorms,Flash Flooding,"Brooklyn, Bronx, Manhattan, Staten Island, Queens",2017-05-05 09:00,2017-05-05 16:00,EDT,2017-05-05 13:00,2017-05-05 20:00,7,7,FALSE,Brooklyn,6.569,5.85,6.572,23.258,5.356,5.379,8,7,ok
SW0432,Heavy Rain Event,Thunderstorms,Flash Flooding,"Brooklyn, Bronx, Manhattan, Staten Island, Queens",2017-05-05 09:00,2017-05-05 16:00,EDT,2017-05-05 13:00,2017-05-05 20:00,7,7,FALSE,Queens,6.811,5.951,6.812,24.522,5.628,5.628,8,7,ok
SW0432,Heavy Rain Event,Thunderstorms,Flash Flooding,"Brooklyn, Bronx, Manhattan, Staten Island, Queens",2017-05-05 09:00,2017-05-05 16:00,EDT,2017-05-05 13:00,2017-05-05 20:00,7,7,FALSE,Manhattan,5.483,4.713,5.488,26.046,6.161,6.161,8,7,ok
SW0432,Heavy Rain Event,Thunderstorms,Flash Flooding,"Brooklyn, Bronx, Manhattan, Staten Island, Queens",2017-05-05 09:00,2017-05-05 16:00,EDT,2017-05-05 13:00,2017-05-05 20:00,7,7,FALSE,Bronx,5.248,4.466,5.248,27.278,6.266,6.266,8,7,ok
SW0432,Heavy Rain Event,Thunderstorms,Flash Flooding,"Brooklyn, Bronx, Manhattan, Staten Island, Queens",2017-05-05 09:00,2017-05-05 16:00,EDT,2017-05-05 13:00,2017-05-05 20:00,7,7,FALSE,Staten Island,5.346,4.746,5.346,23.448,5.607,5.607,8,7,ok
SW0432,Heavy Rain Event,Thunderstorms,Flash Flooding,"Brooklyn, Bronx, Manhattan, Staten Island, Queens",2017-05-05 09:00,2017-05-05 16:00,EDT,2017-05-05 13:00,2017-05-05 20:00,7,7,FALSE,ALL NYC,6.111,5.395,6.158,24.54,5.639,5.703,8,7,ok
SW0526,"January 4 Blizzard ""Winter Storm Grayson""",Winter Weather,"High Winds, Heavy Snow, Coastal Flooding","Bronx, Manhattan, Queens, Staten Island",2018-01-04 03:00,2018-01-04 18:30,EST,2018-01-04 08:00,2018-01-05 00:00,15.5,16,FALSE,Brooklyn,11.127,9.212,11.127,23.343,3.35,3.357,17,16,ok
SW0526,"January 4 Blizzard ""Winter Storm Grayson""",Winter Weather,"High Winds, Heavy Snow, Coastal Flooding","Bronx, Manhattan, Queens, Staten Island",2018-01-04 03:00,2018-01-04 18:30,EST,2018-01-04 08:00,2018-01-05 00:00,15.5,16,FALSE,Queens,11.533,9.377,11.533,23.696,3.392,3.395,17,16,ok
SW0526,"January 4 Blizzard ""Winter Storm Grayson""",Winter Weather,"High Winds, Heavy Snow, Coastal Flooding","Bronx, Manhattan, Queens, Staten Island",2018-01-04 03:00,2018-01-04 18:30,EST,2018-01-04 08:00,2018-01-05 00:00,15.5,16,FALSE,Manhattan,9.581,7.909,9.581,21.93,3.122,3.122,17,16,ok
SW0526,"January 4 Blizzard ""Winter Storm Grayson""",Winter Weather,"High Winds, Heavy Snow, Coastal Flooding","Bronx, Manhattan, Queens, Staten Island",2018-01-04 03:00,2018-01-04 18:30,EST,2018-01-04 08:00,2018-01-05 00:00,15.5,16,FALSE,Bronx,9.132,7.448,9.132,21.983,3.08,3.089,17,16,ok
SW0526,"January 4 Blizzard ""Winter Storm Grayson""",Winter Weather,"High Winds, Heavy Snow, Coastal Flooding","Bronx, Manhattan, Queens, Staten Island",2018-01-04 03:00,2018-01-04 18:30,EST,2018-01-04 08:00,2018-01-05 00:00,15.5,16,FALSE,Staten Island,8.759,7.612,8.843,22.345,3.26,3.26,17,16,ok
SW0526,"January 4 Blizzard ""Winter Storm Grayson""",Winter Weather,"High Winds, Heavy Snow, Coastal Flooding","Bronx, Manhattan, Queens, Staten Island",2018-01-04 03:00,2018-01-04 18:30,EST,2018-01-04 08:00,2018-01-05 00:00,15.5,16,FALSE,ALL NYC,10.431,8.624,10.447,22.977,3.264,3.296,17,16,ok
SW0527,Flooding Event,Thunderstorms,"Coastal Flooding, Flash Flooding",Queens,2018-01-30 06:30,2018-01-30 07:30,EST,2018-01-30 11:00,2018-01-30 13:00,1,2,FALSE,Brooklyn,2.369,2.193,2.369,0.137,0.086,0.086,3,2,ok
SW0527,Flooding Event,Thunderstorms,"Coastal Flooding, Flash Flooding",Queens,2018-01-30 06:30,2018-01-30 07:30,EST,2018-01-30 11:00,2018-01-30 13:00,1,2,FALSE,Queens,2.567,2.343,2.567,0.176,0.11,0.11,3,2,ok
SW0527,Flooding Event,Thunderstorms,"Coastal Flooding, Flash Flooding",Queens,2018-01-30 06:30,2018-01-30 07:30,EST,2018-01-30 11:00,2018-01-30 13:00,1,2,FALSE,Manhattan,1.935,1.788,1.935,0.125,0.078,0.078,3,2,ok
SW0527,Flooding Event,Thunderstorms,"Coastal Flooding, Flash Flooding",Queens,2018-01-30 06:30,2018-01-30 07:30,EST,2018-01-30 11:00,2018-01-30 13:00,1,2,FALSE,Bronx,1.83,1.666,1.83,0.142,0.089,0.089,3,2,ok
SW0527,Flooding Event,Thunderstorms,"Coastal Flooding, Flash Flooding",Queens,2018-01-30 06:30,2018-01-30 07:30,EST,2018-01-30 11:00,2018-01-30 13:00,1,2,FALSE,Staten Island,1.699,1.61,1.701,0.088,0.055,0.055,3,2,ok
SW0527,Flooding Event,Thunderstorms,"Coastal Flooding, Flash Flooding",Queens,2018-01-30 06:30,2018-01-30 07:30,EST,2018-01-30 11:00,2018-01-30 13:00,1,2,FALSE,ALL NYC,2.207,2.034,2.207,0.142,0.089,0.089,3,2,ok
SW0528,Freezing Rain Event,Winter Weather,Freezing Precipitation,Manhattan,2018-02-07 08:00,2018-02-07 19:00,EST,2018-02-07 13:00,2018-02-08 00:00,11,11,FALSE,Brooklyn,7.24,4.228,7.24,15.782,2.698,2.698,12,11,ok
SW0528,Freezing Rain Event,Winter Weather,Freezing Precipitation,Manhattan,2018-02-07 08:00,2018-02-07 19:00,EST,2018-02-07 13:00,2018-02-08 00:00,11,11,FALSE,Queens,7.322,4.287,7.379,16.05,2.765,2.815,12,11,ok
SW0528,Freezing Rain Event,Winter Weather,Freezing Precipitation,Manhattan,2018-02-07 08:00,2018-02-07 19:00,EST,2018-02-07 13:00,2018-02-08 00:00,11,11,FALSE,Manhattan,5.354,3.382,5.373,15.842,2.709,2.709,12,11,ok
SW0528,Freezing Rain Event,Winter Weather,Freezing Precipitation,Manhattan,2018-02-07 08:00,2018-02-07 19:00,EST,2018-02-07 13:00,2018-02-08 00:00,11,11,FALSE,Bronx,5.047,3.164,5.047,15.962,2.752,2.752,12,11,ok
SW0528,Freezing Rain Event,Winter Weather,Freezing Precipitation,Manhattan,2018-02-07 08:00,2018-02-07 19:00,EST,2018-02-07 13:00,2018-02-08 00:00,11,11,FALSE,Staten Island,5.719,3.504,5.806,15.455,2.598,2.598,12,11,ok
SW0528,Freezing Rain Event,Winter Weather,Freezing Precipitation,Manhattan,2018-02-07 08:00,2018-02-07 19:00,EST,2018-02-07 13:00,2018-02-08 00:00,11,11,FALSE,ALL NYC,6.406,3.897,6.564,15.849,2.712,2.731,12,11,ok
SW0529,Heavy Snow Event,Winter Weather,Heavy Snow,"Manhattan, Bronx, Queens",2018-02-17 17:00,2018-02-18 00:30,EST,2018-02-17 22:00,2018-02-18 06:00,7.5,8,FALSE,Brooklyn,3.487,2.008,3.487,15.34,3.077,3.085,9,8,ok
SW0529,Heavy Snow Event,Winter Weather,Heavy Snow,"Manhattan, Bronx, Queens",2018-02-17 17:00,2018-02-18 00:30,EST,2018-02-17 22:00,2018-02-18 06:00,7.5,8,FALSE,Queens,3.385,2.036,3.385,15.196,2.993,2.994,9,8,ok
SW0529,Heavy Snow Event,Winter Weather,Heavy Snow,"Manhattan, Bronx, Queens",2018-02-17 17:00,2018-02-18 00:30,EST,2018-02-17 22:00,2018-02-18 06:00,7.5,8,FALSE,Manhattan,2.858,1.685,2.858,14.936,2.81,2.821,9,8,ok
SW0529,Heavy Snow Event,Winter Weather,Heavy Snow,"Manhattan, Bronx, Queens",2018-02-17 17:00,2018-02-18 00:30,EST,2018-02-17 22:00,2018-02-18 06:00,7.5,8,FALSE,Bronx,2.605,1.586,2.605,14.812,2.737,2.737,9,8,ok
SW0529,Heavy Snow Event,Winter Weather,Heavy Snow,"Manhattan, Bronx, Queens",2018-02-17 17:00,2018-02-18 00:30,EST,2018-02-17 22:00,2018-02-18 06:00,7.5,8,FALSE,Staten Island,3.061,1.68,3.061,15.446,3.215,3.215,9,8,ok
SW0529,Heavy Snow Event,Winter Weather,Heavy Snow,"Manhattan, Bronx, Queens",2018-02-17 17:00,2018-02-18 00:30,EST,2018-02-17 22:00,2018-02-18 06:00,7.5,8,FALSE,ALL NYC,3.197,1.872,3.197,15.201,2.958,3.006,9,8,ok
SW0530,"March 2-5 Nor'Easter ""Winter Storm Riley""",Winter Weather,"High Winds, Coastal Flooding","Queens, Staten Island, Bronx, Manhattan",2018-03-02 07:00,2018-03-03 23:00,EST,2018-03-02 12:00,2018-03-04 04:00,40,40,FALSE,Brooklyn,11.866,8.401,11.866,29.168,3.763,3.763,41,40,ok
SW0530,"March 2-5 Nor'Easter ""Winter Storm Riley""",Winter Weather,"High Winds, Coastal Flooding","Queens, Staten Island, Bronx, Manhattan",2018-03-02 07:00,2018-03-03 23:00,EST,2018-03-02 12:00,2018-03-04 04:00,40,40,FALSE,Queens,11.914,8.547,11.992,29.75,3.586,3.588,41,40,ok
SW0530,"March 2-5 Nor'Easter ""Winter Storm Riley""",Winter Weather,"High Winds, Coastal Flooding","Queens, Staten Island, Bronx, Manhattan",2018-03-02 07:00,2018-03-03 23:00,EST,2018-03-02 12:00,2018-03-04 04:00,40,40,FALSE,Manhattan,10.53,7.483,10.652,29.229,3.673,3.673,41,40,ok
SW0530,"March 2-5 Nor'Easter ""Winter Storm Riley""",Winter Weather,"High Winds, Coastal Flooding","Queens, Staten Island, Bronx, Manhattan",2018-03-02 07:00,2018-03-03 23:00,EST,2018-03-02 12:00,2018-03-04 04:00,40,40,FALSE,Bronx,10.67,7.248,10.67,29.333,3.574,3.574,41,40,ok
SW0530,"March 2-5 Nor'Easter ""Winter Storm Riley""",Winter Weather,"High Winds, Coastal Flooding","Queens, Staten Island, Bronx, Manhattan",2018-03-02 07:00,2018-03-03 23:00,EST,2018-03-02 12:00,2018-03-04 04:00,40,40,FALSE,Staten Island,10.882,7.324,10.882,28.608,3.978,3.978,41,40,ok
SW0530,"March 2-5 Nor'Easter ""Winter Storm Riley""",Winter Weather,"High Winds, Coastal Flooding","Queens, Staten Island, Bronx, Manhattan",2018-03-02 07:00,2018-03-03 23:00,EST,2018-03-02 12:00,2018-03-04 04:00,40,40,FALSE,ALL NYC,11.292,8.018,11.458,29.306,3.705,3.706,41,40,ok
SW0531,"March 7-8 Nor'Easter ""Winter Storm Quinn""",Winter Weather,"Coastal Flooding, High Winds","Manhattan, Bronx, Staten Island, Queens",2018-03-07 02:00,2018-03-07 22:00,EST,2018-03-07 07:00,2018-03-08 03:00,20,20,FALSE,Brooklyn,10.14,6.68,10.14,33.137,3.535,3.535,21,20,ok
SW0531,"March 7-8 Nor'Easter ""Winter Storm Quinn""",Winter Weather,"Coastal Flooding, High Winds","Manhattan, Bronx, Staten Island, Queens",2018-03-07 02:00,2018-03-07 22:00,EST,2018-03-07 07:00,2018-03-08 03:00,20,20,FALSE,Queens,9.947,6.81,9.981,33.039,3.524,3.524,21,20,ok
SW0531,"March 7-8 Nor'Easter ""Winter Storm Quinn""",Winter Weather,"Coastal Flooding, High Winds","Manhattan, Bronx, Staten Island, Queens",2018-03-07 02:00,2018-03-07 22:00,EST,2018-03-07 07:00,2018-03-08 03:00,20,20,FALSE,Manhattan,8.304,5.544,8.366,32.165,3.541,3.541,21,20,ok
SW0531,"March 7-8 Nor'Easter ""Winter Storm Quinn""",Winter Weather,"Coastal Flooding, High Winds","Manhattan, Bronx, Staten Island, Queens",2018-03-07 02:00,2018-03-07 22:00,EST,2018-03-07 07:00,2018-03-08 03:00,20,20,FALSE,Bronx,7.903,5.217,7.903,31.867,3.568,3.568,21,20,ok
SW0531,"March 7-8 Nor'Easter ""Winter Storm Quinn""",Winter Weather,"Coastal Flooding, High Winds","Manhattan, Bronx, Staten Island, Queens",2018-03-07 02:00,2018-03-07 22:00,EST,2018-03-07 07:00,2018-03-08 03:00,20,20,FALSE,Staten Island,8.922,5.562,8.922,33.127,3.622,3.622,21,20,ok
SW0531,"March 7-8 Nor'Easter ""Winter Storm Quinn""",Winter Weather,"Coastal Flooding, High Winds","Manhattan, Bronx, Staten Island, Queens",2018-03-07 02:00,2018-03-07 22:00,EST,2018-03-07 07:00,2018-03-08 03:00,20,20,FALSE,ALL NYC,9.301,6.223,9.398,32.844,3.552,3.552,21,20,ok
SW0532,"March 13-15 Nor'Easter "" Winter Storm Skylar""",Winter Weather,High Winds,"Queens, Staten Island, Bronx, Manhattan",2018-03-13 00:00,2018-03-13 13:30,EDT,2018-03-13 04:00,2018-03-13 18:00,13.5,14,FALSE,Brooklyn,7.36,6.071,7.36,10.57,1.309,1.311,15,14,ok
SW0532,"March 13-15 Nor'Easter "" Winter Storm Skylar""",Winter Weather,High Winds,"Queens, Staten Island, Bronx, Manhattan",2018-03-13 00:00,2018-03-13 13:30,EDT,2018-03-13 04:00,2018-03-13 18:00,13.5,14,FALSE,Queens,7.188,6.259,7.249,11.394,1.399,1.399,15,14,ok
SW0532,"March 13-15 Nor'Easter "" Winter Storm Skylar""",Winter Weather,High Winds,"Queens, Staten Island, Bronx, Manhattan",2018-03-13 00:00,2018-03-13 13:30,EDT,2018-03-13 04:00,2018-03-13 18:00,13.5,14,FALSE,Manhattan,6.386,5.161,6.39,10.15,1.257,1.261,15,14,ok
SW0532,"March 13-15 Nor'Easter "" Winter Storm Skylar""",Winter Weather,High Winds,"Queens, Staten Island, Bronx, Manhattan",2018-03-13 00:00,2018-03-13 13:30,EDT,2018-03-13 04:00,2018-03-13 18:00,13.5,14,FALSE,Bronx,6.019,4.913,6.023,10.501,1.295,1.295,15,14,ok
SW0532,"March 13-15 Nor'Easter "" Winter Storm Skylar""",Winter Weather,High Winds,"Queens, Staten Island, Bronx, Manhattan",2018-03-13 00:00,2018-03-13 13:30,EDT,2018-03-13 04:00,2018-03-13 18:00,13.5,14,FALSE,Staten Island,6.787,4.985,6.787,9.3,1.216,1.216,15,14,ok
SW0532,"March 13-15 Nor'Easter "" Winter Storm Skylar""",Winter Weather,High Winds,"Queens, Staten Island, Bronx, Manhattan",2018-03-13 00:00,2018-03-13 13:30,EDT,2018-03-13 04:00,2018-03-13 18:00,13.5,14,FALSE,ALL NYC,6.896,5.702,6.949,10.587,1.308,1.319,15,14,ok
SW0533,"March 20-22 Nor'Easter ""Winter Storm Toby""",Winter Weather,"High Winds, Heavy Snow",Queens,2018-03-21 05:00,2018-03-22 07:00,EDT,2018-03-21 09:00,2018-03-22 11:00,26,26,FALSE,Brooklyn,6.652,5.888,6.652,23.528,1.394,1.394,27,26,ok
SW0533,"March 20-22 Nor'Easter ""Winter Storm Toby""",Winter Weather,"High Winds, Heavy Snow",Queens,2018-03-21 05:00,2018-03-22 07:00,EDT,2018-03-21 09:00,2018-03-22 11:00,26,26,FALSE,Queens,6.706,5.998,6.738,23.631,1.532,1.536,27,26,ok
SW0533,"March 20-22 Nor'Easter ""Winter Storm Toby""",Winter Weather,"High Winds, Heavy Snow",Queens,2018-03-21 05:00,2018-03-22 07:00,EDT,2018-03-21 09:00,2018-03-22 11:00,26,26,FALSE,Manhattan,5.71,4.953,5.71,20.601,1.24,1.249,27,26,ok
SW0533,"March 20-22 Nor'Easter ""Winter Storm Toby""",Winter Weather,"High Winds, Heavy Snow",Queens,2018-03-21 05:00,2018-03-22 07:00,EDT,2018-03-21 09:00,2018-03-22 11:00,26,26,FALSE,Bronx,5.365,4.663,5.365,20.234,1.329,1.335,27,26,ok
SW0533,"March 20-22 Nor'Easter ""Winter Storm Toby""",Winter Weather,"High Winds, Heavy Snow",Queens,2018-03-21 05:00,2018-03-22 07:00,EDT,2018-03-21 09:00,2018-03-22 11:00,26,26,FALSE,Staten Island,5.724,4.911,5.724,22.461,1.416,1.416,27,26,ok
SW0533,"March 20-22 Nor'Easter ""Winter Storm Toby""",Winter Weather,"High Winds, Heavy Snow",Queens,2018-03-21 05:00,2018-03-22 07:00,EDT,2018-03-21 09:00,2018-03-22 11:00,26,26,FALSE,ALL NYC,6.244,5.5,6.256,22.666,1.365,1.429,27,26,ok
SW0534,Winter Storm Event,Winter Weather,Heavy Snow,Queens,2018-04-02 05:00,2018-04-02 12:00,EDT,2018-04-02 09:00,2018-04-02 16:00,7,7,FALSE,Brooklyn,4.28,3.814,4.28,11.351,2.591,2.591,8,7,ok
SW0534,Winter Storm Event,Winter Weather,Heavy Snow,Queens,2018-04-02 05:00,2018-04-02 12:00,EDT,2018-04-02 09:00,2018-04-02 16:00,7,7,FALSE,Queens,4.23,3.76,4.23,11.446,2.566,2.566,8,7,ok
SW0534,Winter Storm Event,Winter Weather,Heavy Snow,Queens,2018-04-02 05:00,2018-04-02 12:00,EDT,2018-04-02 09:00,2018-04-02 16:00,7,7,FALSE,Manhattan,3.365,2.988,3.365,11.406,2.446,2.447,8,7,ok
SW0534,Winter Storm Event,Winter Weather,Heavy Snow,Queens,2018-04-02 05:00,2018-04-02 12:00,EDT,2018-04-02 09:00,2018-04-02 16:00,7,7,FALSE,Bronx,3.068,2.719,3.068,11.464,2.415,2.419,8,7,ok
SW0534,Winter Storm Event,Winter Weather,Heavy Snow,Queens,2018-04-02 05:00,2018-04-02 12:00,EDT,2018-04-02 09:00,2018-04-02 16:00,7,7,FALSE,Staten Island,3.66,3.287,3.66,11.281,2.565,2.565,8,7,ok
SW0534,Winter Storm Event,Winter Weather,Heavy Snow,Queens,2018-04-02 05:00,2018-04-02 12:00,EDT,2018-04-02 09:00,2018-04-02 16:00,7,7,FALSE,ALL NYC,3.903,3.477,3.903,11.393,2.54,2.541,8,7,ok
SW0535,High Wind Event,Winter Weather,High Winds,"Queens, Staten Island, Manhattan, Bronx",2018-04-04 17:00,2018-04-04 19:00,EDT,2018-04-04 21:00,2018-04-04 23:00,2,2,FALSE,Brooklyn,8.588,8.331,8.588,0,0,0,3,2,ok
SW0535,High Wind Event,Winter Weather,High Winds,"Queens, Staten Island, Manhattan, Bronx",2018-04-04 17:00,2018-04-04 19:00,EDT,2018-04-04 21:00,2018-04-04 23:00,2,2,FALSE,Queens,8.205,7.965,8.205,0,0,0,3,2,ok
SW0535,High Wind Event,Winter Weather,High Winds,"Queens, Staten Island, Manhattan, Bronx",2018-04-04 17:00,2018-04-04 19:00,EDT,2018-04-04 21:00,2018-04-04 23:00,2,2,FALSE,Manhattan,7.299,7.064,7.299,0,0,0,3,2,ok
SW0535,High Wind Event,Winter Weather,High Winds,"Queens, Staten Island, Manhattan, Bronx",2018-04-04 17:00,2018-04-04 19:00,EDT,2018-04-04 21:00,2018-04-04 23:00,2,2,FALSE,Bronx,6.694,6.47,6.694,0,0,0,3,2,ok
SW0535,High Wind Event,Winter Weather,High Winds,"Queens, Staten Island, Manhattan, Bronx",2018-04-04 17:00,2018-04-04 19:00,EDT,2018-04-04 21:00,2018-04-04 23:00,2,2,FALSE,Staten Island,7.955,7.72,7.978,0,0,0,3,2,ok
SW0535,High Wind Event,Winter Weather,High Winds,"Queens, Staten Island, Manhattan, Bronx",2018-04-04 17:00,2018-04-04 19:00,EDT,2018-04-04 21:00,2018-04-04 23:00,2,2,FALSE,ALL NYC,7.963,7.723,7.967,0,0,0,3,2,ok
SW0536,"Flash/Inland Flooding, Heavy Rain, High Wind Event",Thunderstorms,"High Winds, Coastal Flooding, Flash Flooding","Brooklyn, Manhattan, Queens",2018-04-16 06:23,2018-04-16 21:00,EDT,2018-04-16 10:00,2018-04-17 01:00,14.6167,15,FALSE,Brooklyn,12.036,8.02,12.036,24.188,4.119,4.197,16,15,ok
SW0536,"Flash/Inland Flooding, Heavy Rain, High Wind Event",Thunderstorms,"High Winds, Coastal Flooding, Flash Flooding","Brooklyn, Manhattan, Queens",2018-04-16 06:23,2018-04-16 21:00,EDT,2018-04-16 10:00,2018-04-17 01:00,14.6167,15,FALSE,Queens,11.575,7.998,11.575,27.388,4.587,4.6,16,15,ok
SW0536,"Flash/Inland Flooding, Heavy Rain, High Wind Event",Thunderstorms,"High Winds, Coastal Flooding, Flash Flooding","Brooklyn, Manhattan, Queens",2018-04-16 06:23,2018-04-16 21:00,EDT,2018-04-16 10:00,2018-04-17 01:00,14.6167,15,FALSE,Manhattan,10.131,6.642,10.131,28.826,4.722,4.761,16,15,ok
SW0536,"Flash/Inland Flooding, Heavy Rain, High Wind Event",Thunderstorms,"High Winds, Coastal Flooding, Flash Flooding","Brooklyn, Manhattan, Queens",2018-04-16 06:23,2018-04-16 21:00,EDT,2018-04-16 10:00,2018-04-17 01:00,14.6167,15,FALSE,Bronx,9.262,6.285,9.262,31.256,5.356,5.356,16,15,ok
SW0536,"Flash/Inland Flooding, Heavy Rain, High Wind Event",Thunderstorms,"High Winds, Coastal Flooding, Flash Flooding","Brooklyn, Manhattan, Queens",2018-04-16 06:23,2018-04-16 21:00,EDT,2018-04-16 10:00,2018-04-17 01:00,14.6167,15,FALSE,Staten Island,10.976,7.034,10.976,22.109,4.219,4.299,16,15,ok
SW0536,"Flash/Inland Flooding, Heavy Rain, High Wind Event",Thunderstorms,"High Winds, Coastal Flooding, Flash Flooding","Brooklyn, Manhattan, Queens",2018-04-16 06:23,2018-04-16 21:00,EDT,2018-04-16 10:00,2018-04-17 01:00,14.6167,15,FALSE,ALL NYC,11.131,7.474,11.131,26.326,4.08,4.566,16,15,ok
SW0537,Tornado Event,Thunderstorms,"High Winds, Tornado","Queens, Brooklyn",2018-05-15 16:20,2018-05-15 17:35,EDT,2018-05-15 20:00,2018-05-15 22:00,1.25,2,FALSE,Brooklyn,5.733,5.332,5.733,1.404,1.403,1.403,3,2,ok
SW0537,Tornado Event,Thunderstorms,"High Winds, Tornado","Queens, Brooklyn",2018-05-15 16:20,2018-05-15 17:35,EDT,2018-05-15 20:00,2018-05-15 22:00,1.25,2,FALSE,Queens,5.604,5.225,5.604,1.807,1.806,1.806,3,2,ok
SW0537,Tornado Event,Thunderstorms,"High Winds, Tornado","Queens, Brooklyn",2018-05-15 16:20,2018-05-15 17:35,EDT,2018-05-15 20:00,2018-05-15 22:00,1.25,2,FALSE,Manhattan,4.947,4.701,4.947,3.753,3.741,3.741,3,2,ok
SW0537,Tornado Event,Thunderstorms,"High Winds, Tornado","Queens, Brooklyn",2018-05-15 16:20,2018-05-15 17:35,EDT,2018-05-15 20:00,2018-05-15 22:00,1.25,2,FALSE,Bronx,4.549,4.359,4.549,4.197,4.141,4.141,3,2,ok
SW0537,Tornado Event,Thunderstorms,"High Winds, Tornado","Queens, Brooklyn",2018-05-15 16:20,2018-05-15 17:35,EDT,2018-05-15 20:00,2018-05-15 22:00,1.25,2,FALSE,Staten Island,5.515,5.16,5.518,1.38,1.37,1.37,3,2,ok
SW0537,Tornado Event,Thunderstorms,"High Winds, Tornado","Queens, Brooklyn",2018-05-15 16:20,2018-05-15 17:35,EDT,2018-05-15 20:00,2018-05-15 22:00,1.25,2,FALSE,ALL NYC,5.419,5.076,5.419,2.13,2.119,2.119,3,2,ok
SW0538,Flash Flood Event,Thunderstorms,Flash Flooding,Queens,2018-06-28 17:38,2018-06-28 18:19,EDT,2018-06-28 21:00,2018-06-28 23:00,0.683333,2,TRUE,Brooklyn,3.714,2.9,3.714,0.674,0.61,0.61,3,2,ok
SW0538,Flash Flood Event,Thunderstorms,Flash Flooding,Queens,2018-06-28 17:38,2018-06-28 18:19,EDT,2018-06-28 21:00,2018-06-28 23:00,0.683333,2,TRUE,Queens,3.386,2.621,3.386,0.846,0.693,0.693,3,2,ok
SW0538,Flash Flood Event,Thunderstorms,Flash Flooding,Queens,2018-06-28 17:38,2018-06-28 18:19,EDT,2018-06-28 21:00,2018-06-28 23:00,0.683333,2,TRUE,Manhattan,2.911,2.364,2.914,0.5,0.292,0.31,3,2,ok
SW0538,Flash Flood Event,Thunderstorms,Flash Flooding,Queens,2018-06-28 17:38,2018-06-28 18:19,EDT,2018-06-28 21:00,2018-06-28 23:00,0.683333,2,TRUE,Bronx,2.638,2.217,2.663,0.48,0.273,0.338,3,2,ok
SW0538,Flash Flood Event,Thunderstorms,Flash Flooding,Queens,2018-06-28 17:38,2018-06-28 18:19,EDT,2018-06-28 21:00,2018-06-28 23:00,0.683333,2,TRUE,Staten Island,3.539,2.874,3.539,0.136,0.128,0.13,3,2,ok
SW0538,Flash Flood Event,Thunderstorms,Flash Flooding,Queens,2018-06-28 17:38,2018-06-28 18:19,EDT,2018-06-28 21:00,2018-06-28 23:00,0.683333,2,TRUE,ALL NYC,3.345,2.653,3.349,0.596,0.469,0.487,3,2,ok
SW0539,Extreme Heat Event,Extreme Heat,Extreme Heat,Queens,2018-06-29 14:00,2018-07-03 17:00,EDT,2018-06-29 18:00,2018-07-03 21:00,99,99,FALSE,Brooklyn,4.836,2.303,4.839,3.337,1.083,1.601,100,99,ok
SW0539,Extreme Heat Event,Extreme Heat,Extreme Heat,Queens,2018-06-29 14:00,2018-07-03 17:00,EDT,2018-06-29 18:00,2018-07-03 21:00,99,99,FALSE,Queens,4.784,2.32,4.786,1.729,0.77,0.886,100,99,ok
SW0539,Extreme Heat Event,Extreme Heat,Extreme Heat,Queens,2018-06-29 14:00,2018-07-03 17:00,EDT,2018-06-29 18:00,2018-07-03 21:00,99,99,FALSE,Manhattan,4.282,2.006,4.282,7.09,4.237,4.237,100,99,ok
SW0539,Extreme Heat Event,Extreme Heat,Extreme Heat,Queens,2018-06-29 14:00,2018-07-03 17:00,EDT,2018-06-29 18:00,2018-07-03 21:00,99,99,FALSE,Bronx,4.034,1.918,4.044,5.144,3.01,3.01,100,99,ok
SW0539,Extreme Heat Event,Extreme Heat,Extreme Heat,Queens,2018-06-29 14:00,2018-07-03 17:00,EDT,2018-06-29 18:00,2018-07-03 21:00,99,99,FALSE,Staten Island,4.322,2.041,4.322,4.616,2.066,2.066,100,99,ok
SW0539,Extreme Heat Event,Extreme Heat,Extreme Heat,Queens,2018-06-29 14:00,2018-07-03 17:00,EDT,2018-06-29 18:00,2018-07-03 21:00,99,99,FALSE,ALL NYC,4.53,2.183,4.568,3.578,1.433,1.86,100,99,ok
SW0540,"Flash/Inland Flooding, Heavy Rain Event",Thunderstorms,Flash Flooding,"Manhattan, Brooklyn, Bronx",2017-06-19 15:53,2017-06-19 17:06,EDT,2017-06-19 19:00,2017-06-19 22:00,1.21667,3,FALSE,Brooklyn,7.288,6.293,7.288,2.581,1.981,1.981,4,3,ok
SW0540,"Flash/Inland Flooding, Heavy Rain Event",Thunderstorms,Flash Flooding,"Manhattan, Brooklyn, Bronx",2017-06-19 15:53,2017-06-19 17:06,EDT,2017-06-19 19:00,2017-06-19 22:00,1.21667,3,FALSE,Queens,7.258,6.475,7.295,1.735,1.125,1.125,4,3,ok
SW0540,"Flash/Inland Flooding, Heavy Rain Event",Thunderstorms,Flash Flooding,"Manhattan, Brooklyn, Bronx",2017-06-19 15:53,2017-06-19 17:06,EDT,2017-06-19 19:00,2017-06-19 22:00,1.21667,3,FALSE,Manhattan,5.737,5.173,5.78,4.411,2.795,2.795,4,3,ok
SW0540,"Flash/Inland Flooding, Heavy Rain Event",Thunderstorms,Flash Flooding,"Manhattan, Brooklyn, Bronx",2017-06-19 15:53,2017-06-19 17:06,EDT,2017-06-19 19:00,2017-06-19 22:00,1.21667,3,FALSE,Bronx,5.433,4.863,5.433,3.908,2.426,2.426,4,3,ok
SW0540,"Flash/Inland Flooding, Heavy Rain Event",Thunderstorms,Flash Flooding,"Manhattan, Brooklyn, Bronx",2017-06-19 15:53,2017-06-19 17:06,EDT,2017-06-19 19:00,2017-06-19 22:00,1.21667,3,FALSE,Staten Island,6.014,5.131,6.014,4.525,3.604,3.604,4,3,ok
SW0540,"Flash/Inland Flooding, Heavy Rain Event",Thunderstorms,Flash Flooding,"Manhattan, Brooklyn, Bronx",2017-06-19 15:53,2017-06-19 17:06,EDT,2017-06-19 19:00,2017-06-19 22:00,1.21667,3,FALSE,ALL NYC,6.622,5.853,6.671,2.979,2.104,2.104,4,3,ok
SW0541,Extreme Heat Event,Extreme Heat,Extreme Heat,Queens,2017-07-19 00:00,2017-07-22 12:00,EDT,2017-07-19 04:00,2017-07-22 16:00,84,84,FALSE,Brooklyn,3.884,2.314,3.922,1.182,0.42,0.42,85,84,ok
SW0541,Extreme Heat Event,Extreme Heat,Extreme Heat,Queens,2017-07-19 00:00,2017-07-22 12:00,EDT,2017-07-19 04:00,2017-07-22 16:00,84,84,FALSE,Queens,3.544,2.115,3.635,0.851,0.328,0.328,85,84,ok
SW0541,Extreme Heat Event,Extreme Heat,Extreme Heat,Queens,2017-07-19 00:00,2017-07-22 12:00,EDT,2017-07-19 04:00,2017-07-22 16:00,84,84,FALSE,Manhattan,2.969,1.781,3.034,0.741,0.305,0.305,85,84,ok
SW0541,Extreme Heat Event,Extreme Heat,Extreme Heat,Queens,2017-07-19 00:00,2017-07-22 12:00,EDT,2017-07-19 04:00,2017-07-22 16:00,84,84,FALSE,Bronx,2.924,1.673,2.933,0.527,0.245,0.245,85,84,ok
SW0541,Extreme Heat Event,Extreme Heat,Extreme Heat,Queens,2017-07-19 00:00,2017-07-22 12:00,EDT,2017-07-19 04:00,2017-07-22 16:00,84,84,FALSE,Staten Island,3.848,2.23,3.848,1.352,0.457,0.463,85,84,ok
SW0541,Extreme Heat Event,Extreme Heat,Extreme Heat,Queens,2017-07-19 00:00,2017-07-22 12:00,EDT,2017-07-19 04:00,2017-07-22 16:00,84,84,FALSE,ALL NYC,3.343,2.092,3.59,0.966,0.36,0.361,85,84,ok
SW0542,Flash/Inland Flooding Event,Thunderstorms,Flash Flooding,Bronx,2017-08-02 16:37,2017-08-02 17:07,EDT,2017-08-02 20:00,2017-08-02 22:00,0.5,2,TRUE,Brooklyn,3.609,3.286,3.614,2.782,1.999,1.999,3,2,ok
SW0542,Flash/Inland Flooding Event,Thunderstorms,Flash Flooding,Bronx,2017-08-02 16:37,2017-08-02 17:07,EDT,2017-08-02 20:00,2017-08-02 22:00,0.5,2,TRUE,Queens,3.34,3.065,3.344,0.965,0.558,0.61,3,2,ok
SW0542,Flash/Inland Flooding Event,Thunderstorms,Flash Flooding,Bronx,2017-08-02 16:37,2017-08-02 17:07,EDT,2017-08-02 20:00,2017-08-02 22:00,0.5,2,TRUE,Manhattan,2.669,2.36,2.697,3.433,1.933,2.048,3,2,ok
SW0542,Flash/Inland Flooding Event,Thunderstorms,Flash Flooding,Bronx,2017-08-02 16:37,2017-08-02 17:07,EDT,2017-08-02 20:00,2017-08-02 22:00,0.5,2,TRUE,Bronx,2.45,2.035,2.45,2.109,1.349,1.349,3,2,ok
SW0542,Flash/Inland Flooding Event,Thunderstorms,Flash Flooding,Bronx,2017-08-02 16:37,2017-08-02 17:07,EDT,2017-08-02 20:00,2017-08-02 22:00,0.5,2,TRUE,Staten Island,3.436,2.939,3.436,4.309,3.459,3.459,3,2,ok
SW0542,Flash/Inland Flooding Event,Thunderstorms,Flash Flooding,Bronx,2017-08-02 16:37,2017-08-02 17:07,EDT,2017-08-02 20:00,2017-08-02 22:00,0.5,2,TRUE,ALL NYC,3.12,2.891,3.244,2.375,1.534,1.681,3,2,ok
SW0543,Extreme Heat Event,Extreme Heat,Extreme Heat,Queens,2017-08-22 15:00,2017-08-22 17:00,EDT,2017-08-22 19:00,2017-08-22 21:00,2,2,FALSE,Brooklyn,5.99,5.637,5.99,0.663,0.508,0.508,3,2,ok
SW0543,Extreme Heat Event,Extreme Heat,Extreme Heat,Queens,2017-08-22 15:00,2017-08-22 17:00,EDT,2017-08-22 19:00,2017-08-22 21:00,2,2,FALSE,Queens,5.927,5.67,5.948,0.373,0.22,0.228,3,2,ok
SW0543,Extreme Heat Event,Extreme Heat,Extreme Heat,Queens,2017-08-22 15:00,2017-08-22 17:00,EDT,2017-08-22 19:00,2017-08-22 21:00,2,2,FALSE,Manhattan,5.105,4.938,5.106,0.515,0.334,0.334,3,2,ok
SW0543,Extreme Heat Event,Extreme Heat,Extreme Heat,Queens,2017-08-22 15:00,2017-08-22 17:00,EDT,2017-08-22 19:00,2017-08-22 21:00,2,2,FALSE,Bronx,4.75,4.674,4.753,0.364,0.237,0.237,3,2,ok
SW0543,Extreme Heat Event,Extreme Heat,Extreme Heat,Queens,2017-08-22 15:00,2017-08-22 17:00,EDT,2017-08-22 19:00,2017-08-22 21:00,2,2,FALSE,Staten Island,5.259,4.867,5.259,0.925,0.888,0.888,3,2,ok
SW0543,Extreme Heat Event,Extreme Heat,Extreme Heat,Queens,2017-08-22 15:00,2017-08-22 17:00,EDT,2017-08-22 19:00,2017-08-22 21:00,2,2,FALSE,ALL NYC,5.568,5.315,5.595,0.553,0.421,0.425,3,2,ok
SW0544,Heavy Rain Event,Thunderstorms,"Coastal Flooding, Flash Flooding","Staten Island, Bronx",2017-10-29 18:00,2017-10-29 20:20,EDT,2017-10-29 22:00,2017-10-30 01:00,2.33333,3,FALSE,Brooklyn,8.885,7.599,8.885,12.315,5.58,5.58,4,3,ok
SW0544,Heavy Rain Event,Thunderstorms,"Coastal Flooding, Flash Flooding","Staten Island, Bronx",2017-10-29 18:00,2017-10-29 20:20,EDT,2017-10-29 22:00,2017-10-30 01:00,2.33333,3,FALSE,Queens,9.594,7.807,9.594,13.083,5.383,5.394,4,3,ok
SW0544,Heavy Rain Event,Thunderstorms,"Coastal Flooding, Flash Flooding","Staten Island, Bronx",2017-10-29 18:00,2017-10-29 20:20,EDT,2017-10-29 22:00,2017-10-30 01:00,2.33333,3,FALSE,Manhattan,6.824,6.129,6.824,12.469,5.498,5.498,4,3,ok
SW0544,Heavy Rain Event,Thunderstorms,"Coastal Flooding, Flash Flooding","Staten Island, Bronx",2017-10-29 18:00,2017-10-29 20:20,EDT,2017-10-29 22:00,2017-10-30 01:00,2.33333,3,FALSE,Bronx,6.639,5.802,6.639,12.975,5.584,5.584,4,3,ok
SW0544,Heavy Rain Event,Thunderstorms,"Coastal Flooding, Flash Flooding","Staten Island, Bronx",2017-10-29 18:00,2017-10-29 20:20,EDT,2017-10-29 22:00,2017-10-30 01:00,2.33333,3,FALSE,Staten Island,6.494,6.172,6.567,11.968,5.961,5.961,4,3,ok
SW0544,Heavy Rain Event,Thunderstorms,"Coastal Flooding, Flash Flooding","Staten Island, Bronx",2017-10-29 18:00,2017-10-29 20:20,EDT,2017-10-29 22:00,2017-10-30 01:00,2.33333,3,FALSE,ALL NYC,8.215,7.038,8.229,12.632,5.57,5.575,4,3,ok
SW0545,High Wind Event,Winter Weather,High Winds,Queens,2017-11-10 07:00,2017-11-10 08:00,EST,2017-11-10 12:00,2017-11-10 13:00,1,1,FALSE,Brooklyn,7.323,7.143,7.323,0,0,0,2,1,ok
SW0545,High Wind Event,Winter Weather,High Winds,Queens,2017-11-10 07:00,2017-11-10 08:00,EST,2017-11-10 12:00,2017-11-10 13:00,1,1,FALSE,Queens,7.355,7.282,7.361,0,0,0,2,1,ok
SW0545,High Wind Event,Winter Weather,High Winds,Queens,2017-11-10 07:00,2017-11-10 08:00,EST,2017-11-10 12:00,2017-11-10 13:00,1,1,FALSE,Manhattan,6.377,6.221,6.377,0,0,0,2,1,ok
SW0545,High Wind Event,Winter Weather,High Winds,Queens,2017-11-10 07:00,2017-11-10 08:00,EST,2017-11-10 12:00,2017-11-10 13:00,1,1,FALSE,Bronx,6.051,5.951,6.051,0,0,0,2,1,ok
SW0545,High Wind Event,Winter Weather,High Winds,Queens,2017-11-10 07:00,2017-11-10 08:00,EST,2017-11-10 12:00,2017-11-10 13:00,1,1,FALSE,Staten Island,6.398,6.097,6.398,0,0,0,2,1,ok
SW0545,High Wind Event,Winter Weather,High Winds,Queens,2017-11-10 07:00,2017-11-10 08:00,EST,2017-11-10 12:00,2017-11-10 13:00,1,1,FALSE,ALL NYC,6.909,6.758,6.911,0,0,0,2,1,ok
SW0546,High Wind Event,Winter Weather,High Winds,"Queens, Manhattan",2017-11-19 10:00,2017-11-19 14:00,EST,2017-11-19 15:00,2017-11-19 19:00,4,4,FALSE,Brooklyn,9.356,8.971,9.356,0,0,0,5,4,ok
SW0546,High Wind Event,Winter Weather,High Winds,"Queens, Manhattan",2017-11-19 10:00,2017-11-19 14:00,EST,2017-11-19 15:00,2017-11-19 19:00,4,4,FALSE,Queens,9.331,8.96,9.331,0,0,0,5,4,ok
SW0546,High Wind Event,Winter Weather,High Winds,"Queens, Manhattan",2017-11-19 10:00,2017-11-19 14:00,EST,2017-11-19 15:00,2017-11-19 19:00,4,4,FALSE,Manhattan,8.052,7.709,8.052,0,0,0,5,4,ok
SW0546,High Wind Event,Winter Weather,High Winds,"Queens, Manhattan",2017-11-19 10:00,2017-11-19 14:00,EST,2017-11-19 15:00,2017-11-19 19:00,4,4,FALSE,Bronx,7.645,7.275,7.645,0,0,0,5,4,ok
SW0546,High Wind Event,Winter Weather,High Winds,"Queens, Manhattan",2017-11-19 10:00,2017-11-19 14:00,EST,2017-11-19 15:00,2017-11-19 19:00,4,4,FALSE,Staten Island,8.358,7.894,8.358,0,0,0,5,4,ok
SW0546,High Wind Event,Winter Weather,High Winds,"Queens, Manhattan",2017-11-19 10:00,2017-11-19 14:00,EST,2017-11-19 15:00,2017-11-19 19:00,4,4,FALSE,ALL NYC,8.817,8.428,8.817,0,0,0,5,4,ok
SW0547,"Heavy Snow Event ""Winter Storm Benji""",Winter Weather,Heavy Snow,"Queens, Staten Island",2017-12-09 09:00,2017-12-09 23:00,EST,2017-12-09 14:00,2017-12-10 04:00,14,14,FALSE,Brooklyn,4.05,3.294,4.05,10.446,1.048,1.048,15,14,ok
SW0547,"Heavy Snow Event ""Winter Storm Benji""",Winter Weather,Heavy Snow,"Queens, Staten Island",2017-12-09 09:00,2017-12-09 23:00,EST,2017-12-09 14:00,2017-12-10 04:00,14,14,FALSE,Queens,3.984,3.326,3.987,10.572,1.045,1.049,15,14,ok
SW0547,"Heavy Snow Event ""Winter Storm Benji""",Winter Weather,Heavy Snow,"Queens, Staten Island",2017-12-09 09:00,2017-12-09 23:00,EST,2017-12-09 14:00,2017-12-10 04:00,14,14,FALSE,Manhattan,3.317,2.702,3.319,9.738,1.003,1.003,15,14,ok
SW0547,"Heavy Snow Event ""Winter Storm Benji""",Winter Weather,Heavy Snow,"Queens, Staten Island",2017-12-09 09:00,2017-12-09 23:00,EST,2017-12-09 14:00,2017-12-10 04:00,14,14,FALSE,Bronx,3.062,2.535,3.078,9.576,0.964,0.965,15,14,ok
SW0547,"Heavy Snow Event ""Winter Storm Benji""",Winter Weather,Heavy Snow,"Queens, Staten Island",2017-12-09 09:00,2017-12-09 23:00,EST,2017-12-09 14:00,2017-12-10 04:00,14,14,FALSE,Staten Island,3.499,2.783,3.52,9.688,0.949,0.955,15,14,ok
SW0547,"Heavy Snow Event ""Winter Storm Benji""",Winter Weather,Heavy Snow,"Queens, Staten Island",2017-12-09 09:00,2017-12-09 23:00,EST,2017-12-09 14:00,2017-12-10 04:00,14,14,FALSE,ALL NYC,3.726,3.057,3.733,10.172,1.014,1.016,15,14,ok
SW0548,High Wind Event,Winter Weather,High Winds,"Queens, Brooklyn",2017-12-25 07:00,2017-12-25 12:00,EST,2017-12-25 12:00,2017-12-25 17:00,5,5,FALSE,Brooklyn,10.282,8.798,10.282,0.257,0.214,0.214,6,5,ok
SW0548,High Wind Event,Winter Weather,High Winds,"Queens, Brooklyn",2017-12-25 07:00,2017-12-25 12:00,EST,2017-12-25 12:00,2017-12-25 17:00,5,5,FALSE,Queens,10.088,8.516,10.088,0.357,0.279,0.279,6,5,ok
SW0548,High Wind Event,Winter Weather,High Winds,"Queens, Brooklyn",2017-12-25 07:00,2017-12-25 12:00,EST,2017-12-25 12:00,2017-12-25 17:00,5,5,FALSE,Manhattan,8.564,7.125,8.564,0.348,0.293,0.293,6,5,ok
SW0548,High Wind Event,Winter Weather,High Winds,"Queens, Brooklyn",2017-12-25 07:00,2017-12-25 12:00,EST,2017-12-25 12:00,2017-12-25 17:00,5,5,FALSE,Bronx,7.935,6.451,7.935,0.433,0.355,0.355,6,5,ok
SW0548,High Wind Event,Winter Weather,High Winds,"Queens, Brooklyn",2017-12-25 07:00,2017-12-25 12:00,EST,2017-12-25 12:00,2017-12-25 17:00,5,5,FALSE,Staten Island,9.192,7.9,9.192,0.205,0.179,0.179,6,5,ok
SW0548,High Wind Event,Winter Weather,High Winds,"Queens, Brooklyn",2017-12-25 07:00,2017-12-25 12:00,EST,2017-12-25 12:00,2017-12-25 17:00,5,5,FALSE,ALL NYC,9.543,8.066,9.543,0.315,0.257,0.257,6,5,ok
SW0560,Extreme Heat Event,Extreme Heat,Extreme Heat,"Queens, Staten Island, Bronx, Brooklyn, Manhattan",2015-07-19 00:00,2015-07-20 23:59,EDT,2015-07-19 04:00,2015-07-21 04:00,47.9833,48,FALSE,Brooklyn,5.107,2.988,5.107,0.577,0.116,0.138,49,48,ok
SW0560,Extreme Heat Event,Extreme Heat,Extreme Heat,"Queens, Staten Island, Bronx, Brooklyn, Manhattan",2015-07-19 00:00,2015-07-20 23:59,EDT,2015-07-19 04:00,2015-07-21 04:00,47.9833,48,FALSE,Queens,5.074,2.998,5.074,0.451,0.109,0.142,49,48,ok
SW0560,Extreme Heat Event,Extreme Heat,Extreme Heat,"Queens, Staten Island, Bronx, Brooklyn, Manhattan",2015-07-19 00:00,2015-07-20 23:59,EDT,2015-07-19 04:00,2015-07-21 04:00,47.9833,48,FALSE,Manhattan,4.171,2.442,4.171,0.338,0.151,0.151,49,48,ok
SW0560,Extreme Heat Event,Extreme Heat,Extreme Heat,"Queens, Staten Island, Bronx, Brooklyn, Manhattan",2015-07-19 00:00,2015-07-20 23:59,EDT,2015-07-19 04:00,2015-07-21 04:00,47.9833,48,FALSE,Bronx,3.835,2.273,3.835,0.291,0.159,0.159,49,48,ok
SW0560,Extreme Heat Event,Extreme Heat,Extreme Heat,"Queens, Staten Island, Bronx, Brooklyn, Manhattan",2015-07-19 00:00,2015-07-20 23:59,EDT,2015-07-19 04:00,2015-07-21 04:00,47.9833,48,FALSE,Staten Island,4.282,2.577,4.282,0.8,0.232,0.236,49,48,ok
SW0560,Extreme Heat Event,Extreme Heat,Extreme Heat,"Queens, Staten Island, Bronx, Brooklyn, Manhattan",2015-07-19 00:00,2015-07-20 23:59,EDT,2015-07-19 04:00,2015-07-21 04:00,47.9833,48,FALSE,ALL NYC,4.688,2.771,4.688,0.513,0.119,0.162,49,48,ok
SW0561,Extreme Heat Event,Extreme Heat,Extreme Heat,"Manhattan, Brooklyn, Bronx, Staten Island, Queens",2015-07-28 00:00,2015-07-30 23:59,EDT,2015-07-28 04:00,2015-07-31 04:00,71.9833,72,FALSE,Brooklyn,6.042,2.779,6.083,7.795,2.264,2.317,73,72,ok
SW0561,Extreme Heat Event,Extreme Heat,Extreme Heat,"Manhattan, Brooklyn, Bronx, Staten Island, Queens",2015-07-28 00:00,2015-07-30 23:59,EDT,2015-07-28 04:00,2015-07-31 04:00,71.9833,72,FALSE,Queens,6.086,2.764,6.092,7.259,1.683,1.763,73,72,ok
SW0561,Extreme Heat Event,Extreme Heat,Extreme Heat,"Manhattan, Brooklyn, Bronx, Staten Island, Queens",2015-07-28 00:00,2015-07-30 23:59,EDT,2015-07-28 04:00,2015-07-31 04:00,71.9833,72,FALSE,Manhattan,5.15,2.312,5.15,8.937,2.213,2.308,73,72,ok
SW0561,Extreme Heat Event,Extreme Heat,Extreme Heat,"Manhattan, Brooklyn, Bronx, Staten Island, Queens",2015-07-28 00:00,2015-07-30 23:59,EDT,2015-07-28 04:00,2015-07-31 04:00,71.9833,72,FALSE,Bronx,4.968,2.141,4.968,8.945,2.511,2.534,73,72,ok
SW0561,Extreme Heat Event,Extreme Heat,Extreme Heat,"Manhattan, Brooklyn, Bronx, Staten Island, Queens",2015-07-28 00:00,2015-07-30 23:59,EDT,2015-07-28 04:00,2015-07-31 04:00,71.9833,72,FALSE,Staten Island,5.091,2.409,5.122,9.519,4.227,4.227,73,72,ok
SW0561,Extreme Heat Event,Extreme Heat,Extreme Heat,"Manhattan, Brooklyn, Bronx, Staten Island, Queens",2015-07-28 00:00,2015-07-30 23:59,EDT,2015-07-28 04:00,2015-07-31 04:00,71.9833,72,FALSE,ALL NYC,5.587,2.578,5.674,8.176,1.659,2.496,73,72,ok
SW0562,Extreme Heat Event,Extreme Heat,Extreme Heat,"Queens, Staten Island, Bronx, Brooklyn, Manhattan",2016-07-06 00:00,2016-07-08 23:59,EDT,2016-07-06 04:00,2016-07-09 04:00,71.9833,72,FALSE,Brooklyn,5.387,2.751,5.387,14.086,2.689,2.842,73,72,ok
SW0562,Extreme Heat Event,Extreme Heat,Extreme Heat,"Queens, Staten Island, Bronx, Brooklyn, Manhattan",2016-07-06 00:00,2016-07-08 23:59,EDT,2016-07-06 04:00,2016-07-09 04:00,71.9833,72,FALSE,Queens,5.199,2.726,5.2,10.096,2.198,2.2,73,72,ok
SW0562,Extreme Heat Event,Extreme Heat,Extreme Heat,"Queens, Staten Island, Bronx, Brooklyn, Manhattan",2016-07-06 00:00,2016-07-08 23:59,EDT,2016-07-06 04:00,2016-07-09 04:00,71.9833,72,FALSE,Manhattan,4.418,2.244,4.418,14.838,2.82,2.957,73,72,ok
SW0562,Extreme Heat Event,Extreme Heat,Extreme Heat,"Queens, Staten Island, Bronx, Brooklyn, Manhattan",2016-07-06 00:00,2016-07-08 23:59,EDT,2016-07-06 04:00,2016-07-09 04:00,71.9833,72,FALSE,Bronx,3.993,2.113,3.993,13.258,2.432,2.553,73,72,ok
SW0562,Extreme Heat Event,Extreme Heat,Extreme Heat,"Queens, Staten Island, Bronx, Brooklyn, Manhattan",2016-07-06 00:00,2016-07-08 23:59,EDT,2016-07-06 04:00,2016-07-09 04:00,71.9833,72,FALSE,Staten Island,4.764,2.42,4.764,20.198,4.339,4.462,73,72,ok
SW0562,Extreme Heat Event,Extreme Heat,Extreme Heat,"Queens, Staten Island, Bronx, Brooklyn, Manhattan",2016-07-06 00:00,2016-07-08 23:59,EDT,2016-07-06 04:00,2016-07-09 04:00,71.9833,72,FALSE,ALL NYC,4.931,2.55,4.931,13.724,2.422,2.884,73,72,ok
SW0563,Extreme Heat Event,Extreme Heat,Extreme Heat,"Manhattan, Brooklyn, Bronx, Staten Island, Queens",2016-07-14 00:00,2016-07-17 23:59,EDT,2016-07-14 04:00,2016-07-18 04:00,95.9833,96,FALSE,Brooklyn,4.98,2.668,5.004,10.929,2.257,2.257,97,96,ok
SW0563,Extreme Heat Event,Extreme Heat,Extreme Heat,"Manhattan, Brooklyn, Bronx, Staten Island, Queens",2016-07-14 00:00,2016-07-17 23:59,EDT,2016-07-14 04:00,2016-07-18 04:00,95.9833,96,FALSE,Queens,5.219,2.64,5.219,10.293,1.667,1.966,97,96,ok
SW0563,Extreme Heat Event,Extreme Heat,Extreme Heat,"Manhattan, Brooklyn, Bronx, Staten Island, Queens",2016-07-14 00:00,2016-07-17 23:59,EDT,2016-07-14 04:00,2016-07-18 04:00,95.9833,96,FALSE,Manhattan,4.373,2.18,4.394,13.526,2.252,2.372,97,96,ok
SW0563,Extreme Heat Event,Extreme Heat,Extreme Heat,"Manhattan, Brooklyn, Bronx, Staten Island, Queens",2016-07-14 00:00,2016-07-17 23:59,EDT,2016-07-14 04:00,2016-07-18 04:00,95.9833,96,FALSE,Bronx,4.296,2.057,4.306,13.61,2.232,2.288,97,96,ok
SW0563,Extreme Heat Event,Extreme Heat,Extreme Heat,"Manhattan, Brooklyn, Bronx, Staten Island, Queens",2016-07-14 00:00,2016-07-17 23:59,EDT,2016-07-14 04:00,2016-07-18 04:00,95.9833,96,FALSE,Staten Island,4.414,2.411,4.429,12.552,3.512,3.512,97,96,ok
SW0563,Extreme Heat Event,Extreme Heat,Extreme Heat,"Manhattan, Brooklyn, Bronx, Staten Island, Queens",2016-07-14 00:00,2016-07-17 23:59,EDT,2016-07-14 04:00,2016-07-18 04:00,95.9833,96,FALSE,ALL NYC,4.777,2.485,4.828,11.589,2.064,2.4,97,96,ok
SW0564,Extreme Heat Event,Extreme Heat,Extreme Heat,"Queens, Staten Island, Bronx, Brooklyn, Manhattan",2016-07-21 00:00,2016-07-26 23:59,EDT,2016-07-21 04:00,2016-07-27 04:00,143.983,144,FALSE,Brooklyn,6.083,3.517,6.1,14.704,4.586,4.586,145,144,ok
SW0564,Extreme Heat Event,Extreme Heat,Extreme Heat,"Queens, Staten Island, Bronx, Brooklyn, Manhattan",2016-07-21 00:00,2016-07-26 23:59,EDT,2016-07-21 04:00,2016-07-27 04:00,143.983,144,FALSE,Queens,6.314,3.581,6.346,8.051,1.854,2.205,145,144,ok
SW0564,Extreme Heat Event,Extreme Heat,Extreme Heat,"Queens, Staten Island, Bronx, Brooklyn, Manhattan",2016-07-21 00:00,2016-07-26 23:59,EDT,2016-07-21 04:00,2016-07-27 04:00,143.983,144,FALSE,Manhattan,5.132,3.052,5.132,10.746,3.663,3.663,145,144,ok
SW0564,Extreme Heat Event,Extreme Heat,Extreme Heat,"Queens, Staten Island, Bronx, Brooklyn, Manhattan",2016-07-21 00:00,2016-07-26 23:59,EDT,2016-07-21 04:00,2016-07-27 04:00,143.983,144,FALSE,Bronx,4.961,2.955,4.999,7.42,2.726,2.726,145,144,ok
SW0564,Extreme Heat Event,Extreme Heat,Extreme Heat,"Queens, Staten Island, Bronx, Brooklyn, Manhattan",2016-07-21 00:00,2016-07-26 23:59,EDT,2016-07-21 04:00,2016-07-27 04:00,143.983,144,FALSE,Staten Island,5.284,3.067,5.299,24.243,9.203,9.203,145,144,ok
SW0564,Extreme Heat Event,Extreme Heat,Extreme Heat,"Queens, Staten Island, Bronx, Brooklyn, Manhattan",2016-07-21 00:00,2016-07-26 23:59,EDT,2016-07-21 04:00,2016-07-27 04:00,143.983,144,FALSE,ALL NYC,5.554,3.34,5.808,12.726,4.116,4.246,145,144,ok
SW0651,"Heavy Rain, Flash/Inland Flooding Event",Thunderstorms,Flash Flooding,Staten Island,2018-07-27 16:39,2018-07-28 17:39,EDT,2018-07-27 20:00,2018-07-28 22:00,25,26,FALSE,Brooklyn,4.409,1.813,4.409,15.606,4.888,4.888,27,26,ok
SW0651,"Heavy Rain, Flash/Inland Flooding Event",Thunderstorms,Flash Flooding,Staten Island,2018-07-27 16:39,2018-07-28 17:39,EDT,2018-07-27 20:00,2018-07-28 22:00,25,26,FALSE,Queens,4.394,1.912,4.394,13.754,3.364,3.504,27,26,ok
SW0651,"Heavy Rain, Flash/Inland Flooding Event",Thunderstorms,Flash Flooding,Staten Island,2018-07-27 16:39,2018-07-28 17:39,EDT,2018-07-27 20:00,2018-07-28 22:00,25,26,FALSE,Manhattan,3.933,1.589,3.933,13.292,4.056,4.056,27,26,ok
SW0651,"Heavy Rain, Flash/Inland Flooding Event",Thunderstorms,Flash Flooding,Staten Island,2018-07-27 16:39,2018-07-28 17:39,EDT,2018-07-27 20:00,2018-07-28 22:00,25,26,FALSE,Bronx,3.769,1.569,3.769,12.57,3.15,3.15,27,26,ok
SW0651,"Heavy Rain, Flash/Inland Flooding Event",Thunderstorms,Flash Flooding,Staten Island,2018-07-27 16:39,2018-07-28 17:39,EDT,2018-07-27 20:00,2018-07-28 22:00,25,26,FALSE,Staten Island,3.916,1.56,3.916,18.323,6.321,6.321,27,26,ok
SW0651,"Heavy Rain, Flash/Inland Flooding Event",Thunderstorms,Flash Flooding,Staten Island,2018-07-27 16:39,2018-07-28 17:39,EDT,2018-07-27 20:00,2018-07-28 22:00,25,26,FALSE,ALL NYC,4.184,1.75,4.184,14.821,4.292,4.344,27,26,ok
SW0652,Tornado Event,Thunderstorms,Tornado,Queens,2018-08-03 22:16,2018-08-03 22:20,EDT,2018-08-04 02:00,2018-08-04 03:00,0.0666667,1,TRUE,Brooklyn,3.378,3.323,3.378,0,0,0,2,1,ok
SW0652,Tornado Event,Thunderstorms,Tornado,Queens,2018-08-03 22:16,2018-08-03 22:20,EDT,2018-08-04 02:00,2018-08-04 03:00,0.0666667,1,TRUE,Queens,3.528,3.469,3.528,0,0,0,2,1,ok
SW0652,Tornado Event,Thunderstorms,Tornado,Queens,2018-08-03 22:16,2018-08-03 22:20,EDT,2018-08-04 02:00,2018-08-04 03:00,0.0666667,1,TRUE,Manhattan,2.799,2.755,2.799,0,0,0,2,1,ok
SW0652,Tornado Event,Thunderstorms,Tornado,Queens,2018-08-03 22:16,2018-08-03 22:20,EDT,2018-08-04 02:00,2018-08-04 03:00,0.0666667,1,TRUE,Bronx,2.655,2.615,2.655,0,0,0,2,1,ok
SW0652,Tornado Event,Thunderstorms,Tornado,Queens,2018-08-03 22:16,2018-08-03 22:20,EDT,2018-08-04 02:00,2018-08-04 03:00,0.0666667,1,TRUE,Staten Island,2.701,2.656,2.701,0.004,0.004,0.004,2,1,ok
SW0652,Tornado Event,Thunderstorms,Tornado,Queens,2018-08-03 22:16,2018-08-03 22:20,EDT,2018-08-04 02:00,2018-08-04 03:00,0.0666667,1,TRUE,ALL NYC,3.159,3.108,3.159,0.001,0.001,0.001,2,1,ok
SW0653,Nor'Easter,Winter Weather,"High Winds, Coastal Flooding","Queens, Staten Island, Bronx, Brooklyn, Manhattan",2018-10-27 00:00,2018-10-28 23:59,EDT,2018-10-27 04:00,2018-10-29 04:00,47.9833,48,FALSE,Brooklyn,10.283,5.375,10.283,28.241,2.993,2.993,49,48,ok
SW0653,Nor'Easter,Winter Weather,"High Winds, Coastal Flooding","Queens, Staten Island, Bronx, Brooklyn, Manhattan",2018-10-27 00:00,2018-10-28 23:59,EDT,2018-10-27 04:00,2018-10-29 04:00,47.9833,48,FALSE,Queens,10.271,5.409,10.271,28.446,2.904,2.904,49,48,ok
SW0653,Nor'Easter,Winter Weather,"High Winds, Coastal Flooding","Queens, Staten Island, Bronx, Brooklyn, Manhattan",2018-10-27 00:00,2018-10-28 23:59,EDT,2018-10-27 04:00,2018-10-29 04:00,47.9833,48,FALSE,Manhattan,8.677,4.489,8.678,28.077,2.603,2.63,49,48,ok
SW0653,Nor'Easter,Winter Weather,"High Winds, Coastal Flooding","Queens, Staten Island, Bronx, Brooklyn, Manhattan",2018-10-27 00:00,2018-10-28 23:59,EDT,2018-10-27 04:00,2018-10-29 04:00,47.9833,48,FALSE,Bronx,8.123,4.207,8.133,27.731,2.617,2.682,49,48,ok
SW0653,Nor'Easter,Winter Weather,"High Winds, Coastal Flooding","Queens, Staten Island, Bronx, Brooklyn, Manhattan",2018-10-27 00:00,2018-10-28 23:59,EDT,2018-10-27 04:00,2018-10-29 04:00,47.9833,48,FALSE,Staten Island,9.006,4.611,9.006,26.832,3.174,3.174,49,48,ok
SW0653,Nor'Easter,Winter Weather,"High Winds, Coastal Flooding","Queens, Staten Island, Bronx, Brooklyn, Manhattan",2018-10-27 00:00,2018-10-28 23:59,EDT,2018-10-27 04:00,2018-10-29 04:00,47.9833,48,FALSE,ALL NYC,9.61,5.011,9.612,27.973,2.85,2.919,49,48,ok
SW0759,Heavy Snow Event,Winter Weather,Heavy Snow,"Manhattan, Brooklyn, Bronx, Queens, Staten Island",2019-03-04 00:00,2019-03-05 00:00,EST,2019-03-04 05:00,2019-03-05 05:00,24,24,FALSE,Brooklyn,5.523,4.665,5.523,8.329,2.634,2.651,25,24,ok
SW0759,Heavy Snow Event,Winter Weather,Heavy Snow,"Manhattan, Brooklyn, Bronx, Queens, Staten Island",2019-03-04 00:00,2019-03-05 00:00,EST,2019-03-04 05:00,2019-03-05 05:00,24,24,FALSE,Queens,5.443,4.564,5.457,8.908,2.701,2.704,25,24,ok
SW0759,Heavy Snow Event,Winter Weather,Heavy Snow,"Manhattan, Brooklyn, Bronx, Queens, Staten Island",2019-03-04 00:00,2019-03-05 00:00,EST,2019-03-04 05:00,2019-03-05 05:00,24,24,FALSE,Manhattan,4.794,3.823,4.794,8.02,2.644,2.644,25,24,ok
SW0759,Heavy Snow Event,Winter Weather,Heavy Snow,"Manhattan, Brooklyn, Bronx, Queens, Staten Island",2019-03-04 00:00,2019-03-05 00:00,EST,2019-03-04 05:00,2019-03-05 05:00,24,24,FALSE,Bronx,4.502,3.5,4.502,8.302,2.629,2.652,25,24,ok
SW0759,Heavy Snow Event,Winter Weather,Heavy Snow,"Manhattan, Brooklyn, Bronx, Queens, Staten Island",2019-03-04 00:00,2019-03-05 00:00,EST,2019-03-04 05:00,2019-03-05 05:00,24,24,FALSE,Staten Island,4.956,4.108,4.956,7.612,2.764,2.764,25,24,ok
SW0759,Heavy Snow Event,Winter Weather,Heavy Snow,"Manhattan, Brooklyn, Bronx, Queens, Staten Island",2019-03-04 00:00,2019-03-05 00:00,EST,2019-03-04 05:00,2019-03-05 05:00,24,24,FALSE,ALL NYC,5.187,4.294,5.193,8.376,2.638,2.692,25,24,ok
SW0760,Winter Storm Avery,Winter Weather,"Heavy Snow, High Winds, Coastal Flooding",Staten Island,2018-11-15 00:00,2018-11-16 00:00,EST,2018-11-15 05:00,2018-11-16 05:00,24,24,FALSE,Brooklyn,8.854,5.047,8.864,22.136,3.792,3.792,25,24,ok
SW0760,Winter Storm Avery,Winter Weather,"Heavy Snow, High Winds, Coastal Flooding",Staten Island,2018-11-15 00:00,2018-11-16 00:00,EST,2018-11-15 05:00,2018-11-16 05:00,24,24,FALSE,Queens,8.965,5.021,8.966,21.507,3.734,3.734,25,24,ok
SW0760,Winter Storm Avery,Winter Weather,"Heavy Snow, High Winds, Coastal Flooding",Staten Island,2018-11-15 00:00,2018-11-16 00:00,EST,2018-11-15 05:00,2018-11-16 05:00,24,24,FALSE,Manhattan,7.102,4.048,7.109,21.234,3.754,3.754,25,24,ok
SW0760,Winter Storm Avery,Winter Weather,"Heavy Snow, High Winds, Coastal Flooding",Staten Island,2018-11-15 00:00,2018-11-16 00:00,EST,2018-11-15 05:00,2018-11-16 05:00,24,24,FALSE,Bronx,6.599,3.688,6.599,20.543,3.692,3.692,25,24,ok
SW0760,Winter Storm Avery,Winter Weather,"Heavy Snow, High Winds, Coastal Flooding",Staten Island,2018-11-15 00:00,2018-11-16 00:00,EST,2018-11-15 05:00,2018-11-16 05:00,24,24,FALSE,Staten Island,7.55,4.317,7.55,22.179,3.783,3.783,25,24,ok
SW0760,Winter Storm Avery,Winter Weather,"Heavy Snow, High Winds, Coastal Flooding",Staten Island,2018-11-15 00:00,2018-11-16 00:00,EST,2018-11-15 05:00,2018-11-16 05:00,24,24,FALSE,ALL NYC,8.152,4.632,8.199,21.623,3.753,3.753,25,24,ok
SW0761,Heavy Rain Event,Thunderstorms,Flash Flooding,"Staten Island, Queens, Bronx, Brooklyn, Manhattan",2016-01-02 03:59,2016-01-03 03:59,EST,2016-01-02 08:00,2016-01-03 09:00,24,25,FALSE,Brooklyn,4.373,3.538,4.373,0,0,0,26,25,ok
SW0761,Heavy Rain Event,Thunderstorms,Flash Flooding,"Staten Island, Queens, Bronx, Brooklyn, Manhattan",2016-01-02 03:59,2016-01-03 03:59,EST,2016-01-02 08:00,2016-01-03 09:00,24,25,FALSE,Queens,4.352,3.588,4.395,0,0,0,26,25,ok
SW0761,Heavy Rain Event,Thunderstorms,Flash Flooding,"Staten Island, Queens, Bronx, Brooklyn, Manhattan",2016-01-02 03:59,2016-01-03 03:59,EST,2016-01-02 08:00,2016-01-03 09:00,24,25,FALSE,Manhattan,3.69,2.935,3.71,0,0,0,26,25,ok
SW0761,Heavy Rain Event,Thunderstorms,Flash Flooding,"Staten Island, Queens, Bronx, Brooklyn, Manhattan",2016-01-02 03:59,2016-01-03 03:59,EST,2016-01-02 08:00,2016-01-03 09:00,24,25,FALSE,Bronx,3.519,2.737,3.523,0,0,0,26,25,ok
SW0761,Heavy Rain Event,Thunderstorms,Flash Flooding,"Staten Island, Queens, Bronx, Brooklyn, Manhattan",2016-01-02 03:59,2016-01-03 03:59,EST,2016-01-02 08:00,2016-01-03 09:00,24,25,FALSE,Staten Island,3.879,3.013,3.896,0,0,0,26,25,ok
SW0761,Heavy Rain Event,Thunderstorms,Flash Flooding,"Staten Island, Queens, Bronx, Brooklyn, Manhattan",2016-01-02 03:59,2016-01-03 03:59,EST,2016-01-02 08:00,2016-01-03 09:00,24,25,FALSE,ALL NYC,4.085,3.298,4.12,0,0,0,26,25,ok
SW0764,Heavy Rain Event,Thunderstorms,Flash Flooding,Staten Island,2016-06-01 10:30,2016-06-02 10:30,EDT,2016-06-01 14:00,2016-06-02 15:00,24,25,FALSE,Brooklyn,4.895,3.493,4.895,0.001,0.001,0.001,26,25,ok
SW0764,Heavy Rain Event,Thunderstorms,Flash Flooding,Staten Island,2016-06-01 10:30,2016-06-02 10:30,EDT,2016-06-01 14:00,2016-06-02 15:00,24,25,FALSE,Queens,4.62,3.39,4.62,0.001,0.001,0.001,26,25,ok
SW0764,Heavy Rain Event,Thunderstorms,Flash Flooding,Staten Island,2016-06-01 10:30,2016-06-02 10:30,EDT,2016-06-01 14:00,2016-06-02 15:00,24,25,FALSE,Manhattan,4.052,2.915,4.067,0.001,0.001,0.001,26,25,ok
SW0764,Heavy Rain Event,Thunderstorms,Flash Flooding,Staten Island,2016-06-01 10:30,2016-06-02 10:30,EDT,2016-06-01 14:00,2016-06-02 15:00,24,25,FALSE,Bronx,3.703,2.69,3.709,0.001,0.001,0.001,26,25,ok
SW0764,Heavy Rain Event,Thunderstorms,Flash Flooding,Staten Island,2016-06-01 10:30,2016-06-02 10:30,EDT,2016-06-01 14:00,2016-06-02 15:00,24,25,FALSE,Staten Island,4.584,3.168,4.584,0.007,0.004,0.004,26,25,ok
SW0764,Heavy Rain Event,Thunderstorms,Flash Flooding,Staten Island,2016-06-01 10:30,2016-06-02 10:30,EDT,2016-06-01 14:00,2016-06-02 15:00,24,25,FALSE,ALL NYC,4.497,3.236,4.504,0.002,0.001,0.002,26,25,ok
SW0765,Heavy Rain Event,Thunderstorms,Flash Flooding,Staten Island,2016-06-24 23:59,2016-06-25 23:59,EDT,2016-06-25 03:00,2016-06-26 04:00,24,25,FALSE,Brooklyn,4.012,2.886,4.012,0.002,0.001,0.001,26,25,ok
SW0765,Heavy Rain Event,Thunderstorms,Flash Flooding,Staten Island,2016-06-24 23:59,2016-06-25 23:59,EDT,2016-06-25 03:00,2016-06-26 04:00,24,25,FALSE,Queens,3.829,2.84,3.832,0.001,0.001,0.001,26,25,ok
SW0765,Heavy Rain Event,Thunderstorms,Flash Flooding,Staten Island,2016-06-24 23:59,2016-06-25 23:59,EDT,2016-06-25 03:00,2016-06-26 04:00,24,25,FALSE,Manhattan,3.405,2.36,3.422,0.004,0.003,0.003,26,25,ok
SW0765,Heavy Rain Event,Thunderstorms,Flash Flooding,Staten Island,2016-06-24 23:59,2016-06-25 23:59,EDT,2016-06-25 03:00,2016-06-26 04:00,24,25,FALSE,Bronx,3.224,2.188,3.232,0.003,0.002,0.002,26,25,ok
SW0765,Heavy Rain Event,Thunderstorms,Flash Flooding,Staten Island,2016-06-24 23:59,2016-06-25 23:59,EDT,2016-06-25 03:00,2016-06-26 04:00,24,25,FALSE,Staten Island,3.848,2.548,3.848,0.002,0.001,0.001,26,25,ok
SW0765,Heavy Rain Event,Thunderstorms,Flash Flooding,Staten Island,2016-06-24 23:59,2016-06-25 23:59,EDT,2016-06-25 03:00,2016-06-26 04:00,24,25,FALSE,ALL NYC,3.735,2.666,3.759,0.002,0.001,0.001,26,25,ok
SW0766,Heavy Rain Event,Thunderstorms,Flash Flooding,Staten Island,2016-06-08 12:59,2016-06-09 12:59,EDT,2016-06-08 16:00,2016-06-09 17:00,24,25,FALSE,Brooklyn,7.362,5.564,7.38,11.127,6.595,6.595,26,25,ok
SW0766,Heavy Rain Event,Thunderstorms,Flash Flooding,Staten Island,2016-06-08 12:59,2016-06-09 12:59,EDT,2016-06-08 16:00,2016-06-09 17:00,24,25,FALSE,Queens,7.508,5.563,7.509,11.106,7.178,7.178,26,25,ok
SW0766,Heavy Rain Event,Thunderstorms,Flash Flooding,Staten Island,2016-06-08 12:59,2016-06-09 12:59,EDT,2016-06-08 16:00,2016-06-09 17:00,24,25,FALSE,Manhattan,6.591,4.837,6.605,10.39,5.803,5.803,26,25,ok
SW0766,Heavy Rain Event,Thunderstorms,Flash Flooding,Staten Island,2016-06-08 12:59,2016-06-09 12:59,EDT,2016-06-08 16:00,2016-06-09 17:00,24,25,FALSE,Bronx,6.441,4.587,6.441,10.491,6.268,6.268,26,25,ok
SW0766,Heavy Rain Event,Thunderstorms,Flash Flooding,Staten Island,2016-06-08 12:59,2016-06-09 12:59,EDT,2016-06-08 16:00,2016-06-09 17:00,24,25,FALSE,Staten Island,7.315,4.946,7.315,10.732,5.309,5.313,26,25,ok
SW0766,Heavy Rain Event,Thunderstorms,Flash Flooding,Staten Island,2016-06-08 12:59,2016-06-09 12:59,EDT,2016-06-08 16:00,2016-06-09 17:00,24,25,FALSE,ALL NYC,7.015,5.254,7.222,10.892,6.45,6.451,26,25,ok
SW0767,Heavy Rain Event,Thunderstorms,Flash Flooding,Queens,2016-07-22 11:52,2016-07-23 11:52,EDT,2016-07-22 15:00,2016-07-23 16:00,24,25,FALSE,Brooklyn,5.763,4.543,5.763,0.276,0.275,0.275,26,25,ok
SW0767,Heavy Rain Event,Thunderstorms,Flash Flooding,Queens,2016-07-22 11:52,2016-07-23 11:52,EDT,2016-07-22 15:00,2016-07-23 16:00,24,25,FALSE,Queens,5.797,4.562,5.797,0.251,0.25,0.25,26,25,ok
SW0767,Heavy Rain Event,Thunderstorms,Flash Flooding,Queens,2016-07-22 11:52,2016-07-23 11:52,EDT,2016-07-22 15:00,2016-07-23 16:00,24,25,FALSE,Manhattan,5.132,3.899,5.132,0.155,0.154,0.154,26,25,ok
SW0767,Heavy Rain Event,Thunderstorms,Flash Flooding,Queens,2016-07-22 11:52,2016-07-23 11:52,EDT,2016-07-22 15:00,2016-07-23 16:00,24,25,FALSE,Bronx,4.961,3.708,4.961,0.097,0.095,0.095,26,25,ok
SW0767,Heavy Rain Event,Thunderstorms,Flash Flooding,Queens,2016-07-22 11:52,2016-07-23 11:52,EDT,2016-07-22 15:00,2016-07-23 16:00,24,25,FALSE,Staten Island,5.284,4.021,5.299,0.161,0.15,0.15,26,25,ok
SW0767,Heavy Rain Event,Thunderstorms,Flash Flooding,Queens,2016-07-22 11:52,2016-07-23 11:52,EDT,2016-07-22 15:00,2016-07-23 16:00,24,25,FALSE,ALL NYC,5.519,4.284,5.526,0.211,0.208,0.208,26,25,ok
SW0768,Heavy Rain Event,Thunderstorms,Flash Flooding,Queens,2016-08-20 15:51,2016-08-21 15:51,EDT,2016-08-20 19:00,2016-08-21 20:00,24,25,FALSE,Brooklyn,5.254,3.768,5.254,1.338,0.35,0.35,26,25,ok
SW0768,Heavy Rain Event,Thunderstorms,Flash Flooding,Queens,2016-08-20 15:51,2016-08-21 15:51,EDT,2016-08-20 19:00,2016-08-21 20:00,24,25,FALSE,Queens,5.471,3.919,5.471,1.264,0.267,0.289,26,25,ok
SW0768,Heavy Rain Event,Thunderstorms,Flash Flooding,Queens,2016-08-20 15:51,2016-08-21 15:51,EDT,2016-08-20 19:00,2016-08-21 20:00,24,25,FALSE,Manhattan,4.611,3.227,4.62,1.62,0.333,0.372,26,25,ok
SW0768,Heavy Rain Event,Thunderstorms,Flash Flooding,Queens,2016-08-20 15:51,2016-08-21 15:51,EDT,2016-08-20 19:00,2016-08-21 20:00,24,25,FALSE,Bronx,4.529,3.115,4.529,1.657,0.427,0.427,26,25,ok
SW0768,Heavy Rain Event,Thunderstorms,Flash Flooding,Queens,2016-08-20 15:51,2016-08-21 15:51,EDT,2016-08-20 19:00,2016-08-21 20:00,24,25,FALSE,Staten Island,4.38,3.033,4.381,1.522,0.421,0.421,26,25,ok
SW0768,Heavy Rain Event,Thunderstorms,Flash Flooding,Queens,2016-08-20 15:51,2016-08-21 15:51,EDT,2016-08-20 19:00,2016-08-21 20:00,24,25,FALSE,ALL NYC,5.016,3.551,5.017,1.413,0.308,0.352,26,25,ok
SW0769,Heavy Rain Event,Thunderstorms,Flash Flooding,Queens,2015-01-23 18:54,2015-01-24 18:54,EST,2015-01-23 23:00,2015-01-25 00:00,24,25,FALSE,Brooklyn,5.155,3.29,5.155,22.44,3.591,3.591,26,25,ok
SW0769,Heavy Rain Event,Thunderstorms,Flash Flooding,Queens,2015-01-23 18:54,2015-01-24 18:54,EST,2015-01-23 23:00,2015-01-25 00:00,24,25,FALSE,Queens,5.056,3.317,5.056,22.516,3.323,3.436,26,25,ok
SW0769,Heavy Rain Event,Thunderstorms,Flash Flooding,Queens,2015-01-23 18:54,2015-01-24 18:54,EST,2015-01-23 23:00,2015-01-25 00:00,24,25,FALSE,Manhattan,4.072,2.708,4.072,21.466,3.124,3.214,26,25,ok
SW0769,Heavy Rain Event,Thunderstorms,Flash Flooding,Queens,2015-01-23 18:54,2015-01-24 18:54,EST,2015-01-23 23:00,2015-01-25 00:00,24,25,FALSE,Bronx,3.697,2.504,3.697,21.461,3.431,3.431,26,25,ok
SW0769,Heavy Rain Event,Thunderstorms,Flash Flooding,Queens,2015-01-23 18:54,2015-01-24 18:54,EST,2015-01-23 23:00,2015-01-25 00:00,24,25,FALSE,Staten Island,4.511,2.773,4.511,22.37,3.629,3.629,26,25,ok
SW0769,Heavy Rain Event,Thunderstorms,Flash Flooding,Queens,2015-01-23 18:54,2015-01-24 18:54,EST,2015-01-23 23:00,2015-01-25 00:00,24,25,FALSE,ALL NYC,4.709,3.047,4.709,22.237,3.312,3.483,26,25,ok
SW0770,Heavy Rain Event,Thunderstorms,Flash Flooding,Queens,2015-02-28 12:59,2015-03-01 12:59,EST,2015-02-28 17:00,2015-03-01 18:00,24,25,FALSE,Brooklyn,3.684,1.547,3.684,0.381,0.181,0.181,26,25,ok
SW0770,Heavy Rain Event,Thunderstorms,Flash Flooding,Queens,2015-02-28 12:59,2015-03-01 12:59,EST,2015-02-28 17:00,2015-03-01 18:00,24,25,FALSE,Queens,3.725,1.448,3.725,0.428,0.21,0.21,26,25,ok
SW0770,Heavy Rain Event,Thunderstorms,Flash Flooding,Queens,2015-02-28 12:59,2015-03-01 12:59,EST,2015-02-28 17:00,2015-03-01 18:00,24,25,FALSE,Manhattan,3.028,1.361,3.028,0.528,0.23,0.23,26,25,ok
SW0770,Heavy Rain Event,Thunderstorms,Flash Flooding,Queens,2015-02-28 12:59,2015-03-01 12:59,EST,2015-02-28 17:00,2015-03-01 18:00,24,25,FALSE,Bronx,2.836,1.241,2.836,0.572,0.252,0.252,26,25,ok
SW0770,Heavy Rain Event,Thunderstorms,Flash Flooding,Queens,2015-02-28 12:59,2015-03-01 12:59,EST,2015-02-28 17:00,2015-03-01 18:00,24,25,FALSE,Staten Island,3.036,1.445,3.036,0.354,0.156,0.156,26,25,ok
SW0770,Heavy Rain Event,Thunderstorms,Flash Flooding,Queens,2015-02-28 12:59,2015-03-01 12:59,EST,2015-02-28 17:00,2015-03-01 18:00,24,25,FALSE,ALL NYC,3.407,1.435,3.407,0.432,0.201,0.201,26,25,ok
SW0771,Heavy Rain Event,Thunderstorms,Flash Flooding,Brooklyn,2015-03-02 14:55,2015-03-03 14:55,EST,2015-03-02 19:00,2015-03-03 20:00,24,25,FALSE,Brooklyn,6.712,3.407,6.712,0.451,0.29,0.29,26,25,ok
SW0771,Heavy Rain Event,Thunderstorms,Flash Flooding,Brooklyn,2015-03-02 14:55,2015-03-03 14:55,EST,2015-03-02 19:00,2015-03-03 20:00,24,25,FALSE,Queens,6.603,3.396,6.603,0.409,0.275,0.275,26,25,ok
SW0771,Heavy Rain Event,Thunderstorms,Flash Flooding,Brooklyn,2015-03-02 14:55,2015-03-03 14:55,EST,2015-03-02 19:00,2015-03-03 20:00,24,25,FALSE,Manhattan,6,2.972,6,0.483,0.314,0.314,26,25,ok
SW0771,Heavy Rain Event,Thunderstorms,Flash Flooding,Brooklyn,2015-03-02 14:55,2015-03-03 14:55,EST,2015-03-02 19:00,2015-03-03 20:00,24,25,FALSE,Bronx,5.687,2.796,5.687,0.456,0.306,0.306,26,25,ok
SW0771,Heavy Rain Event,Thunderstorms,Flash Flooding,Brooklyn,2015-03-02 14:55,2015-03-03 14:55,EST,2015-03-02 19:00,2015-03-03 20:00,24,25,FALSE,Staten Island,6.051,2.989,6.051,0.509,0.313,0.313,26,25,ok
SW0771,Heavy Rain Event,Thunderstorms,Flash Flooding,Brooklyn,2015-03-02 14:55,2015-03-03 14:55,EST,2015-03-02 19:00,2015-03-03 20:00,24,25,FALSE,ALL NYC,6.349,3.205,6.349,0.45,0.293,0.293,26,25,ok
SW0772,Heavy Rain Event,Winter Weather,Heavy Snow,Staten Island,2015-03-04 18:57,2015-03-05 19:23,EST,2015-03-04 23:00,2015-03-06 01:00,24.4333,26,FALSE,Brooklyn,4.047,3.315,4.076,22.202,1.493,1.494,27,26,ok
SW0772,Heavy Rain Event,Winter Weather,Heavy Snow,Staten Island,2015-03-04 18:57,2015-03-05 19:23,EST,2015-03-04 23:00,2015-03-06 01:00,24.4333,26,FALSE,Queens,4.045,3.266,4.058,21.469,1.425,1.439,27,26,ok
SW0772,Heavy Rain Event,Winter Weather,Heavy Snow,Staten Island,2015-03-04 18:57,2015-03-05 19:23,EST,2015-03-04 23:00,2015-03-06 01:00,24.4333,26,FALSE,Manhattan,3.55,2.837,3.55,19.567,1.263,1.264,27,26,ok
SW0772,Heavy Rain Event,Winter Weather,Heavy Snow,Staten Island,2015-03-04 18:57,2015-03-05 19:23,EST,2015-03-04 23:00,2015-03-06 01:00,24.4333,26,FALSE,Bronx,3.359,2.632,3.359,18.745,1.201,1.206,27,26,ok
SW0772,Heavy Rain Event,Winter Weather,Heavy Snow,Staten Island,2015-03-04 18:57,2015-03-05 19:23,EST,2015-03-04 23:00,2015-03-06 01:00,24.4333,26,FALSE,Staten Island,3.612,2.935,3.621,22.296,1.464,1.475,27,26,ok
SW0772,Heavy Rain Event,Winter Weather,Heavy Snow,Staten Island,2015-03-04 18:57,2015-03-05 19:23,EST,2015-03-04 23:00,2015-03-06 01:00,24.4333,26,FALSE,ALL NYC,3.827,3.093,3.843,21.256,1.388,1.411,27,26,ok
SW0773,Heavy Rain Event,Thunderstorms,Flash Flooding,Queens,2015-04-04 20:29,2015-04-05 20:29,EDT,2015-04-05 00:00,2015-04-06 01:00,24,25,FALSE,Brooklyn,8.049,4.081,8.049,0.187,0.117,0.117,26,25,ok
SW0773,Heavy Rain Event,Thunderstorms,Flash Flooding,Queens,2015-04-04 20:29,2015-04-05 20:29,EDT,2015-04-05 00:00,2015-04-06 01:00,24,25,FALSE,Queens,7.39,3.829,7.395,0.229,0.14,0.14,26,25,ok
SW0773,Heavy Rain Event,Thunderstorms,Flash Flooding,Queens,2015-04-04 20:29,2015-04-05 20:29,EDT,2015-04-05 00:00,2015-04-06 01:00,24,25,FALSE,Manhattan,6.677,3.381,6.775,0.162,0.087,0.088,26,25,ok
SW0773,Heavy Rain Event,Thunderstorms,Flash Flooding,Queens,2015-04-04 20:29,2015-04-05 20:29,EDT,2015-04-05 00:00,2015-04-06 01:00,24,25,FALSE,Bronx,6.311,3.079,6.318,0.17,0.083,0.086,26,25,ok
SW0773,Heavy Rain Event,Thunderstorms,Flash Flooding,Queens,2015-04-04 20:29,2015-04-05 20:29,EDT,2015-04-05 00:00,2015-04-06 01:00,24,25,FALSE,Staten Island,7.719,3.893,7.719,0.058,0.028,0.035,26,25,ok
SW0773,Heavy Rain Event,Thunderstorms,Flash Flooding,Queens,2015-04-04 20:29,2015-04-05 20:29,EDT,2015-04-05 00:00,2015-04-06 01:00,24,25,FALSE,ALL NYC,7.352,3.758,7.402,0.174,0.101,0.104,26,25,ok
SW0774,Heavy Rain Event,Thunderstorms,Flash Flooding,Staten Island,2015-05-30 18:45,2015-05-31 18:45,EDT,2015-05-30 22:00,2015-05-31 23:00,24,25,FALSE,Brooklyn,6.225,4.095,6.242,3.971,1.535,1.556,26,25,ok
SW0774,Heavy Rain Event,Thunderstorms,Flash Flooding,Staten Island,2015-05-30 18:45,2015-05-31 18:45,EDT,2015-05-30 22:00,2015-05-31 23:00,24,25,FALSE,Queens,6.264,4.144,6.264,4.217,1.66,1.661,26,25,ok
SW0774,Heavy Rain Event,Thunderstorms,Flash Flooding,Staten Island,2015-05-30 18:45,2015-05-31 18:45,EDT,2015-05-30 22:00,2015-05-31 23:00,24,25,FALSE,Manhattan,5.188,3.386,5.188,5.186,1.619,1.769,26,25,ok
SW0774,Heavy Rain Event,Thunderstorms,Flash Flooding,Staten Island,2015-05-30 18:45,2015-05-31 18:45,EDT,2015-05-30 22:00,2015-05-31 23:00,24,25,FALSE,Bronx,4.867,3.228,4.867,5.679,1.802,1.949,26,25,ok
SW0774,Heavy Rain Event,Thunderstorms,Flash Flooding,Staten Island,2015-05-30 18:45,2015-05-31 18:45,EDT,2015-05-30 22:00,2015-05-31 23:00,24,25,FALSE,Staten Island,5.231,3.494,5.233,3.922,1.656,1.656,26,25,ok
SW0774,Heavy Rain Event,Thunderstorms,Flash Flooding,Staten Island,2015-05-30 18:45,2015-05-31 18:45,EDT,2015-05-30 22:00,2015-05-31 23:00,24,25,FALSE,ALL NYC,5.771,3.822,5.785,4.386,1.644,1.684,26,25,ok
SW0775,Heavy Rain Event,Thunderstorms,Flash Flooding,Staten Island,2015-08-04 10:45,2015-08-05 10:45,EDT,2015-08-04 14:00,2015-08-05 15:00,24,25,FALSE,Brooklyn,5.422,3.071,5.422,1.249,1.213,1.213,26,25,ok
SW0775,Heavy Rain Event,Thunderstorms,Flash Flooding,Staten Island,2015-08-04 10:45,2015-08-05 10:45,EDT,2015-08-04 14:00,2015-08-05 15:00,24,25,FALSE,Queens,5.351,3.005,5.351,1.51,1.495,1.495,26,25,ok
SW0775,Heavy Rain Event,Thunderstorms,Flash Flooding,Staten Island,2015-08-04 10:45,2015-08-05 10:45,EDT,2015-08-04 14:00,2015-08-05 15:00,24,25,FALSE,Manhattan,5.075,2.656,5.075,1.172,1.158,1.158,26,25,ok
SW0775,Heavy Rain Event,Thunderstorms,Flash Flooding,Staten Island,2015-08-04 10:45,2015-08-05 10:45,EDT,2015-08-04 14:00,2015-08-05 15:00,24,25,FALSE,Bronx,4.963,2.528,4.963,1.373,1.367,1.367,26,25,ok
SW0775,Heavy Rain Event,Thunderstorms,Flash Flooding,Staten Island,2015-08-04 10:45,2015-08-05 10:45,EDT,2015-08-04 14:00,2015-08-05 15:00,24,25,FALSE,Staten Island,5.248,2.8,5.248,0.971,0.884,0.884,26,25,ok
SW0775,Heavy Rain Event,Thunderstorms,Flash Flooding,Staten Island,2015-08-04 10:45,2015-08-05 10:45,EDT,2015-08-04 14:00,2015-08-05 15:00,24,25,FALSE,ALL NYC,5.271,2.887,5.271,1.301,1.269,1.269,26,25,ok
SW0776,Heavy Rain Event,Thunderstorms,Flash Flooding,Queens,2015-08-21 05:51,2015-08-22 05:51,EDT,2015-08-21 09:00,2015-08-22 10:00,24,25,FALSE,Brooklyn,4.054,2.227,4.054,0.342,0.189,0.189,26,25,ok
SW0776,Heavy Rain Event,Thunderstorms,Flash Flooding,Queens,2015-08-21 05:51,2015-08-22 05:51,EDT,2015-08-21 09:00,2015-08-22 10:00,24,25,FALSE,Queens,4.208,2.259,4.219,0.992,0.37,0.375,26,25,ok
SW0776,Heavy Rain Event,Thunderstorms,Flash Flooding,Queens,2015-08-21 05:51,2015-08-22 05:51,EDT,2015-08-21 09:00,2015-08-22 10:00,24,25,FALSE,Manhattan,3.657,2.063,3.711,0.468,0.152,0.17,26,25,ok
SW0776,Heavy Rain Event,Thunderstorms,Flash Flooding,Queens,2015-08-21 05:51,2015-08-22 05:51,EDT,2015-08-21 09:00,2015-08-22 10:00,24,25,FALSE,Bronx,3.74,2.054,3.757,0.769,0.265,0.282,26,25,ok
SW0776,Heavy Rain Event,Thunderstorms,Flash Flooding,Queens,2015-08-21 05:51,2015-08-22 05:51,EDT,2015-08-21 09:00,2015-08-22 10:00,24,25,FALSE,Staten Island,3.782,2.055,3.783,0.071,0.041,0.043,26,25,ok
SW0776,Heavy Rain Event,Thunderstorms,Flash Flooding,Queens,2015-08-21 05:51,2015-08-22 05:51,EDT,2015-08-21 09:00,2015-08-22 10:00,24,25,FALSE,ALL NYC,3.857,2.169,3.993,0.598,0.222,0.24,26,25,ok
SW0810,High Wind Event,Winter Weather,High Winds,Bronx,2016-01-13 00:47,2016-01-14 00:47,EST,2016-01-13 05:00,2016-01-14 06:00,24,25,FALSE,Brooklyn,8.445,6.206,8.445,0.002,0.001,0.001,26,25,ok
SW0810,High Wind Event,Winter Weather,High Winds,Bronx,2016-01-13 00:47,2016-01-14 00:47,EST,2016-01-13 05:00,2016-01-14 06:00,24,25,FALSE,Queens,8.161,6.197,8.161,0.001,0.001,0.001,26,25,ok
SW0810,High Wind Event,Winter Weather,High Winds,Bronx,2016-01-13 00:47,2016-01-14 00:47,EST,2016-01-13 05:00,2016-01-14 06:00,24,25,FALSE,Manhattan,6.993,5.214,6.993,0.001,0.001,0.001,26,25,ok
SW0810,High Wind Event,Winter Weather,High Winds,Bronx,2016-01-13 00:47,2016-01-14 00:47,EST,2016-01-13 05:00,2016-01-14 06:00,24,25,FALSE,Bronx,6.438,4.864,6.438,0.001,0.001,0.001,26,25,ok
SW0810,High Wind Event,Winter Weather,High Winds,Bronx,2016-01-13 00:47,2016-01-14 00:47,EST,2016-01-13 05:00,2016-01-14 06:00,24,25,FALSE,Staten Island,7.77,5.44,7.77,0.002,0.001,0.001,26,25,ok
SW0810,High Wind Event,Winter Weather,High Winds,Bronx,2016-01-13 00:47,2016-01-14 00:47,EST,2016-01-13 05:00,2016-01-14 06:00,24,25,FALSE,ALL NYC,7.819,5.793,7.819,0.002,0.001,0.001,26,25,ok
SW0811,High Wind Event,Winter Weather,High Winds,Queens,2016-01-20 03:51,2016-01-21 03:51,EST,2016-01-20 08:00,2016-01-21 09:00,24,25,FALSE,Brooklyn,5.063,3.07,5.063,0.017,0.009,0.009,26,25,ok
SW0811,High Wind Event,Winter Weather,High Winds,Queens,2016-01-20 03:51,2016-01-21 03:51,EST,2016-01-20 08:00,2016-01-21 09:00,24,25,FALSE,Queens,5.086,3.13,5.086,0.012,0.006,0.006,26,25,ok
SW0811,High Wind Event,Winter Weather,High Winds,Queens,2016-01-20 03:51,2016-01-21 03:51,EST,2016-01-20 08:00,2016-01-21 09:00,24,25,FALSE,Manhattan,4.42,2.659,4.42,0.011,0.006,0.006,26,25,ok
SW0811,High Wind Event,Winter Weather,High Winds,Queens,2016-01-20 03:51,2016-01-21 03:51,EST,2016-01-20 08:00,2016-01-21 09:00,24,25,FALSE,Bronx,4.106,2.501,4.106,0.008,0.004,0.004,26,25,ok
SW0811,High Wind Event,Winter Weather,High Winds,Queens,2016-01-20 03:51,2016-01-21 03:51,EST,2016-01-20 08:00,2016-01-21 09:00,24,25,FALSE,Staten Island,4.289,2.542,4.289,0.024,0.011,0.011,26,25,ok
SW0811,High Wind Event,Winter Weather,High Winds,Queens,2016-01-20 03:51,2016-01-21 03:51,EST,2016-01-20 08:00,2016-01-21 09:00,24,25,FALSE,ALL NYC,4.743,2.881,4.743,0.015,0.008,0.008,26,25,ok
SW0814,High Wind Event,Thunderstorms,High Winds,Brooklyn,2016-10-23 13:54,2016-10-24 13:54,EDT,2016-10-23 17:00,2016-10-24 18:00,24,25,FALSE,Brooklyn,9.349,4.647,9.349,1.369,0.44,0.48,26,25,ok
SW0814,High Wind Event,Thunderstorms,High Winds,Brooklyn,2016-10-23 13:54,2016-10-24 13:54,EDT,2016-10-23 17:00,2016-10-24 18:00,24,25,FALSE,Queens,9.46,4.676,9.46,1.892,0.79,0.79,26,25,ok
SW0814,High Wind Event,Thunderstorms,High Winds,Brooklyn,2016-10-23 13:54,2016-10-24 13:54,EDT,2016-10-23 17:00,2016-10-24 18:00,24,25,FALSE,Manhattan,8.351,3.949,8.351,2.305,0.826,0.826,26,25,ok
SW0814,High Wind Event,Thunderstorms,High Winds,Brooklyn,2016-10-23 13:54,2016-10-24 13:54,EDT,2016-10-23 17:00,2016-10-24 18:00,24,25,FALSE,Bronx,8.047,3.728,8.047,2.865,1.111,1.111,26,25,ok
SW0814,High Wind Event,Thunderstorms,High Winds,Brooklyn,2016-10-23 13:54,2016-10-24 13:54,EDT,2016-10-23 17:00,2016-10-24 18:00,24,25,FALSE,Staten Island,8.175,4.03,8.175,1.248,0.624,0.624,26,25,ok
SW0814,High Wind Event,Thunderstorms,High Winds,Brooklyn,2016-10-23 13:54,2016-10-24 13:54,EDT,2016-10-23 17:00,2016-10-24 18:00,24,25,FALSE,ALL NYC,8.909,4.358,8.909,1.82,0.643,0.735,26,25,ok
SW0815,High Wind Event,Winter Weather,High Winds,Brooklyn,2016-11-20 14:54,2016-11-22 10:51,EST,2016-11-20 19:00,2016-11-22 16:00,43.95,45,FALSE,Brooklyn,10.165,7.542,10.165,0.285,0.045,0.045,46,45,ok
SW0815,High Wind Event,Winter Weather,High Winds,Brooklyn,2016-11-20 14:54,2016-11-22 10:51,EST,2016-11-20 19:00,2016-11-22 16:00,43.95,45,FALSE,Queens,10.331,7.659,10.331,0.381,0.054,0.055,46,45,ok
SW0815,High Wind Event,Winter Weather,High Winds,Brooklyn,2016-11-20 14:54,2016-11-22 10:51,EST,2016-11-20 19:00,2016-11-22 16:00,43.95,45,FALSE,Manhattan,9.218,6.504,9.218,0.378,0.058,0.058,46,45,ok
SW0815,High Wind Event,Winter Weather,High Winds,Brooklyn,2016-11-20 14:54,2016-11-22 10:51,EST,2016-11-20 19:00,2016-11-22 16:00,43.95,45,FALSE,Bronx,8.841,6.149,8.841,0.469,0.069,0.069,46,45,ok
SW0815,High Wind Event,Winter Weather,High Winds,Brooklyn,2016-11-20 14:54,2016-11-22 10:51,EST,2016-11-20 19:00,2016-11-22 16:00,43.95,45,FALSE,Staten Island,8.82,6.46,8.82,0.259,0.05,0.05,46,45,ok
SW0815,High Wind Event,Winter Weather,High Winds,Brooklyn,2016-11-20 14:54,2016-11-22 10:51,EST,2016-11-20 19:00,2016-11-22 16:00,43.95,45,FALSE,ALL NYC,9.715,7.106,9.715,0.348,0.052,0.054,46,45,ok
SW0838,High Wind Event,Winter Weather,High Winds,Brooklyn,2016-02-13 10:54,2016-02-13 16:54,EST,2016-02-13 15:00,2016-02-13 22:00,6,7,FALSE,Brooklyn,9.125,8.704,9.125,0.004,0.001,0.001,8,7,ok
SW0838,High Wind Event,Winter Weather,High Winds,Brooklyn,2016-02-13 10:54,2016-02-13 16:54,EST,2016-02-13 15:00,2016-02-13 22:00,6,7,FALSE,Queens,8.916,8.596,8.948,0.007,0.002,0.002,8,7,ok
SW0838,High Wind Event,Winter Weather,High Winds,Brooklyn,2016-02-13 10:54,2016-02-13 16:54,EST,2016-02-13 15:00,2016-02-13 22:00,6,7,FALSE,Manhattan,7.764,7.441,7.765,0.002,0.001,0.001,8,7,ok
SW0838,High Wind Event,Winter Weather,High Winds,Brooklyn,2016-02-13 10:54,2016-02-13 16:54,EST,2016-02-13 15:00,2016-02-13 22:00,6,7,FALSE,Bronx,7.235,6.972,7.249,0.002,0.001,0.001,8,7,ok
SW0838,High Wind Event,Winter Weather,High Winds,Brooklyn,2016-02-13 10:54,2016-02-13 16:54,EST,2016-02-13 15:00,2016-02-13 22:00,6,7,FALSE,Staten Island,8.233,7.714,8.233,0.003,0.001,0.001,8,7,ok
SW0838,High Wind Event,Winter Weather,High Winds,Brooklyn,2016-02-13 10:54,2016-02-13 16:54,EST,2016-02-13 15:00,2016-02-13 22:00,6,7,FALSE,ALL NYC,8.504,8.137,8.523,0.005,0.001,0.001,8,7,ok
SW0844,High Wind Event,Winter Weather,High Winds,Brooklyn,2016-03-02 07:54,2016-03-03 07:54,EST,2016-03-02 12:00,2016-03-03 13:00,24,25,FALSE,Brooklyn,8.347,5.486,8.347,0.006,0.005,0.005,26,25,ok
SW0844,High Wind Event,Winter Weather,High Winds,Brooklyn,2016-03-02 07:54,2016-03-03 07:54,EST,2016-03-02 12:00,2016-03-03 13:00,24,25,FALSE,Queens,8.166,5.568,8.166,0.011,0.01,0.01,26,25,ok
SW0844,High Wind Event,Winter Weather,High Winds,Brooklyn,2016-03-02 07:54,2016-03-03 07:54,EST,2016-03-02 12:00,2016-03-03 13:00,24,25,FALSE,Manhattan,7.146,4.781,7.146,0.005,0.005,0.005,26,25,ok
SW0844,High Wind Event,Winter Weather,High Winds,Brooklyn,2016-03-02 07:54,2016-03-03 07:54,EST,2016-03-02 12:00,2016-03-03 13:00,24,25,FALSE,Bronx,6.673,4.535,6.673,0.006,0.006,0.006,26,25,ok
SW0844,High Wind Event,Winter Weather,High Winds,Brooklyn,2016-03-02 07:54,2016-03-03 07:54,EST,2016-03-02 12:00,2016-03-03 13:00,24,25,FALSE,Staten Island,7.614,4.689,7.614,0.003,0.003,0.003,26,25,ok
SW0844,High Wind Event,Winter Weather,High Winds,Brooklyn,2016-03-02 07:54,2016-03-03 07:54,EST,2016-03-02 12:00,2016-03-03 13:00,24,25,FALSE,ALL NYC,7.796,5.178,7.815,0.007,0.007,0.007,26,25,ok
SW0850,High Wind Event,Winter Weather,High Winds,Queens,2016-04-07 12:59,2016-04-08 12:59,EDT,2016-04-07 16:00,2016-04-08 17:00,24,25,FALSE,Brooklyn,9.433,5.703,9.433,6.174,3.03,3.03,26,25,ok
SW0850,High Wind Event,Winter Weather,High Winds,Queens,2016-04-07 12:59,2016-04-08 12:59,EDT,2016-04-07 16:00,2016-04-08 17:00,24,25,FALSE,Queens,9.965,5.686,9.965,6.821,3.174,3.174,26,25,ok
SW0850,High Wind Event,Winter Weather,High Winds,Queens,2016-04-07 12:59,2016-04-08 12:59,EDT,2016-04-07 16:00,2016-04-08 17:00,24,25,FALSE,Manhattan,7.378,4.818,7.529,7.008,3.263,3.263,26,25,ok
SW0850,High Wind Event,Winter Weather,High Winds,Queens,2016-04-07 12:59,2016-04-08 12:59,EDT,2016-04-07 16:00,2016-04-08 17:00,24,25,FALSE,Bronx,7.175,4.54,7.332,7.524,3.386,3.386,26,25,ok
SW0850,High Wind Event,Winter Weather,High Winds,Queens,2016-04-07 12:59,2016-04-08 12:59,EDT,2016-04-07 16:00,2016-04-08 17:00,24,25,FALSE,Staten Island,7.817,5.079,7.817,5.944,2.98,2.98,26,25,ok
SW0850,High Wind Event,Winter Weather,High Winds,Queens,2016-04-07 12:59,2016-04-08 12:59,EDT,2016-04-07 16:00,2016-04-08 17:00,24,25,FALSE,ALL NYC,8.747,5.347,8.877,6.622,3.141,3.141,26,25,ok
SW0853,High Wind Event,Thunderstorms,High Winds,Brooklyn,2016-06-12 11:54,2016-06-12 12:54,EDT,2016-06-12 15:00,2016-06-12 17:00,1,2,FALSE,Brooklyn,7.646,7.476,7.646,0.001,0.001,0.001,3,2,ok
SW0853,High Wind Event,Thunderstorms,High Winds,Brooklyn,2016-06-12 11:54,2016-06-12 12:54,EDT,2016-06-12 15:00,2016-06-12 17:00,1,2,FALSE,Queens,7.501,7.316,7.501,0.001,0.001,0.001,3,2,ok
SW0853,High Wind Event,Thunderstorms,High Winds,Brooklyn,2016-06-12 11:54,2016-06-12 12:54,EDT,2016-06-12 15:00,2016-06-12 17:00,1,2,FALSE,Manhattan,6.763,6.556,6.763,0.001,0.001,0.001,3,2,ok
SW0853,High Wind Event,Thunderstorms,High Winds,Brooklyn,2016-06-12 11:54,2016-06-12 12:54,EDT,2016-06-12 15:00,2016-06-12 17:00,1,2,FALSE,Bronx,6.447,6.232,6.447,0.001,0.001,0.001,3,2,ok
SW0853,High Wind Event,Thunderstorms,High Winds,Brooklyn,2016-06-12 11:54,2016-06-12 12:54,EDT,2016-06-12 15:00,2016-06-12 17:00,1,2,FALSE,Staten Island,7.027,6.871,7.027,0.001,0.001,0.001,3,2,ok
SW0853,High Wind Event,Thunderstorms,High Winds,Brooklyn,2016-06-12 11:54,2016-06-12 12:54,EDT,2016-06-12 15:00,2016-06-12 17:00,1,2,FALSE,ALL NYC,7.239,7.056,7.239,0.001,0.001,0.001,3,2,ok
SW0917,Extreme Cold Event,Winter Weather,Extreme Cold,"Manhattan, Brooklyn, Bronx, Queens, Staten Island",2015-01-07 19:00,2015-01-09 00:00,EST,2015-01-08 00:00,2015-01-09 05:00,29,29,FALSE,Brooklyn,7.891,5.159,7.891,0.003,0.001,0.001,30,29,ok
SW0917,Extreme Cold Event,Winter Weather,Extreme Cold,"Manhattan, Brooklyn, Bronx, Queens, Staten Island",2015-01-07 19:00,2015-01-09 00:00,EST,2015-01-08 00:00,2015-01-09 05:00,29,29,FALSE,Queens,8,5.269,8,0.004,0.001,0.001,30,29,ok
SW0917,Extreme Cold Event,Winter Weather,Extreme Cold,"Manhattan, Brooklyn, Bronx, Queens, Staten Island",2015-01-07 19:00,2015-01-09 00:00,EST,2015-01-08 00:00,2015-01-09 05:00,29,29,FALSE,Manhattan,6.716,4.386,6.716,0.002,0.001,0.001,30,29,ok
SW0917,Extreme Cold Event,Winter Weather,Extreme Cold,"Manhattan, Brooklyn, Bronx, Queens, Staten Island",2015-01-07 19:00,2015-01-09 00:00,EST,2015-01-08 00:00,2015-01-09 05:00,29,29,FALSE,Bronx,6.363,4.149,6.363,0.002,0.001,0.001,30,29,ok
SW0917,Extreme Cold Event,Winter Weather,Extreme Cold,"Manhattan, Brooklyn, Bronx, Queens, Staten Island",2015-01-07 19:00,2015-01-09 00:00,EST,2015-01-08 00:00,2015-01-09 05:00,29,29,FALSE,Staten Island,6.772,4.39,6.772,0.002,0.001,0.001,30,29,ok
SW0917,Extreme Cold Event,Winter Weather,Extreme Cold,"Manhattan, Brooklyn, Bronx, Queens, Staten Island",2015-01-07 19:00,2015-01-09 00:00,EST,2015-01-08 00:00,2015-01-09 05:00,29,29,FALSE,ALL NYC,7.414,4.853,7.414,0.003,0.001,0.001,30,29,ok
SW0937,Extreme Heat Event,Extreme Heat,Extreme Heat,"Staten Island, Queens, Bronx, Brooklyn",2016-05-27 16:56,2016-05-28 22:59,EDT,2016-05-27 20:00,2016-05-29 03:00,30.05,31,FALSE,Brooklyn,5.166,4.008,5.166,0.274,0.179,0.182,32,31,ok
SW0937,Extreme Heat Event,Extreme Heat,Extreme Heat,"Staten Island, Queens, Bronx, Brooklyn",2016-05-27 16:56,2016-05-28 22:59,EDT,2016-05-27 20:00,2016-05-29 03:00,30.05,31,FALSE,Queens,5.191,4.023,5.191,0.155,0.102,0.109,32,31,ok
SW0937,Extreme Heat Event,Extreme Heat,Extreme Heat,"Staten Island, Queens, Bronx, Brooklyn",2016-05-27 16:56,2016-05-28 22:59,EDT,2016-05-27 20:00,2016-05-29 03:00,30.05,31,FALSE,Manhattan,4.316,3.242,4.316,0.688,0.536,0.536,32,31,ok
SW0937,Extreme Heat Event,Extreme Heat,Extreme Heat,"Staten Island, Queens, Bronx, Brooklyn",2016-05-27 16:56,2016-05-28 22:59,EDT,2016-05-27 20:00,2016-05-29 03:00,30.05,31,FALSE,Bronx,4.083,3,4.083,0.498,0.362,0.362,32,31,ok
SW0937,Extreme Heat Event,Extreme Heat,Extreme Heat,"Staten Island, Queens, Bronx, Brooklyn",2016-05-27 16:56,2016-05-28 22:59,EDT,2016-05-27 20:00,2016-05-29 03:00,30.05,31,FALSE,Staten Island,4.377,3.407,4.377,0.304,0.133,0.133,32,31,ok
SW0937,Extreme Heat Event,Extreme Heat,Extreme Heat,"Staten Island, Queens, Bronx, Brooklyn",2016-05-27 16:56,2016-05-28 22:59,EDT,2016-05-27 20:00,2016-05-29 03:00,30.05,31,FALSE,ALL NYC,4.808,3.699,4.808,0.304,0.196,0.203,32,31,ok
SW0938,Extreme Heat Event,Extreme Heat,Extreme Heat,"Brooklyn, Queens, Staten Island",2016-07-05 19:54,2016-07-08 16:54,EDT,2016-07-05 23:00,2016-07-08 21:00,69,70,FALSE,Brooklyn,5.387,2.574,5.387,6.241,2.689,2.689,71,70,ok
SW0938,Extreme Heat Event,Extreme Heat,Extreme Heat,"Brooklyn, Queens, Staten Island",2016-07-05 19:54,2016-07-08 16:54,EDT,2016-07-05 23:00,2016-07-08 21:00,69,70,FALSE,Queens,5.199,2.554,5.2,4.548,1.16,1.313,71,70,ok
SW0938,Extreme Heat Event,Extreme Heat,Extreme Heat,"Brooklyn, Queens, Staten Island",2016-07-05 19:54,2016-07-08 16:54,EDT,2016-07-05 23:00,2016-07-08 21:00,69,70,FALSE,Manhattan,4.418,2.122,4.418,7.917,2.82,2.943,71,70,ok
SW0938,Extreme Heat Event,Extreme Heat,Extreme Heat,"Brooklyn, Queens, Staten Island",2016-07-05 19:54,2016-07-08 16:54,EDT,2016-07-05 23:00,2016-07-08 21:00,69,70,FALSE,Bronx,3.993,2.008,3.993,7.595,2.432,2.432,71,70,ok
SW0938,Extreme Heat Event,Extreme Heat,Extreme Heat,"Brooklyn, Queens, Staten Island",2016-07-05 19:54,2016-07-08 16:54,EDT,2016-07-05 23:00,2016-07-08 21:00,69,70,FALSE,Staten Island,4.764,2.285,4.764,9.524,4.339,4.343,71,70,ok
SW0938,Extreme Heat Event,Extreme Heat,Extreme Heat,"Brooklyn, Queens, Staten Island",2016-07-05 19:54,2016-07-08 16:54,EDT,2016-07-05 23:00,2016-07-08 21:00,69,70,FALSE,ALL NYC,4.931,2.397,4.931,6.564,2.27,2.482,71,70,ok
SW0939,Extreme Heat Event,Extreme Heat,Extreme Heat,"Staten Island, Queens, Brooklyn, Bronx, Manhattan",2016-08-10 15:58,2016-08-21 18:56,EDT,2016-08-10 19:00,2016-08-21 23:00,266.967,268,FALSE,Brooklyn,6.035,3.021,6.035,28.487,2.463,2.615,269,268,ok
SW0939,Extreme Heat Event,Extreme Heat,Extreme Heat,"Staten Island, Queens, Brooklyn, Bronx, Manhattan",2016-08-10 15:58,2016-08-21 18:56,EDT,2016-08-10 19:00,2016-08-21 23:00,266.967,268,FALSE,Queens,6.064,3.035,6.071,27.994,2.527,2.685,269,268,ok
SW0939,Extreme Heat Event,Extreme Heat,Extreme Heat,"Staten Island, Queens, Brooklyn, Bronx, Manhattan",2016-08-10 15:58,2016-08-21 18:56,EDT,2016-08-10 19:00,2016-08-21 23:00,266.967,268,FALSE,Manhattan,5.057,2.566,5.071,38.333,4.648,4.648,269,268,ok
SW0939,Extreme Heat Event,Extreme Heat,Extreme Heat,"Staten Island, Queens, Brooklyn, Bronx, Manhattan",2016-08-10 15:58,2016-08-21 18:56,EDT,2016-08-10 19:00,2016-08-21 23:00,266.967,268,FALSE,Bronx,4.884,2.451,4.891,40.299,5.127,5.127,269,268,ok
SW0939,Extreme Heat Event,Extreme Heat,Extreme Heat,"Staten Island, Queens, Brooklyn, Bronx, Manhattan",2016-08-10 15:58,2016-08-21 18:56,EDT,2016-08-10 19:00,2016-08-21 23:00,266.967,268,FALSE,Staten Island,5.231,2.657,5.231,35.034,3.979,4.149,269,268,ok
SW0939,Extreme Heat Event,Extreme Heat,Extreme Heat,"Staten Island, Queens, Brooklyn, Bronx, Manhattan",2016-08-10 15:58,2016-08-21 18:56,EDT,2016-08-10 19:00,2016-08-21 23:00,266.967,268,FALSE,ALL NYC,5.64,2.842,5.659,31.981,2.401,3.444,269,268,ok
SW0940,Extreme Heat Event,Extreme Heat,Extreme Heat,"Manhattan, Bronx, Brooklyn, Queens, Staten Island",2016-08-26 14:51,2016-08-26 22:52,EDT,2016-08-26 18:00,2016-08-27 03:00,8.01667,9,FALSE,Brooklyn,3.531,3.014,3.531,0.046,0.043,0.043,10,9,ok
SW0940,Extreme Heat Event,Extreme Heat,Extreme Heat,"Manhattan, Bronx, Brooklyn, Queens, Staten Island",2016-08-26 14:51,2016-08-26 22:52,EDT,2016-08-26 18:00,2016-08-27 03:00,8.01667,9,FALSE,Queens,3.356,2.902,3.449,0.073,0.067,0.067,10,9,ok
SW0940,Extreme Heat Event,Extreme Heat,Extreme Heat,"Manhattan, Bronx, Brooklyn, Queens, Staten Island",2016-08-26 14:51,2016-08-26 22:52,EDT,2016-08-26 18:00,2016-08-27 03:00,8.01667,9,FALSE,Manhattan,3.339,2.818,3.339,0.041,0.039,0.039,10,9,ok
SW0940,Extreme Heat Event,Extreme Heat,Extreme Heat,"Manhattan, Bronx, Brooklyn, Queens, Staten Island",2016-08-26 14:51,2016-08-26 22:52,EDT,2016-08-26 18:00,2016-08-27 03:00,8.01667,9,FALSE,Bronx,3.285,2.739,3.285,0.053,0.051,0.051,10,9,ok
SW0940,Extreme Heat Event,Extreme Heat,Extreme Heat,"Manhattan, Bronx, Brooklyn, Queens, Staten Island",2016-08-26 14:51,2016-08-26 22:52,EDT,2016-08-26 18:00,2016-08-27 03:00,8.01667,9,FALSE,Staten Island,3.534,2.985,3.534,0.012,0.011,0.011,10,9,ok
SW0940,Extreme Heat Event,Extreme Heat,Extreme Heat,"Manhattan, Bronx, Brooklyn, Queens, Staten Island",2016-08-26 14:51,2016-08-26 22:52,EDT,2016-08-26 18:00,2016-08-27 03:00,8.01667,9,FALSE,ALL NYC,3.417,2.913,3.451,0.05,0.046,0.046,10,9,ok
SW0941,Extreme Heat Event,Extreme Heat,Extreme Heat,"Staten Island, Queens, Brooklyn",2016-08-29 14:40,2016-08-31 18:30,EDT,2016-08-29 18:00,2016-08-31 23:00,51.8333,53,FALSE,Brooklyn,4.587,2.993,4.587,0.234,0.115,0.13,54,53,ok
SW0941,Extreme Heat Event,Extreme Heat,Extreme Heat,"Staten Island, Queens, Brooklyn",2016-08-29 14:40,2016-08-31 18:30,EDT,2016-08-29 18:00,2016-08-31 23:00,51.8333,53,FALSE,Queens,4.359,2.977,4.445,0.252,0.122,0.129,54,53,ok
SW0941,Extreme Heat Event,Extreme Heat,Extreme Heat,"Staten Island, Queens, Brooklyn",2016-08-29 14:40,2016-08-31 18:30,EDT,2016-08-29 18:00,2016-08-31 23:00,51.8333,53,FALSE,Manhattan,3.675,2.449,3.715,0.312,0.2,0.2,54,53,ok
SW0941,Extreme Heat Event,Extreme Heat,Extreme Heat,"Staten Island, Queens, Brooklyn",2016-08-29 14:40,2016-08-31 18:30,EDT,2016-08-29 18:00,2016-08-31 23:00,51.8333,53,FALSE,Bronx,3.561,2.304,3.644,0.247,0.138,0.146,54,53,ok
SW0941,Extreme Heat Event,Extreme Heat,Extreme Heat,"Staten Island, Queens, Brooklyn",2016-08-29 14:40,2016-08-31 18:30,EDT,2016-08-29 18:00,2016-08-31 23:00,51.8333,53,FALSE,Staten Island,4.272,2.589,4.272,0.1,0.044,0.044,54,53,ok
SW0941,Extreme Heat Event,Extreme Heat,Extreme Heat,"Staten Island, Queens, Brooklyn",2016-08-29 14:40,2016-08-31 18:30,EDT,2016-08-29 18:00,2016-08-31 23:00,51.8333,53,FALSE,ALL NYC,4.183,2.772,4.271,0.225,0.091,0.122,54,53,ok
SW0942,Extreme Heat Event,Extreme Heat,Extreme Heat,"Brooklyn, Bronx, Manhattan, Queens, Staten Island",2016-09-08 16:55,2016-09-10 22:57,EDT,2016-09-08 20:00,2016-09-11 03:00,54.0333,55,FALSE,Brooklyn,5.283,2.882,5.283,6.197,1.692,1.855,56,55,ok
SW0942,Extreme Heat Event,Extreme Heat,Extreme Heat,"Brooklyn, Bronx, Manhattan, Queens, Staten Island",2016-09-08 16:55,2016-09-10 22:57,EDT,2016-09-08 20:00,2016-09-11 03:00,54.0333,55,FALSE,Queens,5.387,3.003,5.387,5.472,1.633,1.975,56,55,ok
SW0942,Extreme Heat Event,Extreme Heat,Extreme Heat,"Brooklyn, Bronx, Manhattan, Queens, Staten Island",2016-09-08 16:55,2016-09-10 22:57,EDT,2016-09-08 20:00,2016-09-11 03:00,54.0333,55,FALSE,Manhattan,4.187,2.433,4.192,6.172,2.546,2.546,56,55,ok
SW0942,Extreme Heat Event,Extreme Heat,Extreme Heat,"Brooklyn, Bronx, Manhattan, Queens, Staten Island",2016-09-08 16:55,2016-09-10 22:57,EDT,2016-09-08 20:00,2016-09-11 03:00,54.0333,55,FALSE,Bronx,3.885,2.349,3.896,6.153,3.07,3.07,56,55,ok
SW0942,Extreme Heat Event,Extreme Heat,Extreme Heat,"Brooklyn, Bronx, Manhattan, Queens, Staten Island",2016-09-08 16:55,2016-09-10 22:57,EDT,2016-09-08 20:00,2016-09-11 03:00,54.0333,55,FALSE,Staten Island,4.282,2.458,4.288,6.827,2.205,2.205,56,55,ok
SW0942,Extreme Heat Event,Extreme Heat,Extreme Heat,"Brooklyn, Bronx, Manhattan, Queens, Staten Island",2016-09-08 16:55,2016-09-10 22:57,EDT,2016-09-08 20:00,2016-09-11 03:00,54.0333,55,FALSE,ALL NYC,4.848,2.736,4.854,6.038,1.93,2.185,56,55,ok
SW0945,Extreme Heat Event,Extreme Heat,Extreme Heat,"Brooklyn, Manhattan, Staten Island, Queens",2015-06-23 12:54,2015-06-23 22:58,EDT,2015-06-23 16:00,2015-06-24 03:00,10.0667,11,FALSE,Brooklyn,6.496,5.378,6.496,0.53,0.521,0.521,12,11,ok
SW0945,Extreme Heat Event,Extreme Heat,Extreme Heat,"Brooklyn, Manhattan, Staten Island, Queens",2015-06-23 12:54,2015-06-23 22:58,EDT,2015-06-23 16:00,2015-06-24 03:00,10.0667,11,FALSE,Queens,6.521,5.212,6.521,0.597,0.556,0.556,12,11,ok
SW0945,Extreme Heat Event,Extreme Heat,Extreme Heat,"Brooklyn, Manhattan, Staten Island, Queens",2015-06-23 12:54,2015-06-23 22:58,EDT,2015-06-23 16:00,2015-06-24 03:00,10.0667,11,FALSE,Manhattan,5.709,4.6,5.709,0.341,0.296,0.299,12,11,ok
SW0945,Extreme Heat Event,Extreme Heat,Extreme Heat,"Brooklyn, Manhattan, Staten Island, Queens",2015-06-23 12:54,2015-06-23 22:58,EDT,2015-06-23 16:00,2015-06-24 03:00,10.0667,11,FALSE,Bronx,5.396,4.258,5.396,0.349,0.197,0.221,12,11,ok
SW0945,Extreme Heat Event,Extreme Heat,Extreme Heat,"Brooklyn, Manhattan, Staten Island, Queens",2015-06-23 12:54,2015-06-23 22:58,EDT,2015-06-23 16:00,2015-06-24 03:00,10.0667,11,FALSE,Staten Island,6.203,4.986,6.204,0.128,0.11,0.125,12,11,ok
SW0945,Extreme Heat Event,Extreme Heat,Extreme Heat,"Brooklyn, Manhattan, Staten Island, Queens",2015-06-23 12:54,2015-06-23 22:58,EDT,2015-06-23 16:00,2015-06-24 03:00,10.0667,11,FALSE,ALL NYC,6.174,5.026,6.236,0.438,0.394,0.4,12,11,ok
SW0946,Heavy Rain Event,Thunderstorms,"Coastal Flooding, Flash Flooding, High Winds","Queens, Staten Island",2017-01-23 14:30,2017-01-24 14:30,EST,2017-01-23 19:00,2017-01-24 20:00,24,25,FALSE,Brooklyn,9.579,7.782,9.584,35.781,3.803,3.821,26,25,ok
SW0946,Heavy Rain Event,Thunderstorms,"Coastal Flooding, Flash Flooding, High Winds","Queens, Staten Island",2017-01-23 14:30,2017-01-24 14:30,EST,2017-01-23 19:00,2017-01-24 20:00,24,25,FALSE,Queens,9.942,7.942,9.948,34.915,3.68,3.691,26,25,ok
SW0946,Heavy Rain Event,Thunderstorms,"Coastal Flooding, Flash Flooding, High Winds","Queens, Staten Island",2017-01-23 14:30,2017-01-24 14:30,EST,2017-01-23 19:00,2017-01-24 20:00,24,25,FALSE,Manhattan,8.12,6.637,8.153,35.832,3.391,3.418,26,25,ok
SW0946,Heavy Rain Event,Thunderstorms,"Coastal Flooding, Flash Flooding, High Winds","Queens, Staten Island",2017-01-23 14:30,2017-01-24 14:30,EST,2017-01-23 19:00,2017-01-24 20:00,24,25,FALSE,Bronx,7.982,6.329,7.982,34.997,3.201,3.248,26,25,ok
SW0946,Heavy Rain Event,Thunderstorms,"Coastal Flooding, Flash Flooding, High Winds","Queens, Staten Island",2017-01-23 14:30,2017-01-24 14:30,EST,2017-01-23 19:00,2017-01-24 20:00,24,25,FALSE,Staten Island,8.257,6.683,8.265,34.443,3.811,3.811,26,25,ok
SW0946,Heavy Rain Event,Thunderstorms,"Coastal Flooding, Flash Flooding, High Winds","Queens, Staten Island",2017-01-23 14:30,2017-01-24 14:30,EST,2017-01-23 19:00,2017-01-24 20:00,24,25,FALSE,ALL NYC,8.94,7.341,9.13,35.115,3.574,3.66,26,25,ok
SW0947,Heavy Rain Event,Thunderstorms,"High Winds, Flash Flooding",Staten Island,2017-03-01 19:30,2017-03-02 19:30,EST,2017-03-02 00:00,2017-03-03 01:00,24,25,FALSE,Brooklyn,10.513,8.327,10.513,0.179,0.172,0.172,26,25,ok
SW0947,Heavy Rain Event,Thunderstorms,"High Winds, Flash Flooding",Staten Island,2017-03-01 19:30,2017-03-02 19:30,EST,2017-03-02 00:00,2017-03-03 01:00,24,25,FALSE,Queens,10.329,8.115,10.329,0.16,0.155,0.155,26,25,ok
SW0947,Heavy Rain Event,Thunderstorms,"High Winds, Flash Flooding",Staten Island,2017-03-01 19:30,2017-03-02 19:30,EST,2017-03-02 00:00,2017-03-03 01:00,24,25,FALSE,Manhattan,8.92,7.127,8.92,0.082,0.077,0.077,26,25,ok
SW0947,Heavy Rain Event,Thunderstorms,"High Winds, Flash Flooding",Staten Island,2017-03-01 19:30,2017-03-02 19:30,EST,2017-03-02 00:00,2017-03-03 01:00,24,25,FALSE,Bronx,8.377,6.649,8.377,0.051,0.045,0.045,26,25,ok
SW0947,Heavy Rain Event,Thunderstorms,"High Winds, Flash Flooding",Staten Island,2017-03-01 19:30,2017-03-02 19:30,EST,2017-03-02 00:00,2017-03-03 01:00,24,25,FALSE,Staten Island,9.418,7.602,9.418,0.132,0.118,0.118,26,25,ok
SW0947,Heavy Rain Event,Thunderstorms,"High Winds, Flash Flooding",Staten Island,2017-03-01 19:30,2017-03-02 19:30,EST,2017-03-02 00:00,2017-03-03 01:00,24,25,FALSE,ALL NYC,9.815,7.784,9.815,0.138,0.13,0.13,26,25,ok
SW0948,Heavy Snow Event,Winter Weather,Heavy Snow,Staten Island,2017-03-19 16:25,2017-03-20 16:25,EDT,2017-03-19 20:00,2017-03-20 21:00,24,25,FALSE,Brooklyn,4.518,3.643,4.538,0.001,0.001,0.001,26,25,ok
SW0948,Heavy Snow Event,Winter Weather,Heavy Snow,Staten Island,2017-03-19 16:25,2017-03-20 16:25,EDT,2017-03-19 20:00,2017-03-20 21:00,24,25,FALSE,Queens,4.459,3.72,4.461,0.001,0.001,0.001,26,25,ok
SW0948,Heavy Snow Event,Winter Weather,Heavy Snow,Staten Island,2017-03-19 16:25,2017-03-20 16:25,EDT,2017-03-19 20:00,2017-03-20 21:00,24,25,FALSE,Manhattan,3.784,3.125,3.784,0.001,0.001,0.001,26,25,ok
SW0948,Heavy Snow Event,Winter Weather,Heavy Snow,Staten Island,2017-03-19 16:25,2017-03-20 16:25,EDT,2017-03-19 20:00,2017-03-20 21:00,24,25,FALSE,Bronx,3.584,2.99,3.584,0.001,0.001,0.001,26,25,ok
SW0948,Heavy Snow Event,Winter Weather,Heavy Snow,Staten Island,2017-03-19 16:25,2017-03-20 16:25,EDT,2017-03-19 20:00,2017-03-20 21:00,24,25,FALSE,Staten Island,4.036,3.037,4.036,0.001,0.001,0.001,26,25,ok
SW0948,Heavy Snow Event,Winter Weather,Heavy Snow,Staten Island,2017-03-19 16:25,2017-03-20 16:25,EDT,2017-03-19 20:00,2017-03-20 21:00,24,25,FALSE,ALL NYC,4.151,3.425,4.222,0.001,0.001,0.001,26,25,ok
SW0949,Heavy Rain Event,Thunderstorms,Flash Flooding,Staten Island,2017-03-23 14:25,2017-03-24 14:25,EDT,2017-03-23 18:00,2017-03-24 19:00,24,25,FALSE,Brooklyn,6.248,3.321,6.248,0.007,0.004,0.005,26,25,ok
SW0949,Heavy Rain Event,Thunderstorms,Flash Flooding,Staten Island,2017-03-23 14:25,2017-03-24 14:25,EDT,2017-03-23 18:00,2017-03-24 19:00,24,25,FALSE,Queens,6.21,3.264,6.24,0.014,0.009,0.009,26,25,ok
SW0949,Heavy Rain Event,Thunderstorms,Flash Flooding,Staten Island,2017-03-23 14:25,2017-03-24 14:25,EDT,2017-03-23 18:00,2017-03-24 19:00,24,25,FALSE,Manhattan,5.11,2.718,5.163,0.028,0.017,0.017,26,25,ok
SW0949,Heavy Rain Event,Thunderstorms,Flash Flooding,Staten Island,2017-03-23 14:25,2017-03-24 14:25,EDT,2017-03-23 18:00,2017-03-24 19:00,24,25,FALSE,Bronx,4.96,2.513,4.96,0.043,0.027,0.027,26,25,ok
SW0949,Heavy Rain Event,Thunderstorms,Flash Flooding,Staten Island,2017-03-23 14:25,2017-03-24 14:25,EDT,2017-03-23 18:00,2017-03-24 19:00,24,25,FALSE,Staten Island,5.408,2.934,5.408,0.001,0.001,0.001,26,25,ok
SW0949,Heavy Rain Event,Thunderstorms,Flash Flooding,Staten Island,2017-03-23 14:25,2017-03-24 14:25,EDT,2017-03-23 18:00,2017-03-24 19:00,24,25,FALSE,ALL NYC,5.765,3.067,5.819,0.015,0.01,0.01,26,25,ok
SW0950,Heavy Rain Event,Thunderstorms,"Flash Flooding, Coastal Flooding",Staten Island,2017-03-30 13:25,2017-03-31 13:25,EDT,2017-03-30 17:00,2017-03-31 18:00,24,25,FALSE,Brooklyn,6.653,3.487,6.653,12.04,1.484,1.484,26,25,ok
SW0950,Heavy Rain Event,Thunderstorms,"Flash Flooding, Coastal Flooding",Staten Island,2017-03-30 13:25,2017-03-31 13:25,EDT,2017-03-30 17:00,2017-03-31 18:00,24,25,FALSE,Queens,6.628,3.456,6.628,11.233,1.328,1.344,26,25,ok
SW0950,Heavy Rain Event,Thunderstorms,"Flash Flooding, Coastal Flooding",Staten Island,2017-03-30 13:25,2017-03-31 13:25,EDT,2017-03-30 17:00,2017-03-31 18:00,24,25,FALSE,Manhattan,5.443,2.784,5.443,11.42,1.401,1.416,26,25,ok
SW0950,Heavy Rain Event,Thunderstorms,"Flash Flooding, Coastal Flooding",Staten Island,2017-03-30 13:25,2017-03-31 13:25,EDT,2017-03-30 17:00,2017-03-31 18:00,24,25,FALSE,Bronx,5.032,2.552,5.032,10.817,1.316,1.316,26,25,ok
SW0950,Heavy Rain Event,Thunderstorms,"Flash Flooding, Coastal Flooding",Staten Island,2017-03-30 13:25,2017-03-31 13:25,EDT,2017-03-30 17:00,2017-03-31 18:00,24,25,FALSE,Staten Island,5.627,2.957,5.627,13.225,1.792,1.792,26,25,ok
SW0950,Heavy Rain Event,Thunderstorms,"Flash Flooding, Coastal Flooding",Staten Island,2017-03-30 13:25,2017-03-31 13:25,EDT,2017-03-30 17:00,2017-03-31 18:00,24,25,FALSE,ALL NYC,6.129,3.19,6.129,11.75,1.41,1.463,26,25,ok
SW0951,Heavy Rain Event,Thunderstorms,Flash Flooding,Staten Island,2017-04-02 14:25,2017-04-03 15:25,EDT,2017-04-02 18:00,2017-04-03 20:00,25,26,FALSE,Brooklyn,5.128,2.812,5.162,0.013,0.012,0.012,27,26,ok
SW0951,Heavy Rain Event,Thunderstorms,Flash Flooding,Staten Island,2017-04-02 14:25,2017-04-03 15:25,EDT,2017-04-02 18:00,2017-04-03 20:00,25,26,FALSE,Queens,4.817,2.728,4.921,0.014,0.013,0.013,27,26,ok
SW0951,Heavy Rain Event,Thunderstorms,Flash Flooding,Staten Island,2017-04-02 14:25,2017-04-03 15:25,EDT,2017-04-02 18:00,2017-04-03 20:00,25,26,FALSE,Manhattan,4.833,2.544,4.833,0.007,0.005,0.005,27,26,ok
SW0951,Heavy Rain Event,Thunderstorms,Flash Flooding,Staten Island,2017-04-02 14:25,2017-04-03 15:25,EDT,2017-04-02 18:00,2017-04-03 20:00,25,26,FALSE,Bronx,4.696,2.432,4.696,0.005,0.004,0.004,27,26,ok
SW0951,Heavy Rain Event,Thunderstorms,Flash Flooding,Staten Island,2017-04-02 14:25,2017-04-03 15:25,EDT,2017-04-02 18:00,2017-04-03 20:00,25,26,FALSE,Staten Island,5.148,2.643,5.156,0.004,0.003,0.003,27,26,ok
SW0951,Heavy Rain Event,Thunderstorms,Flash Flooding,Staten Island,2017-04-02 14:25,2017-04-03 15:25,EDT,2017-04-02 18:00,2017-04-03 20:00,25,26,FALSE,ALL NYC,4.884,2.675,4.981,0.01,0.009,0.009,27,26,ok
SW0953,Heavy Rain Event,Thunderstorms,Flash Flooding,Staten Island,2017-04-08 14:25,2017-04-09 14:25,EDT,2017-04-08 18:00,2017-04-09 19:00,24,25,FALSE,Brooklyn,6.747,3.568,6.747,0.002,0.001,0.001,26,25,ok
SW0953,Heavy Rain Event,Thunderstorms,Flash Flooding,Staten Island,2017-04-08 14:25,2017-04-09 14:25,EDT,2017-04-08 18:00,2017-04-09 19:00,24,25,FALSE,Queens,6.495,3.545,6.495,0.002,0.001,0.001,26,25,ok
SW0953,Heavy Rain Event,Thunderstorms,Flash Flooding,Staten Island,2017-04-08 14:25,2017-04-09 14:25,EDT,2017-04-08 18:00,2017-04-09 19:00,24,25,FALSE,Manhattan,5.863,3.142,5.863,0.002,0.001,0.001,26,25,ok
SW0953,Heavy Rain Event,Thunderstorms,Flash Flooding,Staten Island,2017-04-08 14:25,2017-04-09 14:25,EDT,2017-04-08 18:00,2017-04-09 19:00,24,25,FALSE,Bronx,5.498,2.985,5.498,0.002,0.001,0.001,26,25,ok
SW0953,Heavy Rain Event,Thunderstorms,Flash Flooding,Staten Island,2017-04-08 14:25,2017-04-09 14:25,EDT,2017-04-08 18:00,2017-04-09 19:00,24,25,FALSE,Staten Island,6.294,3.232,6.294,0.002,0.001,0.001,26,25,ok
SW0953,Heavy Rain Event,Thunderstorms,Flash Flooding,Staten Island,2017-04-08 14:25,2017-04-09 14:25,EDT,2017-04-08 18:00,2017-04-09 19:00,24,25,FALSE,ALL NYC,6.325,3.382,6.325,0.002,0.001,0.001,26,25,ok
SW0954,Heavy Rain Event,Thunderstorms,Flash Flooding,Staten Island,2017-04-11 15:25,2017-04-12 15:25,EDT,2017-04-11 19:00,2017-04-12 20:00,24,25,FALSE,Brooklyn,3.976,2.533,3.985,0.954,0.443,0.443,26,25,ok
SW0954,Heavy Rain Event,Thunderstorms,Flash Flooding,Staten Island,2017-04-11 15:25,2017-04-12 15:25,EDT,2017-04-11 19:00,2017-04-12 20:00,24,25,FALSE,Queens,3.945,2.496,3.987,0.956,0.428,0.428,26,25,ok
SW0954,Heavy Rain Event,Thunderstorms,Flash Flooding,Staten Island,2017-04-11 15:25,2017-04-12 15:25,EDT,2017-04-11 19:00,2017-04-12 20:00,24,25,FALSE,Manhattan,3.32,2.115,3.323,1.29,0.441,0.451,26,25,ok
SW0954,Heavy Rain Event,Thunderstorms,Flash Flooding,Staten Island,2017-04-11 15:25,2017-04-12 15:25,EDT,2017-04-11 19:00,2017-04-12 20:00,24,25,FALSE,Bronx,3.187,2.036,3.207,1.286,0.429,0.464,26,25,ok
SW0954,Heavy Rain Event,Thunderstorms,Flash Flooding,Staten Island,2017-04-11 15:25,2017-04-12 15:25,EDT,2017-04-11 19:00,2017-04-12 20:00,24,25,FALSE,Staten Island,3.679,2.26,3.679,0.85,0.385,0.385,26,25,ok
SW0954,Heavy Rain Event,Thunderstorms,Flash Flooding,Staten Island,2017-04-11 15:25,2017-04-12 15:25,EDT,2017-04-11 19:00,2017-04-12 20:00,24,25,FALSE,ALL NYC,3.672,2.365,3.766,1.01,0.424,0.43,26,25,ok
SW0955,Heavy Rain Event,Thunderstorms,Flash Flooding,Staten Island,2017-04-18 14:25,2017-04-19 14:25,EDT,2017-04-18 18:00,2017-04-19 19:00,24,25,FALSE,Brooklyn,5.774,4.48,5.774,0.001,0.001,0.001,26,25,ok
SW0955,Heavy Rain Event,Thunderstorms,Flash Flooding,Staten Island,2017-04-18 14:25,2017-04-19 14:25,EDT,2017-04-18 18:00,2017-04-19 19:00,24,25,FALSE,Queens,5.675,4.399,5.675,0.001,0.001,0.001,26,25,ok
SW0955,Heavy Rain Event,Thunderstorms,Flash Flooding,Staten Island,2017-04-18 14:25,2017-04-19 14:25,EDT,2017-04-18 18:00,2017-04-19 19:00,24,25,FALSE,Manhattan,5.065,3.661,5.065,0.002,0.002,0.002,26,25,ok
SW0955,Heavy Rain Event,Thunderstorms,Flash Flooding,Staten Island,2017-04-18 14:25,2017-04-19 14:25,EDT,2017-04-18 18:00,2017-04-19 19:00,24,25,FALSE,Bronx,4.786,3.358,4.786,0.002,0.002,0.002,26,25,ok
SW0955,Heavy Rain Event,Thunderstorms,Flash Flooding,Staten Island,2017-04-18 14:25,2017-04-19 14:25,EDT,2017-04-18 18:00,2017-04-19 19:00,24,25,FALSE,Staten Island,5.245,3.88,5.262,0.001,0.001,0.001,26,25,ok
SW0955,Heavy Rain Event,Thunderstorms,Flash Flooding,Staten Island,2017-04-18 14:25,2017-04-19 14:25,EDT,2017-04-18 18:00,2017-04-19 19:00,24,25,FALSE,ALL NYC,5.429,4.116,5.448,0.001,0.001,0.001,26,25,ok
SW0959,Heavy Rain Event,Thunderstorms,Flash Flooding,Staten Island,2017-04-29 05:58,2017-04-30 05:58,EDT,2017-04-29 09:00,2017-04-30 10:00,24,25,FALSE,Brooklyn,6.306,4.13,6.306,0.438,0.423,0.423,26,25,ok
SW0959,Heavy Rain Event,Thunderstorms,Flash Flooding,Staten Island,2017-04-29 05:58,2017-04-30 05:58,EDT,2017-04-29 09:00,2017-04-30 10:00,24,25,FALSE,Queens,5.805,4.06,5.83,0.566,0.523,0.523,26,25,ok
SW0959,Heavy Rain Event,Thunderstorms,Flash Flooding,Staten Island,2017-04-29 05:58,2017-04-30 05:58,EDT,2017-04-29 09:00,2017-04-30 10:00,24,25,FALSE,Manhattan,5.306,3.597,5.322,0.638,0.599,0.599,26,25,ok
SW0959,Heavy Rain Event,Thunderstorms,Flash Flooding,Staten Island,2017-04-29 05:58,2017-04-30 05:58,EDT,2017-04-29 09:00,2017-04-30 10:00,24,25,FALSE,Bronx,4.946,3.386,4.946,0.739,0.676,0.676,26,25,ok
SW0959,Heavy Rain Event,Thunderstorms,Flash Flooding,Staten Island,2017-04-29 05:58,2017-04-30 05:58,EDT,2017-04-29 09:00,2017-04-30 10:00,24,25,FALSE,Staten Island,6.28,3.75,6.28,0.367,0.365,0.365,26,25,ok
SW0959,Heavy Rain Event,Thunderstorms,Flash Flooding,Staten Island,2017-04-29 05:58,2017-04-30 05:58,EDT,2017-04-29 09:00,2017-04-30 10:00,24,25,FALSE,ALL NYC,5.756,3.887,5.857,0.529,0.498,0.498,26,25,ok
SW0961,Heavy Rain Event,Thunderstorms,Flash Flooding,Staten Island,2017-05-08 15:25,2017-05-10 14:25,EDT,2017-05-08 19:00,2017-05-10 19:00,47,48,FALSE,Brooklyn,5.612,2.121,5.612,0.553,0.203,0.203,49,48,ok
SW0961,Heavy Rain Event,Thunderstorms,Flash Flooding,Staten Island,2017-05-08 15:25,2017-05-10 14:25,EDT,2017-05-08 19:00,2017-05-10 19:00,47,48,FALSE,Queens,5.65,2.076,5.65,0.744,0.156,0.166,49,48,ok
SW0961,Heavy Rain Event,Thunderstorms,Flash Flooding,Staten Island,2017-05-08 15:25,2017-05-10 14:25,EDT,2017-05-08 19:00,2017-05-10 19:00,47,48,FALSE,Manhattan,5.001,1.88,5.001,0.636,0.15,0.156,49,48,ok
SW0961,Heavy Rain Event,Thunderstorms,Flash Flooding,Staten Island,2017-05-08 15:25,2017-05-10 14:25,EDT,2017-05-08 19:00,2017-05-10 19:00,47,48,FALSE,Bronx,4.839,1.828,4.839,0.766,0.14,0.14,49,48,ok
SW0961,Heavy Rain Event,Thunderstorms,Flash Flooding,Staten Island,2017-05-08 15:25,2017-05-10 14:25,EDT,2017-05-08 19:00,2017-05-10 19:00,47,48,FALSE,Staten Island,4.996,2.089,4.998,0.355,0.186,0.186,49,48,ok
SW0961,Heavy Rain Event,Thunderstorms,Flash Flooding,Staten Island,2017-05-08 15:25,2017-05-10 14:25,EDT,2017-05-08 19:00,2017-05-10 19:00,47,48,FALSE,ALL NYC,5.353,2.038,5.354,0.622,0.164,0.173,49,48,ok
SW0962,Heavy Rain Event,Thunderstorms,Flash Flooding,Staten Island,2017-06-24 06:54,2017-06-24 06:59,EDT,2017-06-24 10:00,2017-06-24 11:00,0.0833333,1,TRUE,Brooklyn,1.006,0.93,1.033,5.416,5.416,5.416,2,1,ok
SW0962,Heavy Rain Event,Thunderstorms,Flash Flooding,Staten Island,2017-06-24 06:54,2017-06-24 06:59,EDT,2017-06-24 10:00,2017-06-24 11:00,0.0833333,1,TRUE,Queens,1.521,1.436,1.592,3.177,3.177,3.177,2,1,ok
SW0962,Heavy Rain Event,Thunderstorms,Flash Flooding,Staten Island,2017-06-24 06:54,2017-06-24 06:59,EDT,2017-06-24 10:00,2017-06-24 11:00,0.0833333,1,TRUE,Manhattan,0.926,0.919,1.081,4.755,4.755,4.755,2,1,ok
SW0962,Heavy Rain Event,Thunderstorms,Flash Flooding,Staten Island,2017-06-24 06:54,2017-06-24 06:59,EDT,2017-06-24 10:00,2017-06-24 11:00,0.0833333,1,TRUE,Bronx,1.132,1.123,1.347,3.407,3.407,3.407,2,1,ok
SW0962,Heavy Rain Event,Thunderstorms,Flash Flooding,Staten Island,2017-06-24 06:54,2017-06-24 06:59,EDT,2017-06-24 10:00,2017-06-24 11:00,0.0833333,1,TRUE,Staten Island,0.969,0.641,0.969,8.454,8.454,8.454,2,1,ok
SW0962,Heavy Rain Event,Thunderstorms,Flash Flooding,Staten Island,2017-06-24 06:54,2017-06-24 06:59,EDT,2017-06-24 10:00,2017-06-24 11:00,0.0833333,1,TRUE,ALL NYC,1.102,1.087,1.273,4.84,4.84,4.84,2,1,ok
SW0963,Heavy Rain Event,Thunderstorms,Flash Flooding,Staten Island,2017-07-07 10:54,2017-07-08 10:54,EDT,2017-07-07 14:00,2017-07-08 15:00,24,25,FALSE,Brooklyn,5.084,2.81,5.084,11.59,5.566,5.566,26,25,ok
SW0963,Heavy Rain Event,Thunderstorms,Flash Flooding,Staten Island,2017-07-07 10:54,2017-07-08 10:54,EDT,2017-07-07 14:00,2017-07-08 15:00,24,25,FALSE,Queens,5.102,2.8,5.102,9.007,3.823,3.823,26,25,ok
SW0963,Heavy Rain Event,Thunderstorms,Flash Flooding,Staten Island,2017-07-07 10:54,2017-07-08 10:54,EDT,2017-07-07 14:00,2017-07-08 15:00,24,25,FALSE,Manhattan,4.203,2.39,4.203,10.016,3.776,3.78,26,25,ok
SW0963,Heavy Rain Event,Thunderstorms,Flash Flooding,Staten Island,2017-07-07 10:54,2017-07-08 10:54,EDT,2017-07-07 14:00,2017-07-08 15:00,24,25,FALSE,Bronx,4.016,2.256,4.016,8.768,2.8,2.835,26,25,ok
SW0963,Heavy Rain Event,Thunderstorms,Flash Flooding,Staten Island,2017-07-07 10:54,2017-07-08 10:54,EDT,2017-07-07 14:00,2017-07-08 15:00,24,25,FALSE,Staten Island,4.485,2.519,4.485,15.7,7.545,7.545,26,25,ok
SW0963,Heavy Rain Event,Thunderstorms,Flash Flooding,Staten Island,2017-07-07 10:54,2017-07-08 10:54,EDT,2017-07-07 14:00,2017-07-08 15:00,24,25,FALSE,ALL NYC,4.758,2.641,4.758,10.896,4.768,4.773,26,25,ok
SW0964,Heavy Rain Event,Thunderstorms,Flash Flooding,Queens,2017-07-11 12:30,2017-07-12 12:30,EDT,2017-07-11 16:00,2017-07-12 17:00,24,25,FALSE,Brooklyn,5.342,3.114,5.342,12.047,2.929,2.929,26,25,ok
SW0964,Heavy Rain Event,Thunderstorms,Flash Flooding,Queens,2017-07-11 12:30,2017-07-12 12:30,EDT,2017-07-11 16:00,2017-07-12 17:00,24,25,FALSE,Queens,5.138,3.029,5.138,9.396,2.578,2.578,26,25,ok
SW0964,Heavy Rain Event,Thunderstorms,Flash Flooding,Queens,2017-07-11 12:30,2017-07-12 12:30,EDT,2017-07-11 16:00,2017-07-12 17:00,24,25,FALSE,Manhattan,4.659,2.656,4.659,9.074,2.63,2.63,26,25,ok
SW0964,Heavy Rain Event,Thunderstorms,Flash Flooding,Queens,2017-07-11 12:30,2017-07-12 12:30,EDT,2017-07-11 16:00,2017-07-12 17:00,24,25,FALSE,Bronx,4.402,2.487,4.402,7.776,2.569,2.569,26,25,ok
SW0964,Heavy Rain Event,Thunderstorms,Flash Flooding,Queens,2017-07-11 12:30,2017-07-12 12:30,EDT,2017-07-11 16:00,2017-07-12 17:00,24,25,FALSE,Staten Island,5.051,2.897,5.051,15.207,3.541,3.554,26,25,ok
SW0964,Heavy Rain Event,Thunderstorms,Flash Flooding,Queens,2017-07-11 12:30,2017-07-12 12:30,EDT,2017-07-11 16:00,2017-07-12 17:00,24,25,FALSE,ALL NYC,5.027,2.918,5.027,10.829,2.839,2.842,26,25,ok
SW0967,Heavy Rain Event,Thunderstorms,Flash Flooding,Queens,2018-06-01 08:51,2018-06-02 08:51,EDT,2018-06-01 12:00,2018-06-02 13:00,24,25,FALSE,Brooklyn,2.943,1.465,3.001,1.143,0.297,0.297,26,25,ok
SW0967,Heavy Rain Event,Thunderstorms,Flash Flooding,Queens,2018-06-01 08:51,2018-06-02 08:51,EDT,2018-06-01 12:00,2018-06-02 13:00,24,25,FALSE,Queens,2.753,1.43,2.922,1.831,0.524,0.524,26,25,ok
SW0967,Heavy Rain Event,Thunderstorms,Flash Flooding,Queens,2018-06-01 08:51,2018-06-02 08:51,EDT,2018-06-01 12:00,2018-06-02 13:00,24,25,FALSE,Manhattan,2.822,1.336,2.822,1.475,0.379,0.379,26,25,ok
SW0967,Heavy Rain Event,Thunderstorms,Flash Flooding,Queens,2018-06-01 08:51,2018-06-02 08:51,EDT,2018-06-01 12:00,2018-06-02 13:00,24,25,FALSE,Bronx,2.83,1.298,2.83,1.859,0.507,0.507,26,25,ok
SW0967,Heavy Rain Event,Thunderstorms,Flash Flooding,Queens,2018-06-01 08:51,2018-06-02 08:51,EDT,2018-06-01 12:00,2018-06-02 13:00,24,25,FALSE,Staten Island,2.785,1.453,2.785,0.601,0.162,0.162,26,25,ok
SW0967,Heavy Rain Event,Thunderstorms,Flash Flooding,Queens,2018-06-01 08:51,2018-06-02 08:51,EDT,2018-06-01 12:00,2018-06-02 13:00,24,25,FALSE,ALL NYC,2.735,1.416,2.892,1.419,0.373,0.39,26,25,ok
SW0968,High Wind Event,Winter Weather,High Winds,Queens,2017-03-22 10:55,2017-03-23 10:55,EDT,2017-03-22 14:00,2017-03-23 15:00,24,25,FALSE,Brooklyn,8.879,6.048,8.879,0.001,0.001,0.001,26,25,ok
SW0968,High Wind Event,Winter Weather,High Winds,Queens,2017-03-22 10:55,2017-03-23 10:55,EDT,2017-03-22 14:00,2017-03-23 15:00,24,25,FALSE,Queens,8.736,5.968,8.736,0.001,0.001,0.001,26,25,ok
SW0968,High Wind Event,Winter Weather,High Winds,Queens,2017-03-22 10:55,2017-03-23 10:55,EDT,2017-03-22 14:00,2017-03-23 15:00,24,25,FALSE,Manhattan,7.64,5.213,7.64,0.001,0.001,0.001,26,25,ok
SW0968,High Wind Event,Winter Weather,High Winds,Queens,2017-03-22 10:55,2017-03-23 10:55,EDT,2017-03-22 14:00,2017-03-23 15:00,24,25,FALSE,Bronx,7.168,4.87,7.168,0.001,0.001,0.001,26,25,ok
SW0968,High Wind Event,Winter Weather,High Winds,Queens,2017-03-22 10:55,2017-03-23 10:55,EDT,2017-03-22 14:00,2017-03-23 15:00,24,25,FALSE,Staten Island,7.926,5.392,7.926,0.001,0.001,0.001,26,25,ok
SW0968,High Wind Event,Winter Weather,High Winds,Queens,2017-03-22 10:55,2017-03-23 10:55,EDT,2017-03-22 14:00,2017-03-23 15:00,24,25,FALSE,ALL NYC,8.311,5.666,8.311,0.001,0.001,0.001,26,25,ok
SW0969,High Wind Event,Winter Weather,"High Winds, Coastal Flooding",Brooklyn,2018-01-30 19:54,2018-01-31 19:54,EST,2018-01-31 00:00,2018-02-01 01:00,24,25,FALSE,Brooklyn,6.721,4.464,6.721,0.003,0.002,0.002,26,25,ok
SW0969,High Wind Event,Winter Weather,"High Winds, Coastal Flooding",Brooklyn,2018-01-30 19:54,2018-01-31 19:54,EST,2018-01-31 00:00,2018-02-01 01:00,24,25,FALSE,Queens,6.555,4.413,6.56,0.005,0.002,0.002,26,25,ok
SW0969,High Wind Event,Winter Weather,"High Winds, Coastal Flooding",Brooklyn,2018-01-30 19:54,2018-01-31 19:54,EST,2018-01-31 00:00,2018-02-01 01:00,24,25,FALSE,Manhattan,5.776,3.786,5.776,0.003,0.001,0.001,26,25,ok
SW0969,High Wind Event,Winter Weather,"High Winds, Coastal Flooding",Brooklyn,2018-01-30 19:54,2018-01-31 19:54,EST,2018-01-31 00:00,2018-02-01 01:00,24,25,FALSE,Bronx,5.336,3.505,5.336,0.004,0.002,0.002,26,25,ok
SW0969,High Wind Event,Winter Weather,"High Winds, Coastal Flooding",Brooklyn,2018-01-30 19:54,2018-01-31 19:54,EST,2018-01-31 00:00,2018-02-01 01:00,24,25,FALSE,Staten Island,6.015,3.911,6.015,0.002,0.001,0.001,26,25,ok
SW0969,High Wind Event,Winter Weather,"High Winds, Coastal Flooding",Brooklyn,2018-01-30 19:54,2018-01-31 19:54,EST,2018-01-31 00:00,2018-02-01 01:00,24,25,FALSE,ALL NYC,6.26,4.154,6.262,0.004,0.002,0.002,26,25,ok
SW0970,High Wind Event,Winter Weather,High Winds,Brooklyn,2018-02-02 10:54,2018-02-03 10:54,EST,2018-02-02 15:00,2018-02-03 16:00,24,25,FALSE,Brooklyn,7.719,5.472,7.719,0.001,0.001,0.001,26,25,ok
SW0970,High Wind Event,Winter Weather,High Winds,Brooklyn,2018-02-02 10:54,2018-02-03 10:54,EST,2018-02-02 15:00,2018-02-03 16:00,24,25,FALSE,Queens,7.605,5.412,7.621,0.001,0.001,0.001,26,25,ok
SW0970,High Wind Event,Winter Weather,High Winds,Brooklyn,2018-02-02 10:54,2018-02-03 10:54,EST,2018-02-02 15:00,2018-02-03 16:00,24,25,FALSE,Manhattan,6.697,4.625,6.697,0.001,0.001,0.001,26,25,ok
SW0970,High Wind Event,Winter Weather,High Winds,Brooklyn,2018-02-02 10:54,2018-02-03 10:54,EST,2018-02-02 15:00,2018-02-03 16:00,24,25,FALSE,Bronx,6.297,4.288,6.297,0.001,0.001,0.001,26,25,ok
SW0970,High Wind Event,Winter Weather,High Winds,Brooklyn,2018-02-02 10:54,2018-02-03 10:54,EST,2018-02-02 15:00,2018-02-03 16:00,24,25,FALSE,Staten Island,6.925,4.821,6.925,0.001,0.001,0.001,26,25,ok
SW0970,High Wind Event,Winter Weather,High Winds,Brooklyn,2018-02-02 10:54,2018-02-03 10:54,EST,2018-02-02 15:00,2018-02-03 16:00,24,25,FALSE,ALL NYC,7.249,5.096,7.255,0.001,0.001,0.001,26,25,ok
SW0971,High Wind Event,Winter Weather,High Winds,Brooklyn,2017-01-26 15:54,2017-01-27 15:54,EST,2017-01-26 20:00,2017-01-27 21:00,24,25,FALSE,Brooklyn,7.394,6.171,7.399,0.022,0.015,0.015,26,25,ok
SW0971,High Wind Event,Winter Weather,High Winds,Brooklyn,2017-01-26 15:54,2017-01-27 15:54,EST,2017-01-26 20:00,2017-01-27 21:00,24,25,FALSE,Queens,7.187,5.992,7.201,0.026,0.014,0.015,26,25,ok
SW0971,High Wind Event,Winter Weather,High Winds,Brooklyn,2017-01-26 15:54,2017-01-27 15:54,EST,2017-01-26 20:00,2017-01-27 21:00,24,25,FALSE,Manhattan,6.295,5.172,6.295,0.017,0.007,0.008,26,25,ok
SW0971,High Wind Event,Winter Weather,High Winds,Brooklyn,2017-01-26 15:54,2017-01-27 15:54,EST,2017-01-26 20:00,2017-01-27 21:00,24,25,FALSE,Bronx,5.885,4.762,5.885,0.018,0.01,0.01,26,25,ok
SW0971,High Wind Event,Winter Weather,High Winds,Brooklyn,2017-01-26 15:54,2017-01-27 15:54,EST,2017-01-26 20:00,2017-01-27 21:00,24,25,FALSE,Staten Island,6.694,5.606,6.694,0.02,0.011,0.012,26,25,ok
SW0971,High Wind Event,Winter Weather,High Winds,Brooklyn,2017-01-26 15:54,2017-01-27 15:54,EST,2017-01-26 20:00,2017-01-27 21:00,24,25,FALSE,ALL NYC,6.839,5.724,6.895,0.022,0.012,0.013,26,25,ok
SW0973,High Wind Event,Winter Weather,High Winds,Brooklyn,2017-03-09 09:54,2017-03-10 09:54,EST,2017-03-09 14:00,2017-03-10 15:00,24,25,FALSE,Brooklyn,7.908,4.738,7.908,4.484,1.548,1.572,26,25,ok
SW0973,High Wind Event,Winter Weather,High Winds,Brooklyn,2017-03-09 09:54,2017-03-10 09:54,EST,2017-03-09 14:00,2017-03-10 15:00,24,25,FALSE,Queens,7.644,4.61,7.644,4.527,1.543,1.552,26,25,ok
SW0973,High Wind Event,Winter Weather,High Winds,Brooklyn,2017-03-09 09:54,2017-03-10 09:54,EST,2017-03-09 14:00,2017-03-10 15:00,24,25,FALSE,Manhattan,6.771,3.991,6.771,5.077,1.633,1.633,26,25,ok
SW0973,High Wind Event,Winter Weather,High Winds,Brooklyn,2017-03-09 09:54,2017-03-10 09:54,EST,2017-03-09 14:00,2017-03-10 15:00,24,25,FALSE,Bronx,6.333,3.702,6.333,5.166,1.635,1.635,26,25,ok
SW0973,High Wind Event,Winter Weather,High Winds,Brooklyn,2017-03-09 09:54,2017-03-10 09:54,EST,2017-03-09 14:00,2017-03-10 15:00,24,25,FALSE,Staten Island,7.31,4.297,7.31,4.634,1.591,1.591,26,25,ok
SW0973,High Wind Event,Winter Weather,High Winds,Brooklyn,2017-03-09 09:54,2017-03-10 09:54,EST,2017-03-09 14:00,2017-03-10 15:00,24,25,FALSE,ALL NYC,7.388,4.404,7.388,4.672,1.573,1.582,26,25,ok
SW0974,High Wind Event,Winter Weather,High Winds,"Brooklyn, Queens",2017-10-03 22:42,2017-10-04 22:42,EDT,2017-10-04 02:00,2017-10-05 03:00,24,25,FALSE,Brooklyn,4.873,3.371,4.873,0.002,0.001,0.001,26,25,ok
SW0974,High Wind Event,Winter Weather,High Winds,"Brooklyn, Queens",2017-10-03 22:42,2017-10-04 22:42,EDT,2017-10-04 02:00,2017-10-05 03:00,24,25,FALSE,Queens,4.832,3.4,4.832,0.002,0.001,0.001,26,25,ok
SW0974,High Wind Event,Winter Weather,High Winds,"Brooklyn, Queens",2017-10-03 22:42,2017-10-04 22:42,EDT,2017-10-04 02:00,2017-10-05 03:00,24,25,FALSE,Manhattan,4.032,2.878,4.033,0.002,0.001,0.001,26,25,ok
SW0974,High Wind Event,Winter Weather,High Winds,"Brooklyn, Queens",2017-10-03 22:42,2017-10-04 22:42,EDT,2017-10-04 02:00,2017-10-05 03:00,24,25,FALSE,Bronx,3.737,2.704,3.741,0.002,0.001,0.001,26,25,ok
SW0974,High Wind Event,Winter Weather,High Winds,"Brooklyn, Queens",2017-10-03 22:42,2017-10-04 22:42,EDT,2017-10-04 02:00,2017-10-05 03:00,24,25,FALSE,Staten Island,4.256,2.916,4.256,0.002,0.001,0.001,26,25,ok
SW0974,High Wind Event,Winter Weather,High Winds,"Brooklyn, Queens",2017-10-03 22:42,2017-10-04 22:42,EDT,2017-10-04 02:00,2017-10-05 03:00,24,25,FALSE,ALL NYC,4.517,3.164,4.517,0.002,0.001,0.001,26,25,ok
SW0980,Extreme Heat Event,Extreme Heat,Extreme Heat,"Queens, Staten Island, Brooklyn, Bronx, Manhattan",2017-06-11 20:30,2017-06-13 23:57,EDT,2017-06-12 00:00,2017-06-14 04:00,51.45,52,FALSE,Brooklyn,4.026,3.053,4.027,0.004,0.002,0.002,53,52,ok
SW0980,Extreme Heat Event,Extreme Heat,Extreme Heat,"Queens, Staten Island, Brooklyn, Bronx, Manhattan",2017-06-11 20:30,2017-06-13 23:57,EDT,2017-06-12 00:00,2017-06-14 04:00,51.45,52,FALSE,Queens,3.787,2.879,3.951,0.002,0.001,0.001,53,52,ok
SW0980,Extreme Heat Event,Extreme Heat,Extreme Heat,"Queens, Staten Island, Brooklyn, Bronx, Manhattan",2017-06-11 20:30,2017-06-13 23:57,EDT,2017-06-12 00:00,2017-06-14 04:00,51.45,52,FALSE,Manhattan,3.701,2.581,3.701,0.004,0.001,0.002,53,52,ok
SW0980,Extreme Heat Event,Extreme Heat,Extreme Heat,"Queens, Staten Island, Brooklyn, Bronx, Manhattan",2017-06-11 20:30,2017-06-13 23:57,EDT,2017-06-12 00:00,2017-06-14 04:00,51.45,52,FALSE,Bronx,3.541,2.388,3.541,0.008,0.006,0.007,53,52,ok
SW0980,Extreme Heat Event,Extreme Heat,Extreme Heat,"Queens, Staten Island, Brooklyn, Bronx, Manhattan",2017-06-11 20:30,2017-06-13 23:57,EDT,2017-06-12 00:00,2017-06-14 04:00,51.45,52,FALSE,Staten Island,4.055,2.911,4.055,0.006,0.004,0.004,53,52,ok
SW0980,Extreme Heat Event,Extreme Heat,Extreme Heat,"Queens, Staten Island, Brooklyn, Bronx, Manhattan",2017-06-11 20:30,2017-06-13 23:57,EDT,2017-06-12 00:00,2017-06-14 04:00,51.45,52,FALSE,ALL NYC,3.835,2.832,3.911,0.004,0.001,0.003,53,52,ok
SW0981,Extreme Heat Event,Extreme Heat,Extreme Heat,"Brooklyn, Staten Island, Queens",2017-06-30 16:50,2017-07-02 21:56,EDT,2017-06-30 20:00,2017-07-03 02:00,53.1,54,FALSE,Brooklyn,5.891,3.887,5.891,2.799,0.731,0.865,55,54,ok
SW0981,Extreme Heat Event,Extreme Heat,Extreme Heat,"Brooklyn, Staten Island, Queens",2017-06-30 16:50,2017-07-02 21:56,EDT,2017-06-30 20:00,2017-07-03 02:00,53.1,54,FALSE,Queens,5.99,3.916,6.014,1.219,0.294,0.326,55,54,ok
SW0981,Extreme Heat Event,Extreme Heat,Extreme Heat,"Brooklyn, Staten Island, Queens",2017-06-30 16:50,2017-07-02 21:56,EDT,2017-06-30 20:00,2017-07-03 02:00,53.1,54,FALSE,Manhattan,4.974,3.233,4.983,4.122,1.417,1.417,55,54,ok
SW0981,Extreme Heat Event,Extreme Heat,Extreme Heat,"Brooklyn, Staten Island, Queens",2017-06-30 16:50,2017-07-02 21:56,EDT,2017-06-30 20:00,2017-07-03 02:00,53.1,54,FALSE,Bronx,4.745,3.021,4.746,2.849,0.961,0.961,55,54,ok
SW0981,Extreme Heat Event,Extreme Heat,Extreme Heat,"Brooklyn, Staten Island, Queens",2017-06-30 16:50,2017-07-02 21:56,EDT,2017-06-30 20:00,2017-07-03 02:00,53.1,54,FALSE,Staten Island,5.013,3.364,5.013,4.816,1.461,1.461,55,54,ok
SW0981,Extreme Heat Event,Extreme Heat,Extreme Heat,"Brooklyn, Staten Island, Queens",2017-06-30 16:50,2017-07-02 21:56,EDT,2017-06-30 20:00,2017-07-03 02:00,53.1,54,FALSE,ALL NYC,5.5,3.627,5.539,2.729,0.703,0.843,55,54,ok
SW0982,Extreme Heat Event,Extreme Heat,Extreme Heat,"Queens, Staten Island, Brooklyn, Bronx, Manhattan",2017-07-11 16:56,2017-07-13 21:32,EDT,2017-07-11 20:00,2017-07-14 02:00,52.6,54,FALSE,Brooklyn,5.345,2.966,5.345,13.719,2.929,2.929,55,54,ok
SW0982,Extreme Heat Event,Extreme Heat,Extreme Heat,"Queens, Staten Island, Brooklyn, Bronx, Manhattan",2017-07-11 16:56,2017-07-13 21:32,EDT,2017-07-11 20:00,2017-07-14 02:00,52.6,54,FALSE,Queens,4.779,2.864,4.844,13.367,2.578,2.631,55,54,ok
SW0982,Extreme Heat Event,Extreme Heat,Extreme Heat,"Queens, Staten Island, Brooklyn, Bronx, Manhattan",2017-07-11 16:56,2017-07-13 21:32,EDT,2017-07-11 20:00,2017-07-14 02:00,52.6,54,FALSE,Manhattan,4.274,2.52,4.298,12.865,2.63,2.771,55,54,ok
SW0982,Extreme Heat Event,Extreme Heat,Extreme Heat,"Queens, Staten Island, Brooklyn, Bronx, Manhattan",2017-07-11 16:56,2017-07-13 21:32,EDT,2017-07-11 20:00,2017-07-14 02:00,52.6,54,FALSE,Bronx,3.933,2.363,3.963,12.689,3.271,3.271,55,54,ok
SW0982,Extreme Heat Event,Extreme Heat,Extreme Heat,"Queens, Staten Island, Brooklyn, Bronx, Manhattan",2017-07-11 16:56,2017-07-13 21:32,EDT,2017-07-11 20:00,2017-07-14 02:00,52.6,54,FALSE,Staten Island,5.041,2.769,5.041,14.621,3.541,3.554,55,54,ok
SW0982,Extreme Heat Event,Extreme Heat,Extreme Heat,"Queens, Staten Island, Brooklyn, Bronx, Manhattan",2017-07-11 16:56,2017-07-13 21:32,EDT,2017-07-11 20:00,2017-07-14 02:00,52.6,54,FALSE,ALL NYC,4.773,2.772,4.826,13.545,2.839,2.962,55,54,ok
SW0983,Extreme Heat Event,Extreme Heat,Extreme Heat,"Brooklyn, Queens",2017-08-01 16:56,2017-08-03 17:56,EDT,2017-08-01 20:00,2017-08-03 22:00,49,50,FALSE,Brooklyn,3.93,1.972,3.93,7.38,1.999,2.117,51,50,ok
SW0983,Extreme Heat Event,Extreme Heat,Extreme Heat,"Brooklyn, Queens",2017-08-01 16:56,2017-08-03 17:56,EDT,2017-08-01 20:00,2017-08-03 22:00,49,50,FALSE,Queens,3.84,1.96,3.865,8.145,2.273,2.315,51,50,ok
SW0983,Extreme Heat Event,Extreme Heat,Extreme Heat,"Brooklyn, Queens",2017-08-01 16:56,2017-08-03 17:56,EDT,2017-08-01 20:00,2017-08-03 22:00,49,50,FALSE,Manhattan,3.292,1.539,3.3,9.352,1.933,2.483,51,50,ok
SW0983,Extreme Heat Event,Extreme Heat,Extreme Heat,"Brooklyn, Queens",2017-08-01 16:56,2017-08-03 17:56,EDT,2017-08-01 20:00,2017-08-03 22:00,49,50,FALSE,Bronx,3.079,1.425,3.079,10.517,3.008,3.008,51,50,ok
SW0983,Extreme Heat Event,Extreme Heat,Extreme Heat,"Brooklyn, Queens",2017-08-01 16:56,2017-08-03 17:56,EDT,2017-08-01 20:00,2017-08-03 22:00,49,50,FALSE,Staten Island,3.436,1.659,3.436,8.21,3.459,3.459,51,50,ok
SW0983,Extreme Heat Event,Extreme Heat,Extreme Heat,"Brooklyn, Queens",2017-08-01 16:56,2017-08-03 17:56,EDT,2017-08-01 20:00,2017-08-03 22:00,49,50,FALSE,ALL NYC,3.616,1.798,3.645,8.407,1.595,2.59,51,50,ok
SW0984,Extreme Heat Event,Extreme Heat,Extreme Heat,"Queens, Brooklyn",2017-09-24 16:52,2017-09-25 19:56,EDT,2017-09-24 20:00,2017-09-26 00:00,27.0667,28,FALSE,Brooklyn,4.322,1.885,4.322,0,0,0,29,28,ok
SW0984,Extreme Heat Event,Extreme Heat,Extreme Heat,"Queens, Brooklyn",2017-09-24 16:52,2017-09-25 19:56,EDT,2017-09-24 20:00,2017-09-26 00:00,27.0667,28,FALSE,Queens,4.182,1.824,4.182,0,0,0,29,28,ok
SW0984,Extreme Heat Event,Extreme Heat,Extreme Heat,"Queens, Brooklyn",2017-09-24 16:52,2017-09-25 19:56,EDT,2017-09-24 20:00,2017-09-26 00:00,27.0667,28,FALSE,Manhattan,3.533,1.583,3.536,0,0,0,29,28,ok
SW0984,Extreme Heat Event,Extreme Heat,Extreme Heat,"Queens, Brooklyn",2017-09-24 16:52,2017-09-25 19:56,EDT,2017-09-24 20:00,2017-09-26 00:00,27.0667,28,FALSE,Bronx,3.252,1.488,3.27,0.001,0,0,29,28,ok
SW0984,Extreme Heat Event,Extreme Heat,Extreme Heat,"Queens, Brooklyn",2017-09-24 16:52,2017-09-25 19:56,EDT,2017-09-24 20:00,2017-09-26 00:00,27.0667,28,FALSE,Staten Island,3.87,1.78,3.87,0.001,0,0,29,28,ok
SW0984,Extreme Heat Event,Extreme Heat,Extreme Heat,"Queens, Brooklyn",2017-09-24 16:52,2017-09-25 19:56,EDT,2017-09-24 20:00,2017-09-26 00:00,27.0667,28,FALSE,ALL NYC,3.973,1.763,3.976,0.001,0,0,29,28,ok
SW1734,Extreme Cold Event,Winter Weather,"Coastal Flooding, High Winds, Extreme Cold","Staten Island, Queens, Bronx, Brooklyn, Manhattan",2019-01-21 00:00,2019-01-22 00:00,EST,2019-01-21 05:00,2019-01-22 05:00,24,24,FALSE,Brooklyn,9.782,7.839,9.789,0.02,0.006,0.006,25,24,ok
SW1734,Extreme Cold Event,Winter Weather,"Coastal Flooding, High Winds, Extreme Cold","Staten Island, Queens, Bronx, Brooklyn, Manhattan",2019-01-21 00:00,2019-01-22 00:00,EST,2019-01-21 05:00,2019-01-22 05:00,24,24,FALSE,Queens,9.516,7.85,9.55,0.022,0.005,0.005,25,24,ok
SW1734,Extreme Cold Event,Winter Weather,"Coastal Flooding, High Winds, Extreme Cold","Staten Island, Queens, Bronx, Brooklyn, Manhattan",2019-01-21 00:00,2019-01-22 00:00,EST,2019-01-21 05:00,2019-01-22 05:00,24,24,FALSE,Manhattan,8.417,6.525,8.417,0.015,0.004,0.004,25,24,ok
SW1734,Extreme Cold Event,Winter Weather,"Coastal Flooding, High Winds, Extreme Cold","Staten Island, Queens, Bronx, Brooklyn, Manhattan",2019-01-21 00:00,2019-01-22 00:00,EST,2019-01-21 05:00,2019-01-22 05:00,24,24,FALSE,Bronx,7.745,6.053,7.745,0.014,0.003,0.003,25,24,ok
SW1734,Extreme Cold Event,Winter Weather,"Coastal Flooding, High Winds, Extreme Cold","Staten Island, Queens, Bronx, Brooklyn, Manhattan",2019-01-21 00:00,2019-01-22 00:00,EST,2019-01-21 05:00,2019-01-22 05:00,24,24,FALSE,Staten Island,8.747,6.656,8.747,0.023,0.006,0.006,25,24,ok
SW1734,Extreme Cold Event,Winter Weather,"Coastal Flooding, High Winds, Extreme Cold","Staten Island, Queens, Bronx, Brooklyn, Manhattan",2019-01-21 00:00,2019-01-22 00:00,EST,2019-01-21 05:00,2019-01-22 05:00,24,24,FALSE,ALL NYC,9.09,7.268,9.114,0.02,0.005,0.005,25,24,ok
SW1735,Extreme Cold Event,Winter Weather,"Extreme Cold, High Winds","Manhattan, Brooklyn, Bronx, Queens, Staten Island",2019-01-31 00:00,2019-02-01 00:00,EST,2019-01-31 05:00,2019-02-01 05:00,24,24,FALSE,Brooklyn,5.709,4.845,5.741,0,0,0,25,24,ok
SW1735,Extreme Cold Event,Winter Weather,"Extreme Cold, High Winds","Manhattan, Brooklyn, Bronx, Queens, Staten Island",2019-01-31 00:00,2019-02-01 00:00,EST,2019-01-31 05:00,2019-02-01 05:00,24,24,FALSE,Queens,5.577,4.809,5.618,0,0,0,25,24,ok
SW1735,Extreme Cold Event,Winter Weather,"Extreme Cold, High Winds","Manhattan, Brooklyn, Bronx, Queens, Staten Island",2019-01-31 00:00,2019-02-01 00:00,EST,2019-01-31 05:00,2019-02-01 05:00,24,24,FALSE,Manhattan,4.708,3.978,4.708,0,0,0,25,24,ok
SW1735,Extreme Cold Event,Winter Weather,"Extreme Cold, High Winds","Manhattan, Brooklyn, Bronx, Queens, Staten Island",2019-01-31 00:00,2019-02-01 00:00,EST,2019-01-31 05:00,2019-02-01 05:00,24,24,FALSE,Bronx,4.294,3.644,4.294,0,0,0,25,24,ok
SW1735,Extreme Cold Event,Winter Weather,"Extreme Cold, High Winds","Manhattan, Brooklyn, Bronx, Queens, Staten Island",2019-01-31 00:00,2019-02-01 00:00,EST,2019-01-31 05:00,2019-02-01 05:00,24,24,FALSE,Staten Island,5.061,4.172,5.061,0,0,0,25,24,ok
SW1735,Extreme Cold Event,Winter Weather,"Extreme Cold, High Winds","Manhattan, Brooklyn, Bronx, Queens, Staten Island",2019-01-31 00:00,2019-02-01 00:00,EST,2019-01-31 05:00,2019-02-01 05:00,24,24,FALSE,ALL NYC,5.261,4.469,5.285,0,0,0,25,24,ok
SW1736,"Flash/Inland Flooding, Funnel Cloud Event",Thunderstorms,Flash Flooding,"Brooklyn, Manhattan",2018-07-17 13:45,2018-07-18 13:45,EDT,2018-07-17 17:00,2018-07-18 18:00,24,25,FALSE,Brooklyn,5.182,3.114,5.182,25.979,5.597,5.663,26,25,ok
SW1736,"Flash/Inland Flooding, Funnel Cloud Event",Thunderstorms,Flash Flooding,"Brooklyn, Manhattan",2018-07-17 13:45,2018-07-18 13:45,EDT,2018-07-17 17:00,2018-07-18 18:00,24,25,FALSE,Queens,5.601,3.146,5.601,25.384,5.353,5.582,26,25,ok
SW1736,"Flash/Inland Flooding, Funnel Cloud Event",Thunderstorms,Flash Flooding,"Brooklyn, Manhattan",2018-07-17 13:45,2018-07-18 13:45,EDT,2018-07-17 17:00,2018-07-18 18:00,24,25,FALSE,Manhattan,4.479,2.805,4.479,20.844,5.023,5.024,26,25,ok
SW1736,"Flash/Inland Flooding, Funnel Cloud Event",Thunderstorms,Flash Flooding,"Brooklyn, Manhattan",2018-07-17 13:45,2018-07-18 13:45,EDT,2018-07-17 17:00,2018-07-18 18:00,24,25,FALSE,Bronx,4.438,2.712,4.438,20.493,5.144,5.144,26,25,ok
SW1736,"Flash/Inland Flooding, Funnel Cloud Event",Thunderstorms,Flash Flooding,"Brooklyn, Manhattan",2018-07-17 13:45,2018-07-18 13:45,EDT,2018-07-17 17:00,2018-07-18 18:00,24,25,FALSE,Staten Island,4.074,2.761,4.09,25.108,6.747,6.747,26,25,ok
SW1736,"Flash/Inland Flooding, Funnel Cloud Event",Thunderstorms,Flash Flooding,"Brooklyn, Manhattan",2018-07-17 13:45,2018-07-18 13:45,EDT,2018-07-17 17:00,2018-07-18 18:00,24,25,FALSE,ALL NYC,4.967,2.979,4.97,24.401,5.375,5.709,26,25,ok
SW1737,Flash/Inland Flooding Event,Thunderstorms,Flash Flooding,Bronx,2018-08-04 10:30,2018-08-05 10:30,EDT,2018-08-04 14:00,2018-08-05 15:00,24,25,FALSE,Brooklyn,3.416,2.352,3.439,7.33,2.147,2.213,26,25,ok
SW1737,Flash/Inland Flooding Event,Thunderstorms,Flash Flooding,Bronx,2018-08-04 10:30,2018-08-05 10:30,EDT,2018-08-04 14:00,2018-08-05 15:00,24,25,FALSE,Queens,3.853,2.324,3.854,8.973,2.203,2.246,26,25,ok
SW1737,Flash/Inland Flooding Event,Thunderstorms,Flash Flooding,Bronx,2018-08-04 10:30,2018-08-05 10:30,EDT,2018-08-04 14:00,2018-08-05 15:00,24,25,FALSE,Manhattan,2.593,1.896,2.66,11.49,2.934,3.026,26,25,ok
SW1737,Flash/Inland Flooding Event,Thunderstorms,Flash Flooding,Bronx,2018-08-04 10:30,2018-08-05 10:30,EDT,2018-08-04 14:00,2018-08-05 15:00,24,25,FALSE,Bronx,2.588,1.748,2.588,13.363,3.214,3.366,26,25,ok
SW1737,Flash/Inland Flooding Event,Thunderstorms,Flash Flooding,Bronx,2018-08-04 10:30,2018-08-05 10:30,EDT,2018-08-04 14:00,2018-08-05 15:00,24,25,FALSE,Staten Island,3.023,2.115,3.023,8.257,2.617,2.689,26,25,ok
SW1737,Flash/Inland Flooding Event,Thunderstorms,Flash Flooding,Bronx,2018-08-04 10:30,2018-08-05 10:30,EDT,2018-08-04 14:00,2018-08-05 15:00,24,25,FALSE,ALL NYC,3.203,2.177,3.332,9.278,2.463,2.539,26,25,ok
SW1738,"Lightning, Flash/Inland Flooding Event",Thunderstorms,Flash Flooding,Queens,2018-08-07 00:00,2018-08-08 00:00,EDT,2018-08-07 04:00,2018-08-08 04:00,24,24,FALSE,Brooklyn,4.684,3.343,4.698,0.836,0.495,0.495,25,24,ok
SW1738,"Lightning, Flash/Inland Flooding Event",Thunderstorms,Flash Flooding,Queens,2018-08-07 00:00,2018-08-08 00:00,EDT,2018-08-07 04:00,2018-08-08 04:00,24,24,FALSE,Queens,4.849,3.412,4.851,0.945,0.449,0.451,25,24,ok
SW1738,"Lightning, Flash/Inland Flooding Event",Thunderstorms,Flash Flooding,Queens,2018-08-07 00:00,2018-08-08 00:00,EDT,2018-08-07 04:00,2018-08-08 04:00,24,24,FALSE,Manhattan,3.921,2.862,3.937,0.948,0.286,0.301,25,24,ok
SW1738,"Lightning, Flash/Inland Flooding Event",Thunderstorms,Flash Flooding,Queens,2018-08-07 00:00,2018-08-08 00:00,EDT,2018-08-07 04:00,2018-08-08 04:00,24,24,FALSE,Bronx,3.806,2.733,3.831,1.069,0.35,0.355,25,24,ok
SW1738,"Lightning, Flash/Inland Flooding Event",Thunderstorms,Flash Flooding,Queens,2018-08-07 00:00,2018-08-08 00:00,EDT,2018-08-07 04:00,2018-08-08 04:00,24,24,FALSE,Staten Island,4.042,2.865,4.042,0.791,0.384,0.384,25,24,ok
SW1738,"Lightning, Flash/Inland Flooding Event",Thunderstorms,Flash Flooding,Queens,2018-08-07 00:00,2018-08-08 00:00,EDT,2018-08-07 04:00,2018-08-08 04:00,24,24,FALSE,ALL NYC,4.347,3.155,4.448,0.908,0.403,0.421,25,24,ok
SW1739,Flash/Inland Flooding Event,Thunderstorms,Flash Flooding,"Queens, Manhattan",2018-08-11 07:28,2018-08-12 07:28,EDT,2018-08-11 11:00,2018-08-12 12:00,24,25,FALSE,Brooklyn,3.206,2.003,3.265,24.266,4.16,4.16,26,25,ok
SW1739,Flash/Inland Flooding Event,Thunderstorms,Flash Flooding,"Queens, Manhattan",2018-08-11 07:28,2018-08-12 07:28,EDT,2018-08-11 11:00,2018-08-12 12:00,24,25,FALSE,Queens,3.352,2.013,3.362,29.865,4.916,4.916,26,25,ok
SW1739,Flash/Inland Flooding Event,Thunderstorms,Flash Flooding,"Queens, Manhattan",2018-08-11 07:28,2018-08-12 07:28,EDT,2018-08-11 11:00,2018-08-12 12:00,24,25,FALSE,Manhattan,2.463,1.56,2.47,31.05,3.765,3.869,26,25,ok
SW1739,Flash/Inland Flooding Event,Thunderstorms,Flash Flooding,"Queens, Manhattan",2018-08-11 07:28,2018-08-12 07:28,EDT,2018-08-11 11:00,2018-08-12 12:00,24,25,FALSE,Bronx,2.28,1.49,2.337,34.37,4.216,4.216,26,25,ok
SW1739,Flash/Inland Flooding Event,Thunderstorms,Flash Flooding,"Queens, Manhattan",2018-08-11 07:28,2018-08-12 07:28,EDT,2018-08-11 11:00,2018-08-12 12:00,24,25,FALSE,Staten Island,2.759,1.728,2.759,20.532,4.583,4.583,26,25,ok
SW1739,Flash/Inland Flooding Event,Thunderstorms,Flash Flooding,"Queens, Manhattan",2018-08-11 07:28,2018-08-12 07:28,EDT,2018-08-11 11:00,2018-08-12 12:00,24,25,FALSE,ALL NYC,2.936,1.847,3.012,27.576,4.216,4.499,26,25,ok
SW1741,Flash/Inland Flooding Event,Thunderstorms,Flash Flooding,"Queens, Bronx",2018-09-25 12:22,2018-09-26 12:22,EDT,2018-09-25 16:00,2018-09-26 17:00,24,25,FALSE,Brooklyn,5.575,3.882,5.575,13.248,2.63,2.63,26,25,ok
SW1741,Flash/Inland Flooding Event,Thunderstorms,Flash Flooding,"Queens, Bronx",2018-09-25 12:22,2018-09-26 12:22,EDT,2018-09-25 16:00,2018-09-26 17:00,24,25,FALSE,Queens,5.371,4.099,5.48,15.857,3.531,3.531,26,25,ok
SW1741,Flash/Inland Flooding Event,Thunderstorms,Flash Flooding,"Queens, Bronx",2018-09-25 12:22,2018-09-26 12:22,EDT,2018-09-25 16:00,2018-09-26 17:00,24,25,FALSE,Manhattan,4.566,3.106,4.58,19.014,4.774,4.774,26,25,ok
SW1741,Flash/Inland Flooding Event,Thunderstorms,Flash Flooding,"Queens, Bronx",2018-09-25 12:22,2018-09-26 12:22,EDT,2018-09-25 16:00,2018-09-26 17:00,24,25,FALSE,Bronx,4.148,2.978,4.174,20.914,5.741,5.741,26,25,ok
SW1741,Flash/Inland Flooding Event,Thunderstorms,Flash Flooding,"Queens, Bronx",2018-09-25 12:22,2018-09-26 12:22,EDT,2018-09-25 16:00,2018-09-26 17:00,24,25,FALSE,Staten Island,4.919,3.047,4.919,10.521,2.274,2.359,26,25,ok
SW1741,Flash/Inland Flooding Event,Thunderstorms,Flash Flooding,"Queens, Bronx",2018-09-25 12:22,2018-09-26 12:22,EDT,2018-09-25 16:00,2018-09-26 17:00,24,25,FALSE,ALL NYC,5.085,3.616,5.143,15.231,3.498,3.514,26,25,ok
SW1742,Flash/Inland Flooding Event,Thunderstorms,Flash Flooding,"Queens, Staten Island",2018-09-28 05:05,2018-09-29 05:05,EDT,2018-09-28 09:00,2018-09-29 10:00,24,25,FALSE,Brooklyn,6.447,3.112,6.447,15.616,5.896,5.896,26,25,ok
SW1742,Flash/Inland Flooding Event,Thunderstorms,Flash Flooding,"Queens, Staten Island",2018-09-28 05:05,2018-09-29 05:05,EDT,2018-09-28 09:00,2018-09-29 10:00,24,25,FALSE,Queens,6.521,3.194,6.562,16.589,6.103,6.103,26,25,ok
SW1742,Flash/Inland Flooding Event,Thunderstorms,Flash Flooding,"Queens, Staten Island",2018-09-28 05:05,2018-09-29 05:05,EDT,2018-09-28 09:00,2018-09-29 10:00,24,25,FALSE,Manhattan,5.456,2.801,5.484,14.19,5.442,5.442,26,25,ok
SW1742,Flash/Inland Flooding Event,Thunderstorms,Flash Flooding,"Queens, Staten Island",2018-09-28 05:05,2018-09-29 05:05,EDT,2018-09-28 09:00,2018-09-29 10:00,24,25,FALSE,Bronx,5.225,2.721,5.324,14.207,5.441,5.441,26,25,ok
SW1742,Flash/Inland Flooding Event,Thunderstorms,Flash Flooding,"Queens, Staten Island",2018-09-28 05:05,2018-09-29 05:05,EDT,2018-09-28 09:00,2018-09-29 10:00,24,25,FALSE,Staten Island,5.57,2.778,5.638,13.428,5.517,5.525,26,25,ok
SW1742,Flash/Inland Flooding Event,Thunderstorms,Flash Flooding,"Queens, Staten Island",2018-09-28 05:05,2018-09-29 05:05,EDT,2018-09-28 09:00,2018-09-29 10:00,24,25,FALSE,ALL NYC,6.021,3,6.102,15.25,5.753,5.802,26,25,ok
SW1743,"High Winds, Flash/Inland Flooding Event",Winter Weather,High Winds,Queens,2018-12-21 03:00,2018-12-22 03:00,EST,2018-12-21 08:00,2018-12-22 08:00,24,24,FALSE,Brooklyn,9.698,5.896,9.698,34.02,5.994,5.994,25,24,ok
SW1743,"High Winds, Flash/Inland Flooding Event",Winter Weather,High Winds,Queens,2018-12-21 03:00,2018-12-22 03:00,EST,2018-12-21 08:00,2018-12-22 08:00,24,24,FALSE,Queens,9.734,6.061,9.734,40.177,7.126,7.266,25,24,ok
SW1743,"High Winds, Flash/Inland Flooding Event",Winter Weather,High Winds,Queens,2018-12-21 03:00,2018-12-22 03:00,EST,2018-12-21 08:00,2018-12-22 08:00,24,24,FALSE,Manhattan,8.227,4.853,8.227,37.612,5.494,5.754,25,24,ok
SW1743,"High Winds, Flash/Inland Flooding Event",Winter Weather,High Winds,Queens,2018-12-21 03:00,2018-12-22 03:00,EST,2018-12-21 08:00,2018-12-22 08:00,24,24,FALSE,Bronx,7.794,4.595,7.794,40.763,5.921,6.288,25,24,ok
SW1743,"High Winds, Flash/Inland Flooding Event",Winter Weather,High Winds,Queens,2018-12-21 03:00,2018-12-22 03:00,EST,2018-12-21 08:00,2018-12-22 08:00,24,24,FALSE,Staten Island,8.349,4.88,8.349,26.316,4.124,4.124,25,24,ok
SW1743,"High Winds, Flash/Inland Flooding Event",Winter Weather,High Winds,Queens,2018-12-21 03:00,2018-12-22 03:00,EST,2018-12-21 08:00,2018-12-22 08:00,24,24,FALSE,ALL NYC,9.075,5.501,9.075,36.056,5.847,6.128,25,24,ok
SW1744,High Winds Event,Winter Weather,High Winds,Queens,2019-01-10 10:00,2019-01-11 10:00,EST,2019-01-10 15:00,2019-01-11 15:00,24,24,FALSE,Brooklyn,8.826,6.753,8.826,0.002,0.001,0.001,25,24,ok
SW1744,High Winds Event,Winter Weather,High Winds,Queens,2019-01-10 10:00,2019-01-11 10:00,EST,2019-01-10 15:00,2019-01-11 15:00,24,24,FALSE,Queens,8.682,6.839,8.686,0.002,0.001,0.001,25,24,ok
SW1744,High Winds Event,Winter Weather,High Winds,Queens,2019-01-10 10:00,2019-01-11 10:00,EST,2019-01-10 15:00,2019-01-11 15:00,24,24,FALSE,Manhattan,7.631,5.93,7.643,0.003,0.001,0.001,25,24,ok
SW1744,High Winds Event,Winter Weather,High Winds,Queens,2019-01-10 10:00,2019-01-11 10:00,EST,2019-01-10 15:00,2019-01-11 15:00,24,24,FALSE,Bronx,7.17,5.621,7.174,0.004,0.001,0.001,25,24,ok
SW1744,High Winds Event,Winter Weather,High Winds,Queens,2019-01-10 10:00,2019-01-11 10:00,EST,2019-01-10 15:00,2019-01-11 15:00,24,24,FALSE,Staten Island,7.849,5.819,7.873,0.002,0.001,0.001,25,24,ok
SW1744,High Winds Event,Winter Weather,High Winds,Queens,2019-01-10 10:00,2019-01-11 10:00,EST,2019-01-10 15:00,2019-01-11 15:00,24,24,FALSE,ALL NYC,8.244,6.387,8.272,0.003,0.001,0.001,25,24,ok
SW1745,"Coastal Flooding, High Winds Event",Winter Weather,"High Winds, Coastal Flooding",Queens,2019-01-20 07:00,2019-01-21 07:00,EST,2019-01-20 12:00,2019-01-21 12:00,24,24,FALSE,Brooklyn,8.479,6.964,8.479,7.804,2.813,2.813,25,24,ok
SW1745,"Coastal Flooding, High Winds Event",Winter Weather,"High Winds, Coastal Flooding",Queens,2019-01-20 07:00,2019-01-21 07:00,EST,2019-01-20 12:00,2019-01-21 12:00,24,24,FALSE,Queens,8.388,6.904,8.427,8.339,2.916,2.953,25,24,ok
SW1745,"Coastal Flooding, High Winds Event",Winter Weather,"High Winds, Coastal Flooding",Queens,2019-01-20 07:00,2019-01-21 07:00,EST,2019-01-20 12:00,2019-01-21 12:00,24,24,FALSE,Manhattan,7.202,5.625,7.218,8.432,2.911,2.981,25,24,ok
SW1745,"Coastal Flooding, High Winds Event",Winter Weather,"High Winds, Coastal Flooding",Queens,2019-01-20 07:00,2019-01-21 07:00,EST,2019-01-20 12:00,2019-01-21 12:00,24,24,FALSE,Bronx,6.778,5.19,6.778,8.876,3.393,3.393,25,24,ok
SW1745,"Coastal Flooding, High Winds Event",Winter Weather,"High Winds, Coastal Flooding",Queens,2019-01-20 07:00,2019-01-21 07:00,EST,2019-01-20 12:00,2019-01-21 12:00,24,24,FALSE,Staten Island,7.277,6.008,7.308,7.673,2.916,2.916,25,24,ok
SW1745,"Coastal Flooding, High Winds Event",Winter Weather,"High Winds, Coastal Flooding",Queens,2019-01-20 07:00,2019-01-21 07:00,EST,2019-01-20 12:00,2019-01-21 12:00,24,24,FALSE,ALL NYC,7.848,6.409,7.903,8.174,2.716,2.973,25,24,ok
SW1746,High Winds Event,Winter Weather,High Winds,"Queens, Staten Island, Brooklyn",2019-01-24 10:00,2019-01-25 10:00,EST,2019-01-24 15:00,2019-01-25 15:00,24,24,FALSE,Brooklyn,11.444,5.699,11.444,16.537,3.578,3.578,25,24,ok
SW1746,High Winds Event,Winter Weather,High Winds,"Queens, Staten Island, Brooklyn",2019-01-24 10:00,2019-01-25 10:00,EST,2019-01-24 15:00,2019-01-25 15:00,24,24,FALSE,Queens,11.67,5.767,11.67,17.922,3.879,3.887,25,24,ok
SW1746,High Winds Event,Winter Weather,High Winds,"Queens, Staten Island, Brooklyn",2019-01-24 10:00,2019-01-25 10:00,EST,2019-01-24 15:00,2019-01-25 15:00,24,24,FALSE,Manhattan,9.563,4.803,9.563,16.505,3.025,3.153,25,24,ok
SW1746,High Winds Event,Winter Weather,High Winds,"Queens, Staten Island, Brooklyn",2019-01-24 10:00,2019-01-25 10:00,EST,2019-01-24 15:00,2019-01-25 15:00,24,24,FALSE,Bronx,9.132,4.523,9.132,17.07,3.374,3.411,25,24,ok
SW1746,High Winds Event,Winter Weather,High Winds,"Queens, Staten Island, Brooklyn",2019-01-24 10:00,2019-01-25 10:00,EST,2019-01-24 15:00,2019-01-25 15:00,24,24,FALSE,Staten Island,9.688,4.889,9.688,14.812,3.028,3.065,25,24,ok
SW1746,High Winds Event,Winter Weather,High Winds,"Queens, Staten Island, Brooklyn",2019-01-24 10:00,2019-01-25 10:00,EST,2019-01-24 15:00,2019-01-25 15:00,24,24,FALSE,ALL NYC,10.723,5.337,10.723,16.791,3.404,3.533,25,24,ok
SW1747,January 2019 Squall,Winter Weather,High Winds,"Brooklyn, Bronx, Manhattan, Staten Island, Queens",2019-01-30 14:00,2019-01-31 14:00,EST,2019-01-30 19:00,2019-01-31 19:00,24,24,FALSE,Brooklyn,9.968,6.472,9.968,0.198,0.141,0.141,25,24,ok
SW1747,January 2019 Squall,Winter Weather,High Winds,"Brooklyn, Bronx, Manhattan, Staten Island, Queens",2019-01-30 14:00,2019-01-31 14:00,EST,2019-01-30 19:00,2019-01-31 19:00,24,24,FALSE,Queens,9.63,6.341,9.668,0.191,0.119,0.121,25,24,ok
SW1747,January 2019 Squall,Winter Weather,High Winds,"Brooklyn, Bronx, Manhattan, Staten Island, Queens",2019-01-30 14:00,2019-01-31 14:00,EST,2019-01-30 19:00,2019-01-31 19:00,24,24,FALSE,Manhattan,8.681,5.402,8.681,0.178,0.106,0.106,25,24,ok
SW1747,January 2019 Squall,Winter Weather,High Winds,"Brooklyn, Bronx, Manhattan, Staten Island, Queens",2019-01-30 14:00,2019-01-31 14:00,EST,2019-01-30 19:00,2019-01-31 19:00,24,24,FALSE,Bronx,8.113,4.977,8.113,0.168,0.093,0.093,25,24,ok
SW1747,January 2019 Squall,Winter Weather,High Winds,"Brooklyn, Bronx, Manhattan, Staten Island, Queens",2019-01-30 14:00,2019-01-31 14:00,EST,2019-01-30 19:00,2019-01-31 19:00,24,24,FALSE,Staten Island,9.419,5.801,9.419,0.197,0.132,0.132,25,24,ok
SW1747,January 2019 Squall,Winter Weather,High Winds,"Brooklyn, Bronx, Manhattan, Staten Island, Queens",2019-01-30 14:00,2019-01-31 14:00,EST,2019-01-30 19:00,2019-01-31 19:00,24,24,FALSE,ALL NYC,9.381,6.005,9.395,0.189,0.122,0.122,25,24,ok
SW1748,High Winds Event,Winter Weather,High Winds,"Queens, Staten Island, Manhattan, Brooklyn",2019-02-25 00:00,2019-02-26 00:00,EST,2019-02-25 05:00,2019-02-26 05:00,24,24,FALSE,Brooklyn,11.995,9.093,11.995,0.001,0.001,0.001,25,24,ok
SW1748,High Winds Event,Winter Weather,High Winds,"Queens, Staten Island, Manhattan, Brooklyn",2019-02-25 00:00,2019-02-26 00:00,EST,2019-02-25 05:00,2019-02-26 05:00,24,24,FALSE,Queens,11.867,8.936,11.867,0.002,0.001,0.001,25,24,ok
SW1748,High Winds Event,Winter Weather,High Winds,"Queens, Staten Island, Manhattan, Brooklyn",2019-02-25 00:00,2019-02-26 00:00,EST,2019-02-25 05:00,2019-02-26 05:00,24,24,FALSE,Manhattan,10.604,7.795,10.604,0.002,0.001,0.001,25,24,ok
SW1748,High Winds Event,Winter Weather,High Winds,"Queens, Staten Island, Manhattan, Brooklyn",2019-02-25 00:00,2019-02-26 00:00,EST,2019-02-25 05:00,2019-02-26 05:00,24,24,FALSE,Bronx,10.149,7.299,10.149,0.003,0.001,0.001,25,24,ok
SW1748,High Winds Event,Winter Weather,High Winds,"Queens, Staten Island, Manhattan, Brooklyn",2019-02-25 00:00,2019-02-26 00:00,EST,2019-02-25 05:00,2019-02-26 05:00,24,24,FALSE,Staten Island,10.945,8.198,10.945,0.001,0.001,0.001,25,24,ok
SW1748,High Winds Event,Winter Weather,High Winds,"Queens, Staten Island, Manhattan, Brooklyn",2019-02-25 00:00,2019-02-26 00:00,EST,2019-02-25 05:00,2019-02-26 05:00,24,24,FALSE,ALL NYC,11.382,8.515,11.382,0.002,0.001,0.001,25,24,ok
SW1749,High Winds Event,Winter Weather,High Winds,"Brooklyn, Manhattan, Staten Island, Queens",2019-04-15 00:00,2019-04-16 00:00,EDT,2019-04-15 04:00,2019-04-16 04:00,24,24,FALSE,Brooklyn,10.875,7.48,10.875,8.867,2.898,2.898,25,24,ok
SW1749,High Winds Event,Winter Weather,High Winds,"Brooklyn, Manhattan, Staten Island, Queens",2019-04-15 00:00,2019-04-16 00:00,EDT,2019-04-15 04:00,2019-04-16 04:00,24,24,FALSE,Queens,10.536,7.45,10.536,9.523,2.504,2.509,25,24,ok
SW1749,High Winds Event,Winter Weather,High Winds,"Brooklyn, Manhattan, Staten Island, Queens",2019-04-15 00:00,2019-04-16 00:00,EDT,2019-04-15 04:00,2019-04-16 04:00,24,24,FALSE,Manhattan,9.154,6.398,9.154,9.629,2.734,2.754,25,24,ok
SW1749,High Winds Event,Winter Weather,High Winds,"Brooklyn, Manhattan, Staten Island, Queens",2019-04-15 00:00,2019-04-16 00:00,EDT,2019-04-15 04:00,2019-04-16 04:00,24,24,FALSE,Bronx,8.532,6.038,8.532,9.853,2.669,2.741,25,24,ok
SW1749,High Winds Event,Winter Weather,High Winds,"Brooklyn, Manhattan, Staten Island, Queens",2019-04-15 00:00,2019-04-16 00:00,EDT,2019-04-15 04:00,2019-04-16 04:00,24,24,FALSE,Staten Island,9.916,6.625,9.916,8.216,3.241,3.241,25,24,ok
SW1749,High Winds Event,Winter Weather,High Winds,"Brooklyn, Manhattan, Staten Island, Queens",2019-04-15 00:00,2019-04-16 00:00,EDT,2019-04-15 04:00,2019-04-16 04:00,24,24,FALSE,ALL NYC,10.106,7.022,10.106,9.187,2.76,2.784,25,24,ok
SW1750,High Winds Event,Thunderstorms,High Winds,"Staten Island, Bronx",2019-05-26 16:30,2019-05-27 16:30,EDT,2019-05-26 20:00,2019-05-27 21:00,24,25,FALSE,Brooklyn,4.149,3.202,4.158,0.118,0.066,0.075,26,25,ok
SW1750,High Winds Event,Thunderstorms,High Winds,"Staten Island, Bronx",2019-05-26 16:30,2019-05-27 16:30,EDT,2019-05-26 20:00,2019-05-27 21:00,24,25,FALSE,Queens,4.085,3.197,4.085,0.306,0.252,0.252,26,25,ok
SW1750,High Winds Event,Thunderstorms,High Winds,"Staten Island, Bronx",2019-05-26 16:30,2019-05-27 16:30,EDT,2019-05-26 20:00,2019-05-27 21:00,24,25,FALSE,Manhattan,3.607,2.882,3.62,0.359,0.248,0.248,26,25,ok
SW1750,High Winds Event,Thunderstorms,High Winds,"Staten Island, Bronx",2019-05-26 16:30,2019-05-27 16:30,EDT,2019-05-26 20:00,2019-05-27 21:00,24,25,FALSE,Bronx,3.373,2.788,3.421,0.541,0.433,0.433,26,25,ok
SW1750,High Winds Event,Thunderstorms,High Winds,"Staten Island, Bronx",2019-05-26 16:30,2019-05-27 16:30,EDT,2019-05-26 20:00,2019-05-27 21:00,24,25,FALSE,Staten Island,4.111,2.931,4.123,0.073,0.034,0.037,26,25,ok
SW1750,High Winds Event,Thunderstorms,High Winds,"Staten Island, Bronx",2019-05-26 16:30,2019-05-27 16:30,EDT,2019-05-26 20:00,2019-05-27 21:00,24,25,FALSE,ALL NYC,3.882,3.066,3.979,0.256,0.188,0.195,26,25,ok
SW1751,Hail Event,Thunderstorms,Large Hail,Staten Island,2019-05-28 21:00,2019-05-29 21:00,EDT,2019-05-29 01:00,2019-05-30 01:00,24,24,FALSE,Brooklyn,4.572,3.331,4.572,2.304,0.803,0.855,25,24,ok
SW1751,Hail Event,Thunderstorms,Large Hail,Staten Island,2019-05-28 21:00,2019-05-29 21:00,EDT,2019-05-29 01:00,2019-05-30 01:00,24,24,FALSE,Queens,4.221,3.331,4.263,2.625,0.69,0.736,25,24,ok
SW1751,Hail Event,Thunderstorms,Large Hail,Staten Island,2019-05-28 21:00,2019-05-29 21:00,EDT,2019-05-29 01:00,2019-05-30 01:00,24,24,FALSE,Manhattan,3.657,2.834,3.684,3.9,1.807,1.807,25,24,ok
SW1751,Hail Event,Thunderstorms,Large Hail,Staten Island,2019-05-28 21:00,2019-05-29 21:00,EDT,2019-05-29 01:00,2019-05-30 01:00,24,24,FALSE,Bronx,3.455,2.697,3.483,3.712,1.453,1.453,25,24,ok
SW1751,Hail Event,Thunderstorms,Large Hail,Staten Island,2019-05-28 21:00,2019-05-29 21:00,EDT,2019-05-29 01:00,2019-05-30 01:00,24,24,FALSE,Staten Island,4.349,2.959,4.349,2.519,0.898,0.898,25,24,ok
SW1751,Hail Event,Thunderstorms,Large Hail,Staten Island,2019-05-28 21:00,2019-05-29 21:00,EDT,2019-05-29 01:00,2019-05-30 01:00,24,24,FALSE,ALL NYC,4.141,3.133,4.191,2.798,0.96,0.988,25,24,ok
SW1752,Flash/Inland Flooding Event,Thunderstorms,Flash Flooding,Queens,2019-05-29 06:31,2019-05-30 06:31,EDT,2019-05-29 10:00,2019-05-30 11:00,24,25,FALSE,Brooklyn,4.572,2.777,4.572,1.988,0.803,0.855,26,25,ok
SW1752,Flash/Inland Flooding Event,Thunderstorms,Flash Flooding,Queens,2019-05-29 06:31,2019-05-30 06:31,EDT,2019-05-29 10:00,2019-05-30 11:00,24,25,FALSE,Queens,4.221,2.784,4.263,2.124,0.69,0.713,26,25,ok
SW1752,Flash/Inland Flooding Event,Thunderstorms,Flash Flooding,Queens,2019-05-29 06:31,2019-05-30 06:31,EDT,2019-05-29 10:00,2019-05-30 11:00,24,25,FALSE,Manhattan,3.657,2.325,3.684,3.625,1.807,1.807,26,25,ok
SW1752,Flash/Inland Flooding Event,Thunderstorms,Flash Flooding,Queens,2019-05-29 06:31,2019-05-30 06:31,EDT,2019-05-29 10:00,2019-05-30 11:00,24,25,FALSE,Bronx,3.455,2.23,3.483,3.456,1.453,1.453,26,25,ok
SW1752,Flash/Inland Flooding Event,Thunderstorms,Flash Flooding,Queens,2019-05-29 06:31,2019-05-30 06:31,EDT,2019-05-29 10:00,2019-05-30 11:00,24,25,FALSE,Staten Island,4.349,2.494,4.349,2.535,0.898,0.898,26,25,ok
SW1752,Flash/Inland Flooding Event,Thunderstorms,Flash Flooding,Queens,2019-05-29 06:31,2019-05-30 06:31,EDT,2019-05-29 10:00,2019-05-30 11:00,24,25,FALSE,ALL NYC,4.141,2.614,4.191,2.487,0.96,0.98,26,25,ok
SW1753,Hail Event,Thunderstorms,"Large Hail, High Winds",Brooklyn,2019-06-02 16:55,2019-06-03 16:55,EDT,2019-06-02 20:00,2019-06-03 21:00,24,25,FALSE,Brooklyn,6.287,3.97,6.287,2.516,1.086,1.086,26,25,ok
SW1753,Hail Event,Thunderstorms,"Large Hail, High Winds",Brooklyn,2019-06-02 16:55,2019-06-03 16:55,EDT,2019-06-02 20:00,2019-06-03 21:00,24,25,FALSE,Queens,6.171,3.936,6.195,3.021,1.285,1.326,26,25,ok
SW1753,Hail Event,Thunderstorms,"Large Hail, High Winds",Brooklyn,2019-06-02 16:55,2019-06-03 16:55,EDT,2019-06-02 20:00,2019-06-03 21:00,24,25,FALSE,Manhattan,5.497,3.472,5.511,2.521,1.135,1.135,26,25,ok
SW1753,Hail Event,Thunderstorms,"Large Hail, High Winds",Brooklyn,2019-06-02 16:55,2019-06-03 16:55,EDT,2019-06-02 20:00,2019-06-03 21:00,24,25,FALSE,Bronx,5.292,3.299,5.292,3.132,1.477,1.477,26,25,ok
SW1753,Hail Event,Thunderstorms,"Large Hail, High Winds",Brooklyn,2019-06-02 16:55,2019-06-03 16:55,EDT,2019-06-02 20:00,2019-06-03 21:00,24,25,FALSE,Staten Island,5.719,3.571,5.719,2.797,1.39,1.39,26,25,ok
SW1753,Hail Event,Thunderstorms,"Large Hail, High Winds",Brooklyn,2019-06-02 16:55,2019-06-03 16:55,EDT,2019-06-02 20:00,2019-06-03 21:00,24,25,FALSE,ALL NYC,5.915,3.749,5.945,2.834,1.271,1.286,26,25,ok
SW1754,High Winds Event,Thunderstorms,High Winds,"Manhattan, Staten Island",2019-06-29 04:10,2019-06-30 04:10,EDT,2019-06-29 08:00,2019-06-30 09:00,24,25,FALSE,Brooklyn,4.187,3.173,4.207,7.835,2.961,2.961,26,25,ok
SW1754,High Winds Event,Thunderstorms,High Winds,"Manhattan, Staten Island",2019-06-29 04:10,2019-06-30 04:10,EDT,2019-06-29 08:00,2019-06-30 09:00,24,25,FALSE,Queens,4.064,3.148,4.111,6.499,2.407,2.471,26,25,ok
SW1754,High Winds Event,Thunderstorms,High Winds,"Manhattan, Staten Island",2019-06-29 04:10,2019-06-30 04:10,EDT,2019-06-29 08:00,2019-06-30 09:00,24,25,FALSE,Manhattan,3.475,2.697,3.484,6.485,2.021,2.157,26,25,ok
SW1754,High Winds Event,Thunderstorms,High Winds,"Manhattan, Staten Island",2019-06-29 04:10,2019-06-30 04:10,EDT,2019-06-29 08:00,2019-06-30 09:00,24,25,FALSE,Bronx,3.349,2.552,3.349,5.787,2.175,2.175,26,25,ok
SW1754,High Winds Event,Thunderstorms,High Winds,"Manhattan, Staten Island",2019-06-29 04:10,2019-06-30 04:10,EDT,2019-06-29 08:00,2019-06-30 09:00,24,25,FALSE,Staten Island,3.855,2.849,3.878,8.514,2.804,2.804,26,25,ok
SW1754,High Winds Event,Thunderstorms,High Winds,"Manhattan, Staten Island",2019-06-29 04:10,2019-06-30 04:10,EDT,2019-06-29 08:00,2019-06-30 09:00,24,25,FALSE,ALL NYC,3.798,2.978,3.931,7.077,2.347,2.571,26,25,ok
SW1755,"High Winds, Flash/Inland Flooding Event",Thunderstorms,"High Winds, Flash Flooding","Queens, Manhattan",2019-07-17 06:40,2019-07-18 06:40,EDT,2019-07-17 10:00,2019-07-18 11:00,24,25,FALSE,Brooklyn,4.133,2.658,4.135,7.807,1.717,1.75,26,25,ok
SW1755,"High Winds, Flash/Inland Flooding Event",Thunderstorms,"High Winds, Flash Flooding","Queens, Manhattan",2019-07-17 06:40,2019-07-18 06:40,EDT,2019-07-17 10:00,2019-07-18 11:00,24,25,FALSE,Queens,4.445,2.714,4.445,9.996,1.944,1.965,26,25,ok
SW1755,"High Winds, Flash/Inland Flooding Event",Thunderstorms,"High Winds, Flash Flooding","Queens, Manhattan",2019-07-17 06:40,2019-07-18 06:40,EDT,2019-07-17 10:00,2019-07-18 11:00,24,25,FALSE,Manhattan,3.842,2.268,3.848,13.14,3.043,3.043,26,25,ok
SW1755,"High Winds, Flash/Inland Flooding Event",Thunderstorms,"High Winds, Flash Flooding","Queens, Manhattan",2019-07-17 06:40,2019-07-18 06:40,EDT,2019-07-17 10:00,2019-07-18 11:00,24,25,FALSE,Bronx,3.836,2.172,3.86,15.057,3.061,3.13,26,25,ok
SW1755,"High Winds, Flash/Inland Flooding Event",Thunderstorms,"High Winds, Flash Flooding","Queens, Manhattan",2019-07-17 06:40,2019-07-18 06:40,EDT,2019-07-17 10:00,2019-07-18 11:00,24,25,FALSE,Staten Island,3.679,2.336,3.696,6.304,1.6,1.6,26,25,ok
SW1755,"High Winds, Flash/Inland Flooding Event",Thunderstorms,"High Winds, Flash Flooding","Queens, Manhattan",2019-07-17 06:40,2019-07-18 06:40,EDT,2019-07-17 10:00,2019-07-18 11:00,24,25,FALSE,ALL NYC,4.077,2.519,4.105,9.769,1.982,2.102,26,25,ok
SW1756,Extreme Heat Event,Extreme Heat,Extreme Heat,"Manhattan, Queens",2019-07-19 17:00,2019-07-22 23:59,EDT,2019-07-19 21:00,2019-07-23 04:00,78.9833,79,FALSE,Brooklyn,5.119,3.143,5.119,32.796,11.691,11.691,80,79,ok
SW1756,Extreme Heat Event,Extreme Heat,Extreme Heat,"Manhattan, Queens",2019-07-19 17:00,2019-07-22 23:59,EDT,2019-07-19 21:00,2019-07-23 04:00,78.9833,79,FALSE,Queens,5.01,3.111,5.01,32.523,11.686,11.686,80,79,ok
SW1756,Extreme Heat Event,Extreme Heat,Extreme Heat,"Manhattan, Queens",2019-07-19 17:00,2019-07-22 23:59,EDT,2019-07-19 21:00,2019-07-23 04:00,78.9833,79,FALSE,Manhattan,4.474,2.591,4.474,38.095,13.632,13.632,80,79,ok
SW1756,Extreme Heat Event,Extreme Heat,Extreme Heat,"Manhattan, Queens",2019-07-19 17:00,2019-07-22 23:59,EDT,2019-07-19 21:00,2019-07-23 04:00,78.9833,79,FALSE,Bronx,4.26,2.433,4.26,39.866,14.254,14.254,80,79,ok
SW1756,Extreme Heat Event,Extreme Heat,Extreme Heat,"Manhattan, Queens",2019-07-19 17:00,2019-07-22 23:59,EDT,2019-07-19 21:00,2019-07-23 04:00,78.9833,79,FALSE,Staten Island,4.698,2.787,4.698,37.164,12.853,12.853,80,79,ok
SW1756,Extreme Heat Event,Extreme Heat,Extreme Heat,"Manhattan, Queens",2019-07-19 17:00,2019-07-22 23:59,EDT,2019-07-19 21:00,2019-07-23 04:00,78.9833,79,FALSE,ALL NYC,4.828,2.921,4.828,34.921,12.419,12.419,80,79,ok
SW1757,Flash/Inland Flooding Event,Thunderstorms,Flash Flooding,Queens,2019-07-22 18:33,2019-07-23 00:00,EDT,2019-07-22 22:00,2019-07-23 04:00,5.45,6,FALSE,Brooklyn,4.195,3.324,4.195,2.228,0.664,0.664,7,6,ok
SW1757,Flash/Inland Flooding Event,Thunderstorms,Flash Flooding,Queens,2019-07-22 18:33,2019-07-23 00:00,EDT,2019-07-22 22:00,2019-07-23 04:00,5.45,6,FALSE,Queens,4.13,3.237,4.13,2.983,0.86,0.86,7,6,ok
SW1757,Flash/Inland Flooding Event,Thunderstorms,Flash Flooding,Queens,2019-07-22 18:33,2019-07-23 00:00,EDT,2019-07-22 22:00,2019-07-23 04:00,5.45,6,FALSE,Manhattan,3.041,2.464,3.075,4.071,0.994,1.074,7,6,ok
SW1757,Flash/Inland Flooding Event,Thunderstorms,Flash Flooding,Queens,2019-07-22 18:33,2019-07-23 00:00,EDT,2019-07-22 22:00,2019-07-23 04:00,5.45,6,FALSE,Bronx,2.773,2.249,2.83,4.869,1.239,1.239,7,6,ok
SW1757,Flash/Inland Flooding Event,Thunderstorms,Flash Flooding,Queens,2019-07-22 18:33,2019-07-23 00:00,EDT,2019-07-22 22:00,2019-07-23 04:00,5.45,6,FALSE,Staten Island,3.43,2.894,3.485,2.771,1.102,1.192,7,6,ok
SW1757,Flash/Inland Flooding Event,Thunderstorms,Flash Flooding,Queens,2019-07-22 18:33,2019-07-23 00:00,EDT,2019-07-22 22:00,2019-07-23 04:00,5.45,6,FALSE,ALL NYC,3.72,2.991,3.756,3.122,0.88,0.949,7,6,ok
SW1758,Rip Current Event,Thunderstorms,Flash Flooding,Queens,2019-07-30 19:00,2019-07-31 19:00,EDT,2019-07-30 23:00,2019-07-31 23:00,24,24,FALSE,Brooklyn,4.035,2.571,4.035,17.728,10.875,10.875,25,24,ok
SW1758,Rip Current Event,Thunderstorms,Flash Flooding,Queens,2019-07-30 19:00,2019-07-31 19:00,EDT,2019-07-30 23:00,2019-07-31 23:00,24,24,FALSE,Queens,4.036,2.58,4.036,19.279,11.851,11.851,25,24,ok
SW1758,Rip Current Event,Thunderstorms,Flash Flooding,Queens,2019-07-30 19:00,2019-07-31 19:00,EDT,2019-07-30 23:00,2019-07-31 23:00,24,24,FALSE,Manhattan,3.023,1.907,3.091,16.298,9.78,9.78,25,24,ok
SW1758,Rip Current Event,Thunderstorms,Flash Flooding,Queens,2019-07-30 19:00,2019-07-31 19:00,EDT,2019-07-30 23:00,2019-07-31 23:00,24,24,FALSE,Bronx,2.813,1.755,2.891,17.548,10.138,10.138,25,24,ok
SW1758,Rip Current Event,Thunderstorms,Flash Flooding,Queens,2019-07-30 19:00,2019-07-31 19:00,EDT,2019-07-30 23:00,2019-07-31 23:00,24,24,FALSE,Staten Island,3.417,2.111,3.417,15.1,7.526,7.803,25,24,ok
SW1758,Rip Current Event,Thunderstorms,Flash Flooding,Queens,2019-07-30 19:00,2019-07-31 19:00,EDT,2019-07-30 23:00,2019-07-31 23:00,24,24,FALSE,ALL NYC,3.664,2.321,3.683,17.645,10.407,10.459,25,24,ok
SW1759,"High Winds, Flash/Inland Flooding Event",Thunderstorms,Flash Flooding,Staten Island,2019-07-31 00:00,2019-08-01 00:00,EDT,2019-07-31 04:00,2019-08-01 04:00,24,24,FALSE,Brooklyn,3.665,2.07,3.67,18.965,10.875,10.875,25,24,ok
SW1759,"High Winds, Flash/Inland Flooding Event",Thunderstorms,Flash Flooding,Staten Island,2019-07-31 00:00,2019-08-01 00:00,EDT,2019-07-31 04:00,2019-08-01 04:00,24,24,FALSE,Queens,3.669,2.061,3.672,20.513,11.851,11.851,25,24,ok
SW1759,"High Winds, Flash/Inland Flooding Event",Thunderstorms,Flash Flooding,Staten Island,2019-07-31 00:00,2019-08-01 00:00,EDT,2019-07-31 04:00,2019-08-01 04:00,24,24,FALSE,Manhattan,3.021,1.56,3.021,17.241,9.78,9.78,25,24,ok
SW1759,"High Winds, Flash/Inland Flooding Event",Thunderstorms,Flash Flooding,Staten Island,2019-07-31 00:00,2019-08-01 00:00,EDT,2019-07-31 04:00,2019-08-01 04:00,24,24,FALSE,Bronx,2.813,1.443,2.813,18.534,10.138,10.138,25,24,ok
SW1759,"High Winds, Flash/Inland Flooding Event",Thunderstorms,Flash Flooding,Staten Island,2019-07-31 00:00,2019-08-01 00:00,EDT,2019-07-31 04:00,2019-08-01 04:00,24,24,FALSE,Staten Island,3.19,1.729,3.19,16.538,7.526,7.803,25,24,ok
SW1759,"High Winds, Flash/Inland Flooding Event",Thunderstorms,Flash Flooding,Staten Island,2019-07-31 00:00,2019-08-01 00:00,EDT,2019-07-31 04:00,2019-08-01 04:00,24,24,FALSE,ALL NYC,3.392,1.874,3.41,18.858,10.407,10.459,25,24,ok
SW1760,"Lightning, High Winds, Flash/Inland Flooding Event",Thunderstorms,"Flash Flooding, High Winds","Staten Island, Brooklyn",2019-08-07 16:20,2019-08-08 16:20,EDT,2019-08-07 20:00,2019-08-08 21:00,24,25,FALSE,Brooklyn,5.041,3.301,5.083,16.166,7.14,7.14,26,25,ok
SW1760,"Lightning, High Winds, Flash/Inland Flooding Event",Thunderstorms,"Flash Flooding, High Winds","Staten Island, Brooklyn",2019-08-07 16:20,2019-08-08 16:20,EDT,2019-08-07 20:00,2019-08-08 21:00,24,25,FALSE,Queens,5.347,3.285,5.377,16.748,6.403,6.403,26,25,ok
SW1760,"Lightning, High Winds, Flash/Inland Flooding Event",Thunderstorms,"Flash Flooding, High Winds","Staten Island, Brooklyn",2019-08-07 16:20,2019-08-08 16:20,EDT,2019-08-07 20:00,2019-08-08 21:00,24,25,FALSE,Manhattan,4.343,2.733,4.343,14.391,4.359,4.427,26,25,ok
SW1760,"Lightning, High Winds, Flash/Inland Flooding Event",Thunderstorms,"Flash Flooding, High Winds","Staten Island, Brooklyn",2019-08-07 16:20,2019-08-08 16:20,EDT,2019-08-07 20:00,2019-08-08 21:00,24,25,FALSE,Bronx,4.092,2.556,4.12,14.148,3.619,4.195,26,25,ok
SW1760,"Lightning, High Winds, Flash/Inland Flooding Event",Thunderstorms,"Flash Flooding, High Winds","Staten Island, Brooklyn",2019-08-07 16:20,2019-08-08 16:20,EDT,2019-08-07 20:00,2019-08-08 21:00,24,25,FALSE,Staten Island,4.712,2.946,4.712,13.351,6.174,6.174,26,25,ok
SW1760,"Lightning, High Winds, Flash/Inland Flooding Event",Thunderstorms,"Flash Flooding, High Winds","Staten Island, Brooklyn",2019-08-07 16:20,2019-08-08 16:20,EDT,2019-08-07 20:00,2019-08-08 21:00,24,25,FALSE,ALL NYC,4.616,3.079,4.93,15.426,5.97,6.048,26,25,ok
SW1761,High Winds Event,Thunderstorms,High Winds,"Brooklyn, Manhattan",2019-08-21 04:50,2019-08-22 04:50,EDT,2019-08-21 08:00,2019-08-22 09:00,24,25,FALSE,Brooklyn,4.959,3.276,4.959,4.312,2.425,2.425,26,25,ok
SW1761,High Winds Event,Thunderstorms,High Winds,"Brooklyn, Manhattan",2019-08-21 04:50,2019-08-22 04:50,EDT,2019-08-21 08:00,2019-08-22 09:00,24,25,FALSE,Queens,5.036,3.333,5.054,4.261,2.056,2.14,26,25,ok
SW1761,High Winds Event,Thunderstorms,High Winds,"Brooklyn, Manhattan",2019-08-21 04:50,2019-08-22 04:50,EDT,2019-08-21 08:00,2019-08-22 09:00,24,25,FALSE,Manhattan,4.183,2.822,4.194,6.699,3.002,3.299,26,25,ok
SW1761,High Winds Event,Thunderstorms,High Winds,"Brooklyn, Manhattan",2019-08-21 04:50,2019-08-22 04:50,EDT,2019-08-21 08:00,2019-08-22 09:00,24,25,FALSE,Bronx,4.015,2.701,4.033,7.314,3.788,3.788,26,25,ok
SW1761,High Winds Event,Thunderstorms,High Winds,"Brooklyn, Manhattan",2019-08-21 04:50,2019-08-22 04:50,EDT,2019-08-21 08:00,2019-08-22 09:00,24,25,FALSE,Staten Island,4.179,2.834,4.224,6.102,4.247,4.247,26,25,ok
SW1761,High Winds Event,Thunderstorms,High Winds,"Brooklyn, Manhattan",2019-08-21 04:50,2019-08-22 04:50,EDT,2019-08-21 08:00,2019-08-22 09:00,24,25,FALSE,ALL NYC,4.595,3.098,4.665,5.24,2.446,2.918,26,25,ok
SW1762,High Winds Event,Thunderstorms,High Winds,Staten Island,2019-09-02 13:46,2019-09-03 13:46,EDT,2019-09-02 17:00,2019-09-03 18:00,24,25,FALSE,Brooklyn,5.76,2.69,5.76,13.445,6.922,6.922,26,25,ok
SW1762,High Winds Event,Thunderstorms,High Winds,Staten Island,2019-09-02 13:46,2019-09-03 13:46,EDT,2019-09-02 17:00,2019-09-03 18:00,24,25,FALSE,Queens,6.013,2.77,6.013,13.059,5.417,5.417,26,25,ok
SW1762,High Winds Event,Thunderstorms,High Winds,Staten Island,2019-09-02 13:46,2019-09-03 13:46,EDT,2019-09-02 17:00,2019-09-03 18:00,24,25,FALSE,Manhattan,5.011,2.31,5.011,11.264,3.163,3.49,26,25,ok
SW1762,High Winds Event,Thunderstorms,High Winds,Staten Island,2019-09-02 13:46,2019-09-03 13:46,EDT,2019-09-02 17:00,2019-09-03 18:00,24,25,FALSE,Bronx,4.875,2.207,4.875,10.485,2.925,3.068,26,25,ok
SW1762,High Winds Event,Thunderstorms,High Winds,Staten Island,2019-09-02 13:46,2019-09-03 13:46,EDT,2019-09-02 17:00,2019-09-03 18:00,24,25,FALSE,Staten Island,4.823,2.286,4.823,12.55,6.05,6.05,26,25,ok
SW1762,High Winds Event,Thunderstorms,High Winds,Staten Island,2019-09-02 13:46,2019-09-03 13:46,EDT,2019-09-02 17:00,2019-09-03 18:00,24,25,FALSE,ALL NYC,5.493,2.546,5.493,12.549,5.169,5.377,26,25,ok
SW1763,High Winds Event,Thunderstorms,High Winds,Brooklyn,2019-09-04 15:10,2019-09-05 15:10,EDT,2019-09-04 19:00,2019-09-05 20:00,24,25,FALSE,Brooklyn,5.117,3.226,5.117,0.36,0.212,0.212,26,25,ok
SW1763,High Winds Event,Thunderstorms,High Winds,Brooklyn,2019-09-04 15:10,2019-09-05 15:10,EDT,2019-09-04 19:00,2019-09-05 20:00,24,25,FALSE,Queens,4.909,3.13,4.909,0.427,0.194,0.207,26,25,ok
SW1763,High Winds Event,Thunderstorms,High Winds,Brooklyn,2019-09-04 15:10,2019-09-05 15:10,EDT,2019-09-04 19:00,2019-09-05 20:00,24,25,FALSE,Manhattan,4.443,2.662,4.443,0.461,0.249,0.252,26,25,ok
SW1763,High Winds Event,Thunderstorms,High Winds,Brooklyn,2019-09-04 15:10,2019-09-05 15:10,EDT,2019-09-04 19:00,2019-09-05 20:00,24,25,FALSE,Bronx,4.084,2.434,4.084,0.493,0.222,0.222,26,25,ok
SW1763,High Winds Event,Thunderstorms,High Winds,Brooklyn,2019-09-04 15:10,2019-09-05 15:10,EDT,2019-09-04 19:00,2019-09-05 20:00,24,25,FALSE,Staten Island,4.936,2.916,4.936,0.349,0.28,0.28,26,25,ok
SW1763,High Winds Event,Thunderstorms,High Winds,Brooklyn,2019-09-04 15:10,2019-09-05 15:10,EDT,2019-09-04 19:00,2019-09-05 20:00,24,25,FALSE,ALL NYC,4.81,2.978,4.81,0.41,0.192,0.228,26,25,ok
SW1764,High Winds Event,Thunderstorms,"High Winds, Air Quality",Queens,2019-10-01 15:00,2019-10-02 15:00,EDT,2019-10-01 19:00,2019-10-02 19:00,24,24,FALSE,Brooklyn,5.614,4.368,5.614,0.003,0.001,0.001,25,24,ok
SW1764,High Winds Event,Thunderstorms,"High Winds, Air Quality",Queens,2019-10-01 15:00,2019-10-02 15:00,EDT,2019-10-01 19:00,2019-10-02 19:00,24,24,FALSE,Queens,5.409,4.35,5.454,0.003,0.001,0.001,25,24,ok
SW1764,High Winds Event,Thunderstorms,"High Winds, Air Quality",Queens,2019-10-01 15:00,2019-10-02 15:00,EDT,2019-10-01 19:00,2019-10-02 19:00,24,24,FALSE,Manhattan,4.977,3.652,4.977,0.003,0.001,0.001,25,24,ok
SW1764,High Winds Event,Thunderstorms,"High Winds, Air Quality",Queens,2019-10-01 15:00,2019-10-02 15:00,EDT,2019-10-01 19:00,2019-10-02 19:00,24,24,FALSE,Bronx,4.728,3.406,4.728,0.003,0.001,0.001,25,24,ok
SW1764,High Winds Event,Thunderstorms,"High Winds, Air Quality",Queens,2019-10-01 15:00,2019-10-02 15:00,EDT,2019-10-01 19:00,2019-10-02 19:00,24,24,FALSE,Staten Island,5.356,3.842,5.356,0.003,0.001,0.001,25,24,ok
SW1764,High Winds Event,Thunderstorms,"High Winds, Air Quality",Queens,2019-10-01 15:00,2019-10-02 15:00,EDT,2019-10-01 19:00,2019-10-02 19:00,24,24,FALSE,ALL NYC,5.316,4.072,5.333,0.003,0.001,0.001,25,24,ok
SW1765,Nor'Easter,Winter Weather,"High Winds, Coastal Flooding","Queens, Staten Island, Brooklyn",2019-10-16 00:00,2019-10-17 00:00,EDT,2019-10-16 04:00,2019-10-17 04:00,24,24,FALSE,Brooklyn,11.596,5.706,12.072,42.569,12.583,12.583,25,24,ok
SW1765,Nor'Easter,Winter Weather,"High Winds, Coastal Flooding","Queens, Staten Island, Brooklyn",2019-10-16 00:00,2019-10-17 00:00,EDT,2019-10-16 04:00,2019-10-17 04:00,24,24,FALSE,Queens,12.493,5.698,12.501,43.527,12.1,12.328,25,24,ok
SW1765,Nor'Easter,Winter Weather,"High Winds, Coastal Flooding","Queens, Staten Island, Brooklyn",2019-10-16 00:00,2019-10-17 00:00,EDT,2019-10-16 04:00,2019-10-17 04:00,24,24,FALSE,Manhattan,10.678,4.609,10.678,46.04,12.087,12.201,25,24,ok
SW1765,Nor'Easter,Winter Weather,"High Winds, Coastal Flooding","Queens, Staten Island, Brooklyn",2019-10-16 00:00,2019-10-17 00:00,EDT,2019-10-16 04:00,2019-10-17 04:00,24,24,FALSE,Bronx,10.611,4.305,10.611,46.958,12.564,12.608,25,24,ok
SW1765,Nor'Easter,Winter Weather,"High Winds, Coastal Flooding","Queens, Staten Island, Brooklyn",2019-10-16 00:00,2019-10-17 00:00,EDT,2019-10-16 04:00,2019-10-17 04:00,24,24,FALSE,Staten Island,11.742,4.764,11.742,41.827,12.042,12.042,25,24,ok
SW1765,Nor'Easter,Winter Weather,"High Winds, Coastal Flooding","Queens, Staten Island, Brooklyn",2019-10-16 00:00,2019-10-17 00:00,EDT,2019-10-16 04:00,2019-10-17 04:00,24,24,FALSE,ALL NYC,11.249,5.243,11.849,43.676,12.113,12.351,25,24,ok
SW1766,High Winds Event,Thunderstorms,"Coastal Flooding, High Winds","Brooklyn, Queens",2019-10-27 07:00,2019-10-28 07:00,EDT,2019-10-27 11:00,2019-10-28 11:00,24,24,FALSE,Brooklyn,9.061,5.23,9.061,30.671,5.543,5.664,25,24,ok
SW1766,High Winds Event,Thunderstorms,"Coastal Flooding, High Winds","Brooklyn, Queens",2019-10-27 07:00,2019-10-28 07:00,EDT,2019-10-27 11:00,2019-10-28 11:00,24,24,FALSE,Queens,9.192,5.098,9.192,31.638,5.867,6.086,25,24,ok
SW1766,High Winds Event,Thunderstorms,"Coastal Flooding, High Winds","Brooklyn, Queens",2019-10-27 07:00,2019-10-28 07:00,EDT,2019-10-27 11:00,2019-10-28 11:00,24,24,FALSE,Manhattan,7.509,4.174,7.509,32.508,5.842,5.903,25,24,ok
SW1766,High Winds Event,Thunderstorms,"Coastal Flooding, High Winds","Brooklyn, Queens",2019-10-27 07:00,2019-10-28 07:00,EDT,2019-10-27 11:00,2019-10-28 11:00,24,24,FALSE,Bronx,7.13,3.849,7.13,33.252,6.154,6.211,25,24,ok
SW1766,High Winds Event,Thunderstorms,"Coastal Flooding, High Winds","Brooklyn, Queens",2019-10-27 07:00,2019-10-28 07:00,EDT,2019-10-27 11:00,2019-10-28 11:00,24,24,FALSE,Staten Island,7.579,4.561,7.611,31.288,6.779,6.779,25,24,ok
SW1766,High Winds Event,Thunderstorms,"Coastal Flooding, High Winds","Brooklyn, Queens",2019-10-27 07:00,2019-10-28 07:00,EDT,2019-10-27 11:00,2019-10-28 11:00,24,24,FALSE,ALL NYC,8.436,4.778,8.442,31.65,5.501,6.123,25,24,ok
SW1767,High Winds Event,Thunderstorms,High Winds,"Queens, Staten Island, Brooklyn",2019-11-01 00:00,2019-11-02 00:00,EDT,2019-11-01 04:00,2019-11-02 04:00,24,24,FALSE,Brooklyn,11.782,6.193,11.782,4.731,2.105,2.136,25,24,ok
SW1767,High Winds Event,Thunderstorms,High Winds,"Queens, Staten Island, Brooklyn",2019-11-01 00:00,2019-11-02 00:00,EDT,2019-11-01 04:00,2019-11-02 04:00,24,24,FALSE,Queens,11.871,6.224,11.876,4.66,2.242,2.265,25,24,ok
SW1767,High Winds Event,Thunderstorms,High Winds,"Queens, Staten Island, Brooklyn",2019-11-01 00:00,2019-11-02 00:00,EDT,2019-11-01 04:00,2019-11-02 04:00,24,24,FALSE,Manhattan,9.982,5.252,9.982,5.085,2.374,2.374,25,24,ok
SW1767,High Winds Event,Thunderstorms,High Winds,"Queens, Staten Island, Brooklyn",2019-11-01 00:00,2019-11-02 00:00,EDT,2019-11-01 04:00,2019-11-02 04:00,24,24,FALSE,Bronx,9.511,4.937,9.511,5.095,2.094,2.201,25,24,ok
SW1767,High Winds Event,Thunderstorms,High Winds,"Queens, Staten Island, Brooklyn",2019-11-01 00:00,2019-11-02 00:00,EDT,2019-11-01 04:00,2019-11-02 04:00,24,24,FALSE,Staten Island,10.246,5.402,10.246,5.152,3.037,3.037,25,24,ok
SW1767,High Winds Event,Thunderstorms,High Winds,"Queens, Staten Island, Brooklyn",2019-11-01 00:00,2019-11-02 00:00,EDT,2019-11-01 04:00,2019-11-02 04:00,24,24,FALSE,ALL NYC,11.065,5.806,11.067,4.864,2.094,2.386,25,24,ok
SW1768,Office of the Mayor Power Outage,Thunderstorms,Flash Flooding,Queens,2018-10-22 09:00,2018-10-26 17:00,EDT,2018-10-22 13:00,2018-10-26 21:00,104,104,FALSE,Brooklyn,7.539,3.642,7.539,0.031,0.008,0.009,105,104,ok
SW1768,Office of the Mayor Power Outage,Thunderstorms,Flash Flooding,Queens,2018-10-22 09:00,2018-10-26 17:00,EDT,2018-10-22 13:00,2018-10-26 21:00,104,104,FALSE,Queens,7.471,3.643,7.471,0.053,0.017,0.017,105,104,ok
SW1768,Office of the Mayor Power Outage,Thunderstorms,Flash Flooding,Queens,2018-10-22 09:00,2018-10-26 17:00,EDT,2018-10-22 13:00,2018-10-26 21:00,104,104,FALSE,Manhattan,6.582,3.101,6.582,0.05,0.015,0.015,105,104,ok
SW1768,Office of the Mayor Power Outage,Thunderstorms,Flash Flooding,Queens,2018-10-22 09:00,2018-10-26 17:00,EDT,2018-10-22 13:00,2018-10-26 21:00,104,104,FALSE,Bronx,6.246,2.882,6.246,0.07,0.024,0.024,105,104,ok
SW1768,Office of the Mayor Power Outage,Thunderstorms,Flash Flooding,Queens,2018-10-22 09:00,2018-10-26 17:00,EDT,2018-10-22 13:00,2018-10-26 21:00,104,104,FALSE,Staten Island,6.757,3.139,6.757,0.015,0.006,0.006,105,104,ok
SW1768,Office of the Mayor Power Outage,Thunderstorms,Flash Flooding,Queens,2018-10-22 09:00,2018-10-26 17:00,EDT,2018-10-22 13:00,2018-10-26 21:00,104,104,FALSE,ALL NYC,7.111,3.4,7.111,0.043,0.013,0.014,105,104,ok
SW1976,Heavy Rain Event,Thunderstorms,Flash Flooding,"Queens, Staten Island, Brooklyn, Bronx, Manhattan",2016-11-29 00:00,2016-11-30 00:00,EST,2016-11-29 05:00,2016-11-30 05:00,24,24,FALSE,Brooklyn,6.794,4.888,6.857,19.741,5.391,5.391,25,24,ok
SW1976,Heavy Rain Event,Thunderstorms,Flash Flooding,"Queens, Staten Island, Brooklyn, Bronx, Manhattan",2016-11-29 00:00,2016-11-30 00:00,EST,2016-11-29 05:00,2016-11-30 05:00,24,24,FALSE,Queens,6.944,5.029,7.059,21.488,5.242,5.322,25,24,ok
SW1976,Heavy Rain Event,Thunderstorms,Flash Flooding,"Queens, Staten Island, Brooklyn, Bronx, Manhattan",2016-11-29 00:00,2016-11-30 00:00,EST,2016-11-29 05:00,2016-11-30 05:00,24,24,FALSE,Manhattan,5.558,3.842,5.558,20.651,5.45,5.45,25,24,ok
SW1976,Heavy Rain Event,Thunderstorms,Flash Flooding,"Queens, Staten Island, Brooklyn, Bronx, Manhattan",2016-11-29 00:00,2016-11-30 00:00,EST,2016-11-29 05:00,2016-11-30 05:00,24,24,FALSE,Bronx,5.261,3.588,5.261,21.464,5.404,5.411,25,24,ok
SW1976,Heavy Rain Event,Thunderstorms,Flash Flooding,"Queens, Staten Island, Brooklyn, Bronx, Manhattan",2016-11-29 00:00,2016-11-30 00:00,EST,2016-11-29 05:00,2016-11-30 05:00,24,24,FALSE,Staten Island,5.586,3.895,5.592,17.808,5.514,5.514,25,24,ok
SW1976,Heavy Rain Event,Thunderstorms,Flash Flooding,"Queens, Staten Island, Brooklyn, Bronx, Manhattan",2016-11-29 00:00,2016-11-30 00:00,EST,2016-11-29 05:00,2016-11-30 05:00,24,24,FALSE,ALL NYC,6.301,4.488,6.367,20.332,5.366,5.397,25,24,ok
SW2574,Flash Flood Event,Thunderstorms,Flash Flooding,"Manhattan, Bronx, Brooklyn, Staten Island, Queens",2018-12-20 00:00,2018-12-21 00:00,EST,2018-12-20 05:00,2018-12-21 05:00,24,24,FALSE,Brooklyn,6.577,2.416,6.577,7.185,1.262,1.262,25,24,ok
SW2574,Flash Flood Event,Thunderstorms,Flash Flooding,"Manhattan, Bronx, Brooklyn, Staten Island, Queens",2018-12-20 00:00,2018-12-21 00:00,EST,2018-12-20 05:00,2018-12-21 05:00,24,24,FALSE,Queens,6.386,2.385,6.386,5.941,1.017,1.038,25,24,ok
SW2574,Flash Flood Event,Thunderstorms,Flash Flooding,"Manhattan, Bronx, Brooklyn, Staten Island, Queens",2018-12-20 00:00,2018-12-21 00:00,EST,2018-12-20 05:00,2018-12-21 05:00,24,24,FALSE,Manhattan,5.178,1.994,5.178,7.102,1.23,1.236,25,24,ok
SW2574,Flash Flood Event,Thunderstorms,Flash Flooding,"Manhattan, Bronx, Brooklyn, Staten Island, Queens",2018-12-20 00:00,2018-12-21 00:00,EST,2018-12-20 05:00,2018-12-21 05:00,24,24,FALSE,Bronx,4.715,1.837,4.715,6.322,1.101,1.101,25,24,ok
SW2574,Flash Flood Event,Thunderstorms,Flash Flooding,"Manhattan, Bronx, Brooklyn, Staten Island, Queens",2018-12-20 00:00,2018-12-21 00:00,EST,2018-12-20 05:00,2018-12-21 05:00,24,24,FALSE,Staten Island,5.716,2.105,5.716,8.974,1.504,1.504,25,24,ok
SW2574,Flash Flood Event,Thunderstorms,Flash Flooding,"Manhattan, Bronx, Brooklyn, Staten Island, Queens",2018-12-20 00:00,2018-12-21 00:00,EST,2018-12-20 05:00,2018-12-21 05:00,24,24,FALSE,ALL NYC,5.974,2.232,5.974,6.944,1.186,1.202,25,24,ok
SW2576,44th Street Fire (Brooklyn),Other,Fire,Brooklyn,2019-04-03 00:00,2019-04-12 00:00,EDT,2019-04-03 04:00,2019-04-12 04:00,216,216,FALSE,Brooklyn,9.656,3.471,9.656,20.123,2.28,2.419,217,216,ok
SW2576,44th Street Fire (Brooklyn),Other,Fire,Brooklyn,2019-04-03 00:00,2019-04-12 00:00,EDT,2019-04-03 04:00,2019-04-12 04:00,216,216,FALSE,Queens,9.168,3.42,9.168,20.301,2.833,2.836,217,216,ok
SW2576,44th Street Fire (Brooklyn),Other,Fire,Brooklyn,2019-04-03 00:00,2019-04-12 00:00,EDT,2019-04-03 04:00,2019-04-12 04:00,216,216,FALSE,Manhattan,8.327,2.984,8.327,17.984,2.65,2.65,217,216,ok
SW2576,44th Street Fire (Brooklyn),Other,Fire,Brooklyn,2019-04-03 00:00,2019-04-12 00:00,EDT,2019-04-03 04:00,2019-04-12 04:00,216,216,FALSE,Bronx,7.73,2.816,7.73,17.554,3.142,3.142,217,216,ok
SW2576,44th Street Fire (Brooklyn),Other,Fire,Brooklyn,2019-04-03 00:00,2019-04-12 00:00,EDT,2019-04-03 04:00,2019-04-12 04:00,216,216,FALSE,Staten Island,9.115,3.157,9.115,18.552,2.217,2.218,217,216,ok
SW2576,44th Street Fire (Brooklyn),Other,Fire,Brooklyn,2019-04-03 00:00,2019-04-12 00:00,EDT,2019-04-03 04:00,2019-04-12 04:00,216,216,FALSE,ALL NYC,9.002,3.263,9.002,19.362,2.551,2.649,217,216,ok
SW2585,December 2019 Squall,Winter Weather,High Winds,"Manhattan, Bronx, Brooklyn, Staten Island, Queens",2019-12-18 16:00,2019-12-18 16:20,EST,2019-12-18 21:00,2019-12-18 22:00,0.333333,1,TRUE,Brooklyn,6.012,5.713,6.012,0,0,0,2,1,ok
SW2585,December 2019 Squall,Winter Weather,High Winds,"Manhattan, Bronx, Brooklyn, Staten Island, Queens",2019-12-18 16:00,2019-12-18 16:20,EST,2019-12-18 21:00,2019-12-18 22:00,0.333333,1,TRUE,Queens,6.083,5.837,6.083,0,0,0,2,1,ok
SW2585,December 2019 Squall,Winter Weather,High Winds,"Manhattan, Bronx, Brooklyn, Staten Island, Queens",2019-12-18 16:00,2019-12-18 16:20,EST,2019-12-18 21:00,2019-12-18 22:00,0.333333,1,TRUE,Manhattan,5.014,4.812,5.014,0,0,0,2,1,ok
SW2585,December 2019 Squall,Winter Weather,High Winds,"Manhattan, Bronx, Brooklyn, Staten Island, Queens",2019-12-18 16:00,2019-12-18 16:20,EST,2019-12-18 21:00,2019-12-18 22:00,0.333333,1,TRUE,Bronx,4.673,4.507,4.673,0,0,0,2,1,ok
SW2585,December 2019 Squall,Winter Weather,High Winds,"Manhattan, Bronx, Brooklyn, Staten Island, Queens",2019-12-18 16:00,2019-12-18 16:20,EST,2019-12-18 21:00,2019-12-18 22:00,0.333333,1,TRUE,Staten Island,5.042,4.74,5.042,0,0,0,2,1,ok
SW2585,December 2019 Squall,Winter Weather,High Winds,"Manhattan, Bronx, Brooklyn, Staten Island, Queens",2019-12-18 16:00,2019-12-18 16:20,EST,2019-12-18 21:00,2019-12-18 22:00,0.333333,1,TRUE,ALL NYC,5.591,5.337,5.591,0,0,0,2,1,ok
SW2586,High Wind event,Winter Weather,High Winds,Queens,2020-01-08 14:00,2020-01-09 14:00,EST,2020-01-08 19:00,2020-01-09 19:00,24,24,FALSE,Brooklyn,7.946,5.017,7.946,0.006,0.006,0.006,25,24,ok
SW2586,High Wind event,Winter Weather,High Winds,Queens,2020-01-08 14:00,2020-01-09 14:00,EST,2020-01-08 19:00,2020-01-09 19:00,24,24,FALSE,Queens,7.93,5.207,7.93,0.01,0.009,0.009,25,24,ok
SW2586,High Wind event,Winter Weather,High Winds,Queens,2020-01-08 14:00,2020-01-09 14:00,EST,2020-01-08 19:00,2020-01-09 19:00,24,24,FALSE,Manhattan,6.625,4.118,6.625,0.005,0.005,0.005,25,24,ok
SW2586,High Wind event,Winter Weather,High Winds,Queens,2020-01-08 14:00,2020-01-09 14:00,EST,2020-01-08 19:00,2020-01-09 19:00,24,24,FALSE,Bronx,6.406,4.068,6.406,0.007,0.006,0.006,25,24,ok
SW2586,High Wind event,Winter Weather,High Winds,Queens,2020-01-08 14:00,2020-01-09 14:00,EST,2020-01-08 19:00,2020-01-09 19:00,24,24,FALSE,Staten Island,7.219,4.306,7.219,0.002,0.002,0.002,25,24,ok
SW2586,High Wind event,Winter Weather,High Winds,Queens,2020-01-08 14:00,2020-01-09 14:00,EST,2020-01-08 19:00,2020-01-09 19:00,24,24,FALSE,ALL NYC,7.481,4.747,7.481,0.007,0.006,0.006,25,24,ok
SW2587,High Wind event,Winter Weather,High Winds,"Queens, Brooklyn",2020-01-16 12:00,2020-01-17 12:00,EST,2020-01-16 17:00,2020-01-17 17:00,24,24,FALSE,Brooklyn,9.39,7.558,9.39,0.06,0.027,0.027,25,24,ok
SW2587,High Wind event,Winter Weather,High Winds,"Queens, Brooklyn",2020-01-16 12:00,2020-01-17 12:00,EST,2020-01-16 17:00,2020-01-17 17:00,24,24,FALSE,Queens,9.532,7.597,9.532,0.033,0.014,0.015,25,24,ok
SW2587,High Wind event,Winter Weather,High Winds,"Queens, Brooklyn",2020-01-16 12:00,2020-01-17 12:00,EST,2020-01-16 17:00,2020-01-17 17:00,24,24,FALSE,Manhattan,8.292,6.311,8.292,0.037,0.016,0.017,25,24,ok
SW2587,High Wind event,Winter Weather,High Winds,"Queens, Brooklyn",2020-01-16 12:00,2020-01-17 12:00,EST,2020-01-16 17:00,2020-01-17 17:00,24,24,FALSE,Bronx,8.184,6.122,8.184,0.023,0.012,0.012,25,24,ok
SW2587,High Wind event,Winter Weather,High Winds,"Queens, Brooklyn",2020-01-16 12:00,2020-01-17 12:00,EST,2020-01-16 17:00,2020-01-17 17:00,24,24,FALSE,Staten Island,8.436,6.787,8.437,0.109,0.042,0.047,25,24,ok
SW2587,High Wind event,Winter Weather,High Winds,"Queens, Brooklyn",2020-01-16 12:00,2020-01-17 12:00,EST,2020-01-16 17:00,2020-01-17 17:00,24,24,FALSE,ALL NYC,9.004,7.125,9.004,0.052,0.021,0.023,25,24,ok
SW2588,High Wind event,Winter Weather,High Winds,Brooklyn,2020-01-25 12:00,2020-01-26 12:00,EST,2020-01-25 17:00,2020-01-26 17:00,24,24,FALSE,Brooklyn,8.733,4.567,8.733,22.294,7.514,7.712,25,24,ok
SW2588,High Wind event,Winter Weather,High Winds,Brooklyn,2020-01-25 12:00,2020-01-26 12:00,EST,2020-01-25 17:00,2020-01-26 17:00,24,24,FALSE,Queens,8.551,4.629,8.551,21.582,8.818,8.818,25,24,ok
SW2588,High Wind event,Winter Weather,High Winds,Brooklyn,2020-01-25 12:00,2020-01-26 12:00,EST,2020-01-25 17:00,2020-01-26 17:00,24,24,FALSE,Manhattan,7.01,3.587,7.01,23.196,8.004,8.004,25,24,ok
SW2588,High Wind event,Winter Weather,High Winds,Brooklyn,2020-01-25 12:00,2020-01-26 12:00,EST,2020-01-25 17:00,2020-01-26 17:00,24,24,FALSE,Bronx,6.653,3.476,6.653,22.85,8.879,8.879,25,24,ok
SW2588,High Wind event,Winter Weather,High Winds,Brooklyn,2020-01-25 12:00,2020-01-26 12:00,EST,2020-01-25 17:00,2020-01-26 17:00,24,24,FALSE,Staten Island,7.901,4.004,7.907,22.89,9.118,9.118,25,24,ok
SW2588,High Wind event,Winter Weather,High Winds,Brooklyn,2020-01-25 12:00,2020-01-26 12:00,EST,2020-01-25 17:00,2020-01-26 17:00,24,24,FALSE,ALL NYC,8.079,4.251,8.08,22.3,7.732,8.562,25,24,ok
SW2589,High Wind event,Winter Weather,High Winds,Queens,2020-02-07 12:00,2020-02-08 12:00,EST,2020-02-07 17:00,2020-02-08 17:00,24,24,FALSE,Brooklyn,12.268,6.779,12.268,0.477,0.303,0.303,25,24,ok
SW2589,High Wind event,Winter Weather,High Winds,Queens,2020-02-07 12:00,2020-02-08 12:00,EST,2020-02-07 17:00,2020-02-08 17:00,24,24,FALSE,Queens,12.201,6.753,12.201,0.442,0.268,0.268,25,24,ok
SW2589,High Wind event,Winter Weather,High Winds,Queens,2020-02-07 12:00,2020-02-08 12:00,EST,2020-02-07 17:00,2020-02-08 17:00,24,24,FALSE,Manhattan,9.922,5.437,9.922,0.539,0.29,0.29,25,24,ok
SW2589,High Wind event,Winter Weather,High Winds,Queens,2020-02-07 12:00,2020-02-08 12:00,EST,2020-02-07 17:00,2020-02-08 17:00,24,24,FALSE,Bronx,9.534,5.193,9.534,0.551,0.278,0.278,25,24,ok
SW2589,High Wind event,Winter Weather,High Winds,Queens,2020-02-07 12:00,2020-02-08 12:00,EST,2020-02-07 17:00,2020-02-08 17:00,24,24,FALSE,Staten Island,11.115,6.13,11.115,0.548,0.373,0.373,25,24,ok
SW2589,High Wind event,Winter Weather,High Winds,Queens,2020-02-07 12:00,2020-02-08 12:00,EST,2020-02-07 17:00,2020-02-08 17:00,24,24,FALSE,ALL NYC,11.453,6.317,11.453,0.493,0.299,0.299,25,24,ok
SW2590,High Wind event,Winter Weather,High Winds,Queens,2020-02-27 10:00,2020-02-28 10:00,EST,2020-02-27 15:00,2020-02-28 15:00,24,24,FALSE,Brooklyn,9.872,7.551,9.872,0.001,0.001,0.001,25,24,ok
SW2590,High Wind event,Winter Weather,High Winds,Queens,2020-02-27 10:00,2020-02-28 10:00,EST,2020-02-27 15:00,2020-02-28 15:00,24,24,FALSE,Queens,9.677,7.559,9.707,0,0,0,25,24,ok
SW2590,High Wind event,Winter Weather,High Winds,Queens,2020-02-27 10:00,2020-02-28 10:00,EST,2020-02-27 15:00,2020-02-28 15:00,24,24,FALSE,Manhattan,8.259,6.148,8.259,0.001,0.001,0.001,25,24,ok
SW2590,High Wind event,Winter Weather,High Winds,Queens,2020-02-27 10:00,2020-02-28 10:00,EST,2020-02-27 15:00,2020-02-28 15:00,24,24,FALSE,Bronx,7.865,5.898,7.865,0,0,0,25,24,ok
SW2590,High Wind event,Winter Weather,High Winds,Queens,2020-02-27 10:00,2020-02-28 10:00,EST,2020-02-27 15:00,2020-02-28 15:00,24,24,FALSE,Staten Island,9.202,6.797,9.202,0.004,0.004,0.004,25,24,ok
SW2590,High Wind event,Winter Weather,High Winds,Queens,2020-02-27 10:00,2020-02-28 10:00,EST,2020-02-27 15:00,2020-02-28 15:00,24,24,FALSE,ALL NYC,9.256,7.067,9.275,0.001,0.001,0.001,25,24,ok
SW2591,High Wind event,Winter Weather,"High Winds, Coastal Flooding",Staten Island,2020-04-09 12:54,2020-04-10 12:54,EDT,2020-04-09 16:00,2020-04-10 17:00,24,25,FALSE,Brooklyn,10.353,7.029,10.353,5.019,2.528,2.528,26,25,ok
SW2591,High Wind event,Winter Weather,"High Winds, Coastal Flooding",Staten Island,2020-04-09 12:54,2020-04-10 12:54,EDT,2020-04-09 16:00,2020-04-10 17:00,24,25,FALSE,Queens,10.132,6.967,10.132,4.995,2.474,2.482,26,25,ok
SW2591,High Wind event,Winter Weather,"High Winds, Coastal Flooding",Staten Island,2020-04-09 12:54,2020-04-10 12:54,EDT,2020-04-09 16:00,2020-04-10 17:00,24,25,FALSE,Manhattan,8.774,5.717,8.774,4.61,2.247,2.247,26,25,ok
SW2591,High Wind event,Winter Weather,"High Winds, Coastal Flooding",Staten Island,2020-04-09 12:54,2020-04-10 12:54,EDT,2020-04-09 16:00,2020-04-10 17:00,24,25,FALSE,Bronx,8.391,5.467,8.391,4.577,2.227,2.227,26,25,ok
SW2591,High Wind event,Winter Weather,"High Winds, Coastal Flooding",Staten Island,2020-04-09 12:54,2020-04-10 12:54,EDT,2020-04-09 16:00,2020-04-10 17:00,24,25,FALSE,Staten Island,9.736,6.426,9.736,5.155,2.217,2.217,26,25,ok
SW2591,High Wind event,Winter Weather,"High Winds, Coastal Flooding",Staten Island,2020-04-09 12:54,2020-04-10 12:54,EDT,2020-04-09 16:00,2020-04-10 17:00,24,25,FALSE,ALL NYC,9.754,6.568,9.754,4.94,2.384,2.387,26,25,ok
SW2592,High Wind event,Winter Weather,"Coastal Flooding, High Winds","Staten Island, Queens, Brooklyn, Bronx, Manhattan",2020-04-13 09:00,2020-04-14 09:00,EDT,2020-04-13 13:00,2020-04-14 13:00,24,24,FALSE,Brooklyn,11.651,7.341,11.693,24.922,6.207,6.207,25,24,ok
SW2592,High Wind event,Winter Weather,"Coastal Flooding, High Winds","Staten Island, Queens, Brooklyn, Bronx, Manhattan",2020-04-13 09:00,2020-04-14 09:00,EDT,2020-04-13 13:00,2020-04-14 13:00,24,24,FALSE,Queens,11.723,7.347,11.848,26.43,6.566,6.566,25,24,ok
SW2592,High Wind event,Winter Weather,"Coastal Flooding, High Winds","Staten Island, Queens, Brooklyn, Bronx, Manhattan",2020-04-13 09:00,2020-04-14 09:00,EDT,2020-04-13 13:00,2020-04-14 13:00,24,24,FALSE,Manhattan,9.706,5.985,9.706,26.369,6.77,6.77,25,24,ok
SW2592,High Wind event,Winter Weather,"Coastal Flooding, High Winds","Staten Island, Queens, Brooklyn, Bronx, Manhattan",2020-04-13 09:00,2020-04-14 09:00,EDT,2020-04-13 13:00,2020-04-14 13:00,24,24,FALSE,Bronx,9.36,5.763,9.36,27.075,6.949,6.949,25,24,ok
SW2592,High Wind event,Winter Weather,"Coastal Flooding, High Winds","Staten Island, Queens, Brooklyn, Bronx, Manhattan",2020-04-13 09:00,2020-04-14 09:00,EDT,2020-04-13 13:00,2020-04-14 13:00,24,24,FALSE,Staten Island,10.626,6.604,10.626,23.909,5.847,5.849,25,24,ok
SW2592,High Wind event,Winter Weather,"Coastal Flooding, High Winds","Staten Island, Queens, Brooklyn, Bronx, Manhattan",2020-04-13 09:00,2020-04-14 09:00,EDT,2020-04-13 13:00,2020-04-14 13:00,24,24,FALSE,ALL NYC,10.965,6.874,11.063,25.704,6.421,6.421,25,24,ok
SW2593,High Wind event,Winter Weather,High Winds,Bronx,2020-04-21 13:35,2020-04-22 13:35,EDT,2020-04-21 17:00,2020-04-22 18:00,24,25,FALSE,Brooklyn,8.35,5.887,8.35,7.355,3.663,3.663,26,25,ok
SW2593,High Wind event,Winter Weather,High Winds,Bronx,2020-04-21 13:35,2020-04-22 13:35,EDT,2020-04-21 17:00,2020-04-22 18:00,24,25,FALSE,Queens,8.243,5.866,8.394,7.812,3.476,3.652,26,25,ok
SW2593,High Wind event,Winter Weather,High Winds,Bronx,2020-04-21 13:35,2020-04-22 13:35,EDT,2020-04-21 17:00,2020-04-22 18:00,24,25,FALSE,Manhattan,7.213,4.937,7.213,7.884,4.778,4.778,26,25,ok
SW2593,High Wind event,Winter Weather,High Winds,Bronx,2020-04-21 13:35,2020-04-22 13:35,EDT,2020-04-21 17:00,2020-04-22 18:00,24,25,FALSE,Bronx,6.946,4.761,6.946,8.164,4.832,4.832,26,25,ok
SW2593,High Wind event,Winter Weather,High Winds,Bronx,2020-04-21 13:35,2020-04-22 13:35,EDT,2020-04-21 17:00,2020-04-22 18:00,24,25,FALSE,Staten Island,7.836,5.438,7.836,7.148,4.735,4.735,26,25,ok
SW2593,High Wind event,Winter Weather,High Winds,Bronx,2020-04-21 13:35,2020-04-22 13:35,EDT,2020-04-21 17:00,2020-04-22 18:00,24,25,FALSE,ALL NYC,7.907,5.561,7.982,7.639,4.051,4.117,26,25,ok
SW2594,High Wind event,Winter Weather,High Winds,Queens,2020-04-30 12:00,2020-05-01 12:00,EDT,2020-04-30 16:00,2020-05-01 16:00,24,24,FALSE,Brooklyn,9.384,5.313,9.407,30.196,5.337,5.409,25,24,ok
SW2594,High Wind event,Winter Weather,High Winds,Queens,2020-04-30 12:00,2020-05-01 12:00,EDT,2020-04-30 16:00,2020-05-01 16:00,24,24,FALSE,Queens,9.315,5.441,9.374,33.108,6.173,6.277,25,24,ok
SW2594,High Wind event,Winter Weather,High Winds,Queens,2020-04-30 12:00,2020-05-01 12:00,EDT,2020-04-30 16:00,2020-05-01 16:00,24,24,FALSE,Manhattan,7.772,4.414,7.772,32.644,5.501,5.742,25,24,ok
SW2594,High Wind event,Winter Weather,High Winds,Queens,2020-04-30 12:00,2020-05-01 12:00,EDT,2020-04-30 16:00,2020-05-01 16:00,24,24,FALSE,Bronx,7.465,4.336,7.465,34.529,6.654,6.654,25,24,ok
SW2594,High Wind event,Winter Weather,High Winds,Queens,2020-04-30 12:00,2020-05-01 12:00,EDT,2020-04-30 16:00,2020-05-01 16:00,24,24,FALSE,Staten Island,8.509,4.651,8.525,27.855,5.265,5.265,25,24,ok
SW2594,High Wind event,Winter Weather,High Winds,Queens,2020-04-30 12:00,2020-05-01 12:00,EDT,2020-04-30 16:00,2020-05-01 16:00,24,24,FALSE,ALL NYC,8.722,5.025,8.825,31.62,5.532,5.892,25,24,ok
SW2621,Tropical Storm Fay,Tropical Cyclone,High Winds,"Queens, Staten Island, Manhattan, Brooklyn, Bronx",2020-07-10 20:00,2020-07-11 00:00,EDT,2020-07-11 00:00,2020-07-11 04:00,4,4,FALSE,Brooklyn,6.622,5.307,6.622,2.23,1.211,1.211,5,4,ok
SW2621,Tropical Storm Fay,Tropical Cyclone,High Winds,"Queens, Staten Island, Manhattan, Brooklyn, Bronx",2020-07-10 20:00,2020-07-11 00:00,EDT,2020-07-11 00:00,2020-07-11 04:00,4,4,FALSE,Queens,7.282,5.961,7.282,3.026,1.356,1.373,5,4,ok
SW2621,Tropical Storm Fay,Tropical Cyclone,High Winds,"Queens, Staten Island, Manhattan, Brooklyn, Bronx",2020-07-10 20:00,2020-07-11 00:00,EDT,2020-07-11 00:00,2020-07-11 04:00,4,4,FALSE,Manhattan,5.8,4.276,5.8,3.355,1.332,1.369,5,4,ok
SW2621,Tropical Storm Fay,Tropical Cyclone,High Winds,"Queens, Staten Island, Manhattan, Brooklyn, Bronx",2020-07-10 20:00,2020-07-11 00:00,EDT,2020-07-11 00:00,2020-07-11 04:00,4,4,FALSE,Bronx,5.913,4.499,5.913,3.812,1.53,1.53,5,4,ok
SW2621,Tropical Storm Fay,Tropical Cyclone,High Winds,"Queens, Staten Island, Manhattan, Brooklyn, Bronx",2020-07-10 20:00,2020-07-11 00:00,EDT,2020-07-11 00:00,2020-07-11 04:00,4,4,FALSE,Staten Island,5.166,3.901,5.275,1.463,0.891,0.891,5,4,ok
SW2621,Tropical Storm Fay,Tropical Cyclone,High Winds,"Queens, Staten Island, Manhattan, Brooklyn, Bronx",2020-07-10 20:00,2020-07-11 00:00,EDT,2020-07-11 00:00,2020-07-11 04:00,4,4,FALSE,ALL NYC,6.422,5.083,6.444,2.69,1.233,1.266,5,4,ok
SW2622,Heat Emergency,Extreme Heat,Extreme Heat,"Queens, Staten Island, Bronx, Brooklyn, Manhattan",2020-07-18 00:00,2020-07-22 00:00,EDT,2020-07-18 04:00,2020-07-22 04:00,96,96,FALSE,Brooklyn,5.103,2.771,5.108,0.011,0.004,0.004,97,96,ok
SW2622,Heat Emergency,Extreme Heat,Extreme Heat,"Queens, Staten Island, Bronx, Brooklyn, Manhattan",2020-07-18 00:00,2020-07-22 00:00,EDT,2020-07-18 04:00,2020-07-22 04:00,96,96,FALSE,Queens,5.317,2.781,5.319,0.018,0.005,0.006,97,96,ok
SW2622,Heat Emergency,Extreme Heat,Extreme Heat,"Queens, Staten Island, Bronx, Brooklyn, Manhattan",2020-07-18 00:00,2020-07-22 00:00,EDT,2020-07-18 04:00,2020-07-22 04:00,96,96,FALSE,Manhattan,4.092,2.281,4.092,0.009,0.002,0.002,97,96,ok
SW2622,Heat Emergency,Extreme Heat,Extreme Heat,"Queens, Staten Island, Bronx, Brooklyn, Manhattan",2020-07-18 00:00,2020-07-22 00:00,EDT,2020-07-18 04:00,2020-07-22 04:00,96,96,FALSE,Bronx,4.09,2.212,4.09,0.012,0.003,0.003,97,96,ok
SW2622,Heat Emergency,Extreme Heat,Extreme Heat,"Queens, Staten Island, Bronx, Brooklyn, Manhattan",2020-07-18 00:00,2020-07-22 00:00,EDT,2020-07-18 04:00,2020-07-22 04:00,96,96,FALSE,Staten Island,4.531,2.495,4.531,0.008,0.002,0.002,97,96,ok
SW2622,Heat Emergency,Extreme Heat,Extreme Heat,"Queens, Staten Island, Bronx, Brooklyn, Manhattan",2020-07-18 00:00,2020-07-22 00:00,EDT,2020-07-18 04:00,2020-07-22 04:00,96,96,FALSE,ALL NYC,4.76,2.605,4.85,0.013,0.003,0.004,97,96,ok
SW2623,Heat Emergency,Extreme Heat,Extreme Heat,"Manhattan, Brooklyn, Bronx, Staten Island, Queens",2020-07-23 00:00,2020-07-23 23:59,EDT,2020-07-23 04:00,2020-07-24 04:00,23.9833,24,FALSE,Brooklyn,4.47,3.018,4.47,6.556,2.388,2.388,25,24,ok
SW2623,Heat Emergency,Extreme Heat,Extreme Heat,"Manhattan, Brooklyn, Bronx, Staten Island, Queens",2020-07-23 00:00,2020-07-23 23:59,EDT,2020-07-23 04:00,2020-07-24 04:00,23.9833,24,FALSE,Queens,4.645,2.985,4.652,6.887,2.573,2.573,25,24,ok
SW2623,Heat Emergency,Extreme Heat,Extreme Heat,"Manhattan, Brooklyn, Bronx, Staten Island, Queens",2020-07-23 00:00,2020-07-23 23:59,EDT,2020-07-23 04:00,2020-07-24 04:00,23.9833,24,FALSE,Manhattan,4.115,2.468,4.115,7.051,1.884,1.909,25,24,ok
SW2623,Heat Emergency,Extreme Heat,Extreme Heat,"Manhattan, Brooklyn, Bronx, Staten Island, Queens",2020-07-23 00:00,2020-07-23 23:59,EDT,2020-07-23 04:00,2020-07-24 04:00,23.9833,24,FALSE,Bronx,4.15,2.366,4.15,7.344,1.853,2.067,25,24,ok
SW2623,Heat Emergency,Extreme Heat,Extreme Heat,"Manhattan, Brooklyn, Bronx, Staten Island, Queens",2020-07-23 00:00,2020-07-23 23:59,EDT,2020-07-23 04:00,2020-07-24 04:00,23.9833,24,FALSE,Staten Island,3.966,2.772,3.966,6.589,1.857,1.987,25,24,ok
SW2623,Heat Emergency,Extreme Heat,Extreme Heat,"Manhattan, Brooklyn, Bronx, Staten Island, Queens",2020-07-23 00:00,2020-07-23 23:59,EDT,2020-07-23 04:00,2020-07-24 04:00,23.9833,24,FALSE,ALL NYC,4.365,2.824,4.368,6.832,2.24,2.294,25,24,ok
SW2624,Heat Emergency,Extreme Heat,Extreme Heat,"Queens, Staten Island, Bronx, Brooklyn, Manhattan",2020-07-26 00:00,2020-07-30 00:00,EDT,2020-07-26 04:00,2020-07-30 04:00,96,96,FALSE,Brooklyn,5.034,3.191,5.034,1.398,1.059,1.059,97,96,ok
SW2624,Heat Emergency,Extreme Heat,Extreme Heat,"Queens, Staten Island, Bronx, Brooklyn, Manhattan",2020-07-26 00:00,2020-07-30 00:00,EDT,2020-07-26 04:00,2020-07-30 04:00,96,96,FALSE,Queens,5.071,3.182,5.075,1.962,1.605,1.605,97,96,ok
SW2624,Heat Emergency,Extreme Heat,Extreme Heat,"Queens, Staten Island, Bronx, Brooklyn, Manhattan",2020-07-26 00:00,2020-07-30 00:00,EDT,2020-07-26 04:00,2020-07-30 04:00,96,96,FALSE,Manhattan,4.08,2.59,4.107,2.276,2.085,2.085,97,96,ok
SW2624,Heat Emergency,Extreme Heat,Extreme Heat,"Queens, Staten Island, Bronx, Brooklyn, Manhattan",2020-07-26 00:00,2020-07-30 00:00,EDT,2020-07-26 04:00,2020-07-30 04:00,96,96,FALSE,Bronx,3.95,2.492,4.038,2.813,2.601,2.601,97,96,ok
SW2624,Heat Emergency,Extreme Heat,Extreme Heat,"Queens, Staten Island, Bronx, Brooklyn, Manhattan",2020-07-26 00:00,2020-07-30 00:00,EDT,2020-07-26 04:00,2020-07-30 04:00,96,96,FALSE,Staten Island,4.489,2.916,4.557,1.496,1.021,1.024,97,96,ok
SW2624,Heat Emergency,Extreme Heat,Extreme Heat,"Queens, Staten Island, Bronx, Brooklyn, Manhattan",2020-07-26 00:00,2020-07-30 00:00,EDT,2020-07-26 04:00,2020-07-30 04:00,96,96,FALSE,ALL NYC,4.711,2.989,4.744,1.889,1.549,1.549,97,96,ok
SW2626,Tropical Storm Isaias,Tropical Cyclone,"Flash Flooding, High Winds","Bronx, Brooklyn, Manhattan, Staten Island, Queens",2020-08-03 20:00,2020-08-04 14:00,EDT,2020-08-04 00:00,2020-08-04 18:00,18,18,FALSE,Brooklyn,15.453,4.643,15.453,13.425,3.501,3.512,19,18,ok
SW2626,Tropical Storm Isaias,Tropical Cyclone,"Flash Flooding, High Winds","Bronx, Brooklyn, Manhattan, Staten Island, Queens",2020-08-03 20:00,2020-08-04 14:00,EDT,2020-08-04 00:00,2020-08-04 18:00,18,18,FALSE,Queens,15.195,4.628,15.195,11.488,3.168,3.208,19,18,ok
SW2626,Tropical Storm Isaias,Tropical Cyclone,"Flash Flooding, High Winds","Bronx, Brooklyn, Manhattan, Staten Island, Queens",2020-08-03 20:00,2020-08-04 14:00,EDT,2020-08-04 00:00,2020-08-04 18:00,18,18,FALSE,Manhattan,12.631,3.594,12.631,15.988,4.698,4.798,19,18,ok
SW2626,Tropical Storm Isaias,Tropical Cyclone,"Flash Flooding, High Winds","Bronx, Brooklyn, Manhattan, Staten Island, Queens",2020-08-03 20:00,2020-08-04 14:00,EDT,2020-08-04 00:00,2020-08-04 18:00,18,18,FALSE,Bronx,12.072,3.425,12.072,14.96,4.53,4.707,19,18,ok
SW2626,Tropical Storm Isaias,Tropical Cyclone,"Flash Flooding, High Winds","Bronx, Brooklyn, Manhattan, Staten Island, Queens",2020-08-03 20:00,2020-08-04 14:00,EDT,2020-08-04 00:00,2020-08-04 18:00,18,18,FALSE,Staten Island,13.951,4.111,13.951,16.936,4.724,4.724,19,18,ok
SW2626,Tropical Storm Isaias,Tropical Cyclone,"Flash Flooding, High Winds","Bronx, Brooklyn, Manhattan, Staten Island, Queens",2020-08-03 20:00,2020-08-04 14:00,EDT,2020-08-04 00:00,2020-08-04 18:00,18,18,FALSE,ALL NYC,14.374,4.282,14.374,13.811,3.84,3.904,19,18,ok
SW2627,Heat Emergency,Extreme Heat,Extreme Heat,"Brooklyn, Bronx, Manhattan, Staten Island, Queens",2020-08-10 00:00,2020-08-12 00:00,EDT,2020-08-10 04:00,2020-08-12 04:00,48,48,FALSE,Brooklyn,5.281,3.093,5.281,1.463,0.893,0.893,49,48,ok
SW2627,Heat Emergency,Extreme Heat,Extreme Heat,"Brooklyn, Bronx, Manhattan, Staten Island, Queens",2020-08-10 00:00,2020-08-12 00:00,EDT,2020-08-10 04:00,2020-08-12 04:00,48,48,FALSE,Queens,5.409,3.159,5.409,2.176,1.165,1.165,49,48,ok
SW2627,Heat Emergency,Extreme Heat,Extreme Heat,"Brooklyn, Bronx, Manhattan, Staten Island, Queens",2020-08-10 00:00,2020-08-12 00:00,EDT,2020-08-10 04:00,2020-08-12 04:00,48,48,FALSE,Manhattan,4.346,2.451,4.346,2.84,1.548,1.548,49,48,ok
SW2627,Heat Emergency,Extreme Heat,Extreme Heat,"Brooklyn, Bronx, Manhattan, Staten Island, Queens",2020-08-10 00:00,2020-08-12 00:00,EDT,2020-08-10 04:00,2020-08-12 04:00,48,48,FALSE,Bronx,4.28,2.381,4.28,3.525,1.855,1.855,49,48,ok
SW2627,Heat Emergency,Extreme Heat,Extreme Heat,"Brooklyn, Bronx, Manhattan, Staten Island, Queens",2020-08-10 00:00,2020-08-12 00:00,EDT,2020-08-10 04:00,2020-08-12 04:00,48,48,FALSE,Staten Island,4.505,2.677,4.505,1.566,1.112,1.112,49,48,ok
SW2627,Heat Emergency,Extreme Heat,Extreme Heat,"Brooklyn, Bronx, Manhattan, Staten Island, Queens",2020-08-10 00:00,2020-08-12 00:00,EDT,2020-08-10 04:00,2020-08-12 04:00,48,48,FALSE,ALL NYC,4.965,2.887,4.965,2.141,1.22,1.22,49,48,ok
SW2628,Severe Weather,Thunderstorms,High Winds,"Queens, Staten Island, Manhattan, Bronx, Brooklyn",2020-08-27 00:00,2020-08-27 00:00,EDT,2020-08-27 04:00,2020-08-27 05:00,0,1,TRUE,Brooklyn,2.091,1.754,2.091,0,0,0,2,1,ok
SW2628,Severe Weather,Thunderstorms,High Winds,"Queens, Staten Island, Manhattan, Bronx, Brooklyn",2020-08-27 00:00,2020-08-27 00:00,EDT,2020-08-27 04:00,2020-08-27 05:00,0,1,TRUE,Queens,1.997,1.66,1.997,0,0,0,2,1,ok
SW2628,Severe Weather,Thunderstorms,High Winds,"Queens, Staten Island, Manhattan, Bronx, Brooklyn",2020-08-27 00:00,2020-08-27 00:00,EDT,2020-08-27 04:00,2020-08-27 05:00,0,1,TRUE,Manhattan,1.596,1.253,1.596,0,0,0,2,1,ok
SW2628,Severe Weather,Thunderstorms,High Winds,"Queens, Staten Island, Manhattan, Bronx, Brooklyn",2020-08-27 00:00,2020-08-27 00:00,EDT,2020-08-27 04:00,2020-08-27 05:00,0,1,TRUE,Bronx,1.511,1.192,1.511,0,0,0,2,1,ok
SW2628,Severe Weather,Thunderstorms,High Winds,"Queens, Staten Island, Manhattan, Bronx, Brooklyn",2020-08-27 00:00,2020-08-27 00:00,EDT,2020-08-27 04:00,2020-08-27 05:00,0,1,TRUE,Staten Island,2.052,1.745,2.052,0,0,0,2,1,ok
SW2628,Severe Weather,Thunderstorms,High Winds,"Queens, Staten Island, Manhattan, Bronx, Brooklyn",2020-08-27 00:00,2020-08-27 00:00,EDT,2020-08-27 04:00,2020-08-27 05:00,0,1,TRUE,ALL NYC,1.927,1.598,1.927,0,0,0,2,1,ok
SW2629,Winter Storm Gail,Winter Weather,"High Winds, Heavy Snow, Coastal Flooding","Brooklyn, Bronx, Manhattan, Staten Island, Queens",2020-12-16 00:00,2020-12-17 00:00,EST,2020-12-16 05:00,2020-12-17 05:00,24,24,FALSE,Brooklyn,8.664,5.46,8.664,22.991,4.259,4.259,25,24,ok
SW2629,Winter Storm Gail,Winter Weather,"High Winds, Heavy Snow, Coastal Flooding","Brooklyn, Bronx, Manhattan, Staten Island, Queens",2020-12-16 00:00,2020-12-17 00:00,EST,2020-12-16 05:00,2020-12-17 05:00,24,24,FALSE,Queens,8.816,5.571,8.816,23.012,4.356,4.391,25,24,ok
SW2629,Winter Storm Gail,Winter Weather,"High Winds, Heavy Snow, Coastal Flooding","Brooklyn, Bronx, Manhattan, Staten Island, Queens",2020-12-16 00:00,2020-12-17 00:00,EST,2020-12-16 05:00,2020-12-17 05:00,24,24,FALSE,Manhattan,6.74,4.216,6.74,22.139,4.234,4.256,25,24,ok
SW2629,Winter Storm Gail,Winter Weather,"High Winds, Heavy Snow, Coastal Flooding","Brooklyn, Bronx, Manhattan, Staten Island, Queens",2020-12-16 00:00,2020-12-17 00:00,EST,2020-12-16 05:00,2020-12-17 05:00,24,24,FALSE,Bronx,6.465,4.058,6.465,21.881,4.296,4.296,25,24,ok
SW2629,Winter Storm Gail,Winter Weather,"High Winds, Heavy Snow, Coastal Flooding","Brooklyn, Bronx, Manhattan, Staten Island, Queens",2020-12-16 00:00,2020-12-17 00:00,EST,2020-12-16 05:00,2020-12-17 05:00,24,24,FALSE,Staten Island,7.477,4.719,7.477,22.191,4.055,4.055,25,24,ok
SW2629,Winter Storm Gail,Winter Weather,"High Winds, Heavy Snow, Coastal Flooding","Brooklyn, Bronx, Manhattan, Staten Island, Queens",2020-12-16 00:00,2020-12-17 00:00,EST,2020-12-16 05:00,2020-12-17 05:00,24,24,FALSE,ALL NYC,8.033,5.064,8.033,22.626,4.208,4.274,25,24,ok
SW2630,Winter Storm Orlena,Winter Weather,Heavy Snow,"Queens, Staten Island, Manhattan, Bronx, Brooklyn",2021-01-31 00:00,2021-02-02 00:00,EST,2021-01-31 05:00,2021-02-02 05:00,48,48,FALSE,Brooklyn,11.152,5.962,11.152,44.484,2.569,2.587,49,48,ok
SW2630,Winter Storm Orlena,Winter Weather,Heavy Snow,"Queens, Staten Island, Manhattan, Bronx, Brooklyn",2021-01-31 00:00,2021-02-02 00:00,EST,2021-01-31 05:00,2021-02-02 05:00,48,48,FALSE,Queens,11.22,6.004,11.235,42.627,2.636,2.692,49,48,ok
SW2630,Winter Storm Orlena,Winter Weather,Heavy Snow,"Queens, Staten Island, Manhattan, Bronx, Brooklyn",2021-01-31 00:00,2021-02-02 00:00,EST,2021-01-31 05:00,2021-02-02 05:00,48,48,FALSE,Manhattan,9.011,4.638,9.011,43.123,2.72,2.752,49,48,ok
SW2630,Winter Storm Orlena,Winter Weather,Heavy Snow,"Queens, Staten Island, Manhattan, Bronx, Brooklyn",2021-01-31 00:00,2021-02-02 00:00,EST,2021-01-31 05:00,2021-02-02 05:00,48,48,FALSE,Bronx,8.643,4.442,8.651,41.904,2.804,2.816,49,48,ok
SW2630,Winter Storm Orlena,Winter Weather,Heavy Snow,"Queens, Staten Island, Manhattan, Bronx, Brooklyn",2021-01-31 00:00,2021-02-02 00:00,EST,2021-01-31 05:00,2021-02-02 05:00,48,48,FALSE,Staten Island,9.954,5.203,9.954,45.658,2.491,2.491,49,48,ok
SW2630,Winter Storm Orlena,Winter Weather,Heavy Snow,"Queens, Staten Island, Manhattan, Bronx, Brooklyn",2021-01-31 00:00,2021-02-02 00:00,EST,2021-01-31 05:00,2021-02-02 05:00,48,48,FALSE,ALL NYC,10.396,5.514,10.434,43.558,2.608,2.653,49,48,ok
SW2631,Winter Storm Quade,Winter Weather,Heavy Snow,"Brooklyn, Bronx, Manhattan, Staten Island, Queens",2021-02-07 00:00,2021-02-07 00:00,EST,2021-02-07 05:00,2021-02-07 06:00,0,1,TRUE,Brooklyn,1.596,1.316,1.596,0,0,0,2,1,ok
SW2631,Winter Storm Quade,Winter Weather,Heavy Snow,"Brooklyn, Bronx, Manhattan, Staten Island, Queens",2021-02-07 00:00,2021-02-07 00:00,EST,2021-02-07 05:00,2021-02-07 06:00,0,1,TRUE,Queens,1.5,1.304,1.5,0,0,0,2,1,ok
SW2631,Winter Storm Quade,Winter Weather,Heavy Snow,"Brooklyn, Bronx, Manhattan, Staten Island, Queens",2021-02-07 00:00,2021-02-07 00:00,EST,2021-02-07 05:00,2021-02-07 06:00,0,1,TRUE,Manhattan,1.192,1.162,1.227,0,0,0,2,1,ok
SW2631,Winter Storm Quade,Winter Weather,Heavy Snow,"Brooklyn, Bronx, Manhattan, Staten Island, Queens",2021-02-07 00:00,2021-02-07 00:00,EST,2021-02-07 05:00,2021-02-07 06:00,0,1,TRUE,Bronx,1.225,1.191,1.269,0,0,0,2,1,ok
SW2631,Winter Storm Quade,Winter Weather,Heavy Snow,"Brooklyn, Bronx, Manhattan, Staten Island, Queens",2021-02-07 00:00,2021-02-07 00:00,EST,2021-02-07 05:00,2021-02-07 06:00,0,1,TRUE,Staten Island,1.519,1.266,1.519,0,0,0,2,1,ok
SW2631,Winter Storm Quade,Winter Weather,Heavy Snow,"Brooklyn, Bronx, Manhattan, Staten Island, Queens",2021-02-07 00:00,2021-02-07 00:00,EST,2021-02-07 05:00,2021-02-07 06:00,0,1,TRUE,ALL NYC,1.451,1.271,1.468,0,0,0,2,1,ok
SW2632,Winter Storm Viola,Winter Weather,Heavy Snow,"Queens, Staten Island, Manhattan, Bronx, Brooklyn",2021-02-18 00:00,2021-02-19 00:00,EST,2021-02-18 05:00,2021-02-19 05:00,24,24,FALSE,Brooklyn,5.177,3.804,5.179,10.87,2.08,2.08,25,24,ok
SW2632,Winter Storm Viola,Winter Weather,Heavy Snow,"Queens, Staten Island, Manhattan, Bronx, Brooklyn",2021-02-18 00:00,2021-02-19 00:00,EST,2021-02-18 05:00,2021-02-19 05:00,24,24,FALSE,Queens,5.334,3.868,5.334,10.379,1.961,1.961,25,24,ok
SW2632,Winter Storm Viola,Winter Weather,Heavy Snow,"Queens, Staten Island, Manhattan, Bronx, Brooklyn",2021-02-18 00:00,2021-02-19 00:00,EST,2021-02-18 05:00,2021-02-19 05:00,24,24,FALSE,Manhattan,4.025,2.881,4.057,9.508,1.84,1.84,25,24,ok
SW2632,Winter Storm Viola,Winter Weather,Heavy Snow,"Queens, Staten Island, Manhattan, Bronx, Brooklyn",2021-02-18 00:00,2021-02-19 00:00,EST,2021-02-18 05:00,2021-02-19 05:00,24,24,FALSE,Bronx,3.907,2.757,3.952,9.043,1.736,1.736,25,24,ok
SW2632,Winter Storm Viola,Winter Weather,Heavy Snow,"Queens, Staten Island, Manhattan, Bronx, Brooklyn",2021-02-18 00:00,2021-02-19 00:00,EST,2021-02-18 05:00,2021-02-19 05:00,24,24,FALSE,Staten Island,4.478,3.261,4.478,10.993,2.152,2.152,25,24,ok
SW2632,Winter Storm Viola,Winter Weather,Heavy Snow,"Queens, Staten Island, Manhattan, Bronx, Brooklyn",2021-02-18 00:00,2021-02-19 00:00,EST,2021-02-18 05:00,2021-02-19 05:00,24,24,FALSE,ALL NYC,4.821,3.504,4.841,10.348,1.983,1.983,25,24,ok
SW2684,Flash/Inland Flooding Event,Thunderstorms,Flash Flooding,Queens,2018-12-13 00:00,2018-12-17 00:00,EST,2018-12-13 05:00,2018-12-17 05:00,96,96,FALSE,Brooklyn,7.422,3.914,7.422,29.193,1.878,1.878,97,96,ok
SW2684,Flash/Inland Flooding Event,Thunderstorms,Flash Flooding,Queens,2018-12-13 00:00,2018-12-17 00:00,EST,2018-12-13 05:00,2018-12-17 05:00,96,96,FALSE,Queens,7.594,4.025,7.605,28.299,1.991,1.991,97,96,ok
SW2684,Flash/Inland Flooding Event,Thunderstorms,Flash Flooding,Queens,2018-12-13 00:00,2018-12-17 00:00,EST,2018-12-13 05:00,2018-12-17 05:00,96,96,FALSE,Manhattan,6.024,3.314,6.024,30.659,2.005,2.006,97,96,ok
SW2684,Flash/Inland Flooding Event,Thunderstorms,Flash Flooding,Queens,2018-12-13 00:00,2018-12-17 00:00,EST,2018-12-13 05:00,2018-12-17 05:00,96,96,FALSE,Bronx,5.617,3.151,5.619,29.957,2.082,2.091,97,96,ok
SW2684,Flash/Inland Flooding Event,Thunderstorms,Flash Flooding,Queens,2018-12-13 00:00,2018-12-17 00:00,EST,2018-12-13 05:00,2018-12-17 05:00,96,96,FALSE,Staten Island,6.186,3.296,6.191,30.226,1.776,1.78,97,96,ok
SW2684,Flash/Inland Flooding Event,Thunderstorms,Flash Flooding,Queens,2018-12-13 00:00,2018-12-17 00:00,EST,2018-12-13 05:00,2018-12-17 05:00,96,96,FALSE,ALL NYC,6.87,3.685,6.896,29.296,1.939,1.941,97,96,ok
SW2685,"Heavy Rain, Flash/Inland Flooding Event",Thunderstorms,Flash Flooding,"Queens, Staten Island, Brooklyn, Bronx, Manhattan",2021-06-04 16:00,2021-06-04 17:00,EDT,2021-06-04 20:00,2021-06-04 21:00,1,1,FALSE,Brooklyn,3.285,3.078,3.285,1.387,1.387,1.387,2,1,ok
SW2685,"Heavy Rain, Flash/Inland Flooding Event",Thunderstorms,Flash Flooding,"Queens, Staten Island, Brooklyn, Bronx, Manhattan",2021-06-04 16:00,2021-06-04 17:00,EDT,2021-06-04 20:00,2021-06-04 21:00,1,1,FALSE,Queens,3.195,3.16,3.203,2.075,2.075,2.075,2,1,ok
SW2685,"Heavy Rain, Flash/Inland Flooding Event",Thunderstorms,Flash Flooding,"Queens, Staten Island, Brooklyn, Bronx, Manhattan",2021-06-04 16:00,2021-06-04 17:00,EDT,2021-06-04 20:00,2021-06-04 21:00,1,1,FALSE,Manhattan,2.848,2.75,2.854,1.926,1.926,1.926,2,1,ok
SW2685,"Heavy Rain, Flash/Inland Flooding Event",Thunderstorms,Flash Flooding,"Queens, Staten Island, Brooklyn, Bronx, Manhattan",2021-06-04 16:00,2021-06-04 17:00,EDT,2021-06-04 20:00,2021-06-04 21:00,1,1,FALSE,Bronx,2.688,2.67,2.71,2.25,2.25,2.25,2,1,ok
SW2685,"Heavy Rain, Flash/Inland Flooding Event",Thunderstorms,Flash Flooding,"Queens, Staten Island, Brooklyn, Bronx, Manhattan",2021-06-04 16:00,2021-06-04 17:00,EDT,2021-06-04 20:00,2021-06-04 21:00,1,1,FALSE,Staten Island,3.258,2.829,3.258,0.28,0.28,0.28,2,1,ok
SW2685,"Heavy Rain, Flash/Inland Flooding Event",Thunderstorms,Flash Flooding,"Queens, Staten Island, Brooklyn, Bronx, Manhattan",2021-06-04 16:00,2021-06-04 17:00,EDT,2021-06-04 20:00,2021-06-04 21:00,1,1,FALSE,ALL NYC,3.124,2.978,3.135,1.596,1.596,1.596,2,1,ok
SW2916,Extreme Heat Event,Extreme Heat,Extreme Heat,"Manhattan, Bronx, Brooklyn, Staten Island, Queens",2015-08-15 00:00,2015-08-18 00:00,EDT,2015-08-15 04:00,2015-08-18 04:00,72,72,FALSE,Brooklyn,4.413,2.823,4.413,0.076,0.047,0.047,73,72,ok
SW2916,Extreme Heat Event,Extreme Heat,Extreme Heat,"Manhattan, Bronx, Brooklyn, Staten Island, Queens",2015-08-15 00:00,2015-08-18 00:00,EDT,2015-08-15 04:00,2015-08-18 04:00,72,72,FALSE,Queens,4.461,2.791,4.483,0.056,0.021,0.024,73,72,ok
SW2916,Extreme Heat Event,Extreme Heat,Extreme Heat,"Manhattan, Bronx, Brooklyn, Staten Island, Queens",2015-08-15 00:00,2015-08-18 00:00,EDT,2015-08-15 04:00,2015-08-18 04:00,72,72,FALSE,Manhattan,3.634,2.292,3.684,0.057,0.022,0.03,73,72,ok
SW2916,Extreme Heat Event,Extreme Heat,Extreme Heat,"Manhattan, Bronx, Brooklyn, Staten Island, Queens",2015-08-15 00:00,2015-08-18 00:00,EDT,2015-08-15 04:00,2015-08-18 04:00,72,72,FALSE,Bronx,3.55,2.114,3.55,0.059,0.037,0.037,73,72,ok
SW2916,Extreme Heat Event,Extreme Heat,Extreme Heat,"Manhattan, Bronx, Brooklyn, Staten Island, Queens",2015-08-15 00:00,2015-08-18 00:00,EDT,2015-08-15 04:00,2015-08-18 04:00,72,72,FALSE,Staten Island,3.803,2.494,3.803,0.099,0.092,0.092,73,72,ok
SW2916,Extreme Heat Event,Extreme Heat,Extreme Heat,"Manhattan, Bronx, Brooklyn, Staten Island, Queens",2015-08-15 00:00,2015-08-18 00:00,EDT,2015-08-15 04:00,2015-08-18 04:00,72,72,FALSE,ALL NYC,4.072,2.608,4.145,0.069,0.034,0.044,73,72,ok
SW2917,Extreme Heat Event,Extreme Heat,Extreme Heat,"Queens, Staten Island, Brooklyn, Bronx, Manhattan",2015-08-30 00:00,2015-09-09 00:00,EDT,2015-08-30 04:00,2015-09-09 04:00,240,240,FALSE,Brooklyn,5.319,2.895,5.323,7.112,2.906,2.906,241,240,ok
SW2917,Extreme Heat Event,Extreme Heat,Extreme Heat,"Queens, Staten Island, Brooklyn, Bronx, Manhattan",2015-08-30 00:00,2015-09-09 00:00,EDT,2015-08-30 04:00,2015-09-09 04:00,240,240,FALSE,Queens,5.423,2.892,5.423,6.422,3.137,3.137,241,240,ok
SW2917,Extreme Heat Event,Extreme Heat,Extreme Heat,"Queens, Staten Island, Brooklyn, Bronx, Manhattan",2015-08-30 00:00,2015-09-09 00:00,EDT,2015-08-30 04:00,2015-09-09 04:00,240,240,FALSE,Manhattan,4.674,2.39,4.674,7.186,3.604,3.604,241,240,ok
SW2917,Extreme Heat Event,Extreme Heat,Extreme Heat,"Queens, Staten Island, Brooklyn, Bronx, Manhattan",2015-08-30 00:00,2015-09-09 00:00,EDT,2015-08-30 04:00,2015-09-09 04:00,240,240,FALSE,Bronx,4.512,2.245,4.512,6.873,3.818,3.818,241,240,ok
SW2917,Extreme Heat Event,Extreme Heat,Extreme Heat,"Queens, Staten Island, Brooklyn, Bronx, Manhattan",2015-08-30 00:00,2015-09-09 00:00,EDT,2015-08-30 04:00,2015-09-09 04:00,240,240,FALSE,Staten Island,4.595,2.505,4.596,8.262,2.827,2.827,241,240,ok
SW2917,Extreme Heat Event,Extreme Heat,Extreme Heat,"Queens, Staten Island, Brooklyn, Bronx, Manhattan",2015-08-30 00:00,2015-09-09 00:00,EDT,2015-08-30 04:00,2015-09-09 04:00,240,240,FALSE,ALL NYC,5.057,2.689,5.058,7.049,3.16,3.16,241,240,ok
SW2918,Extreme Heat Event,Extreme Heat,Extreme Heat,"Manhattan, Bronx, Brooklyn, Staten Island, Queens",2017-05-17 00:00,2017-05-19 00:00,EDT,2017-05-17 04:00,2017-05-19 04:00,48,48,FALSE,Brooklyn,5.184,3.853,5.184,0.004,0.002,0.002,49,48,ok
SW2918,Extreme Heat Event,Extreme Heat,Extreme Heat,"Manhattan, Bronx, Brooklyn, Staten Island, Queens",2017-05-17 00:00,2017-05-19 00:00,EDT,2017-05-17 04:00,2017-05-19 04:00,48,48,FALSE,Queens,5.026,3.812,5.063,0.004,0.002,0.002,49,48,ok
SW2918,Extreme Heat Event,Extreme Heat,Extreme Heat,"Manhattan, Bronx, Brooklyn, Staten Island, Queens",2017-05-17 00:00,2017-05-19 00:00,EDT,2017-05-17 04:00,2017-05-19 04:00,48,48,FALSE,Manhattan,4.658,3.285,4.658,0.004,0.002,0.002,49,48,ok
SW2918,Extreme Heat Event,Extreme Heat,Extreme Heat,"Manhattan, Bronx, Brooklyn, Staten Island, Queens",2017-05-17 00:00,2017-05-19 00:00,EDT,2017-05-17 04:00,2017-05-19 04:00,48,48,FALSE,Bronx,4.356,3.065,4.356,0.004,0.002,0.002,49,48,ok
SW2918,Extreme Heat Event,Extreme Heat,Extreme Heat,"Manhattan, Bronx, Brooklyn, Staten Island, Queens",2017-05-17 00:00,2017-05-19 00:00,EDT,2017-05-17 04:00,2017-05-19 04:00,48,48,FALSE,Staten Island,4.868,3.46,4.868,0.004,0.002,0.002,49,48,ok
SW2918,Extreme Heat Event,Extreme Heat,Extreme Heat,"Manhattan, Bronx, Brooklyn, Staten Island, Queens",2017-05-17 00:00,2017-05-19 00:00,EDT,2017-05-17 04:00,2017-05-19 04:00,48,48,FALSE,ALL NYC,4.911,3.61,4.924,0.004,0.002,0.002,49,48,ok
SW2919,Extreme Heat Event,Extreme Heat,Extreme Heat,"Queens, Staten Island, Brooklyn, Bronx, Manhattan",2018-08-05 00:00,2018-08-08 00:00,EDT,2018-08-05 04:00,2018-08-08 04:00,72,72,FALSE,Brooklyn,4.684,2.616,4.698,0.849,0.495,0.495,73,72,ok
SW2919,Extreme Heat Event,Extreme Heat,Extreme Heat,"Queens, Staten Island, Brooklyn, Bronx, Manhattan",2018-08-05 00:00,2018-08-08 00:00,EDT,2018-08-05 04:00,2018-08-08 04:00,72,72,FALSE,Queens,4.849,2.647,4.851,0.96,0.449,0.451,73,72,ok
SW2919,Extreme Heat Event,Extreme Heat,Extreme Heat,"Queens, Staten Island, Brooklyn, Bronx, Manhattan",2018-08-05 00:00,2018-08-08 00:00,EDT,2018-08-05 04:00,2018-08-08 04:00,72,72,FALSE,Manhattan,3.921,2.211,3.937,0.971,0.286,0.301,73,72,ok
SW2919,Extreme Heat Event,Extreme Heat,Extreme Heat,"Queens, Staten Island, Brooklyn, Bronx, Manhattan",2018-08-05 00:00,2018-08-08 00:00,EDT,2018-08-05 04:00,2018-08-08 04:00,72,72,FALSE,Bronx,3.806,2.094,3.831,1.09,0.35,0.355,73,72,ok
SW2919,Extreme Heat Event,Extreme Heat,Extreme Heat,"Queens, Staten Island, Brooklyn, Bronx, Manhattan",2018-08-05 00:00,2018-08-08 00:00,EDT,2018-08-05 04:00,2018-08-08 04:00,72,72,FALSE,Staten Island,4.042,2.275,4.042,0.819,0.384,0.384,73,72,ok
SW2919,Extreme Heat Event,Extreme Heat,Extreme Heat,"Queens, Staten Island, Brooklyn, Bronx, Manhattan",2018-08-05 00:00,2018-08-08 00:00,EDT,2018-08-05 04:00,2018-08-08 04:00,72,72,FALSE,ALL NYC,4.347,2.458,4.448,0.927,0.403,0.421,73,72,ok
SW2920,Extreme Heat Event,Extreme Heat,Extreme Heat,"Manhattan, Bronx, Brooklyn, Staten Island, Queens",2018-08-28 00:00,2018-08-30 00:00,EDT,2018-08-28 04:00,2018-08-30 04:00,48,48,FALSE,Brooklyn,4.642,3.323,4.642,0.334,0.271,0.271,49,48,ok
SW2920,Extreme Heat Event,Extreme Heat,Extreme Heat,"Manhattan, Bronx, Brooklyn, Staten Island, Queens",2018-08-28 00:00,2018-08-30 00:00,EDT,2018-08-28 04:00,2018-08-30 04:00,48,48,FALSE,Queens,4.532,3.283,4.556,0.081,0.053,0.054,49,48,ok
SW2920,Extreme Heat Event,Extreme Heat,Extreme Heat,"Manhattan, Bronx, Brooklyn, Staten Island, Queens",2018-08-28 00:00,2018-08-30 00:00,EDT,2018-08-28 04:00,2018-08-30 04:00,48,48,FALSE,Manhattan,4.271,2.847,4.271,0.166,0.131,0.131,49,48,ok
SW2920,Extreme Heat Event,Extreme Heat,Extreme Heat,"Manhattan, Bronx, Brooklyn, Staten Island, Queens",2018-08-28 00:00,2018-08-30 00:00,EDT,2018-08-28 04:00,2018-08-30 04:00,48,48,FALSE,Bronx,4.09,2.661,4.09,0.052,0.036,0.036,49,48,ok
SW2920,Extreme Heat Event,Extreme Heat,Extreme Heat,"Manhattan, Bronx, Brooklyn, Staten Island, Queens",2018-08-28 00:00,2018-08-30 00:00,EDT,2018-08-28 04:00,2018-08-30 04:00,48,48,FALSE,Staten Island,4.452,2.998,4.452,0.644,0.527,0.527,49,48,ok
SW2920,Extreme Heat Event,Extreme Heat,Extreme Heat,"Manhattan, Bronx, Brooklyn, Staten Island, Queens",2018-08-28 00:00,2018-08-30 00:00,EDT,2018-08-28 04:00,2018-08-30 04:00,48,48,FALSE,ALL NYC,4.46,3.118,4.469,0.246,0.195,0.195,49,48,ok
SW2921,Extreme Heat Event,Extreme Heat,Extreme Heat,"Queens, Staten Island, Brooklyn, Bronx, Manhattan",2021-06-06 00:00,2021-06-09 00:00,EDT,2021-06-06 04:00,2021-06-09 04:00,72,72,FALSE,Brooklyn,4.244,2.883,4.244,7.879,2.323,2.345,73,72,ok
SW2921,Extreme Heat Event,Extreme Heat,Extreme Heat,"Queens, Staten Island, Brooklyn, Bronx, Manhattan",2021-06-06 00:00,2021-06-09 00:00,EDT,2021-06-06 04:00,2021-06-09 04:00,72,72,FALSE,Queens,4.233,2.955,4.26,5.114,1.724,1.746,73,72,ok
SW2921,Extreme Heat Event,Extreme Heat,Extreme Heat,"Queens, Staten Island, Brooklyn, Bronx, Manhattan",2021-06-06 00:00,2021-06-09 00:00,EDT,2021-06-06 04:00,2021-06-09 04:00,72,72,FALSE,Manhattan,3.302,2.312,3.337,8.272,2.318,2.535,73,72,ok
SW2921,Extreme Heat Event,Extreme Heat,Extreme Heat,"Queens, Staten Island, Brooklyn, Bronx, Manhattan",2021-06-06 00:00,2021-06-09 00:00,EDT,2021-06-06 04:00,2021-06-09 04:00,72,72,FALSE,Bronx,3.214,2.243,3.23,6.8,2.018,2.274,73,72,ok
SW2921,Extreme Heat Event,Extreme Heat,Extreme Heat,"Queens, Staten Island, Brooklyn, Bronx, Manhattan",2021-06-06 00:00,2021-06-09 00:00,EDT,2021-06-06 04:00,2021-06-09 04:00,72,72,FALSE,Staten Island,3.826,2.539,3.826,11.768,3.711,3.711,73,72,ok
SW2921,Extreme Heat Event,Extreme Heat,Extreme Heat,"Queens, Staten Island, Brooklyn, Bronx, Manhattan",2021-06-06 00:00,2021-06-09 00:00,EDT,2021-06-06 04:00,2021-06-09 04:00,72,72,FALSE,ALL NYC,3.908,2.709,3.955,7.488,2.088,2.389,73,72,ok
SW2922,High Wind Event,Thunderstorms,High Winds,Queens,2020-06-06 14:10,2020-06-06 14:10,EDT,2020-06-06 18:00,2020-06-06 19:00,0,1,TRUE,Brooklyn,4.857,4.523,4.857,0.085,0.085,0.085,2,1,ok
SW2922,High Wind Event,Thunderstorms,High Winds,Queens,2020-06-06 14:10,2020-06-06 14:10,EDT,2020-06-06 18:00,2020-06-06 19:00,0,1,TRUE,Queens,4.515,4.245,4.515,0.095,0.095,0.095,2,1,ok
SW2922,High Wind Event,Thunderstorms,High Winds,Queens,2020-06-06 14:10,2020-06-06 14:10,EDT,2020-06-06 18:00,2020-06-06 19:00,0,1,TRUE,Manhattan,4.352,3.993,4.352,0.044,0.044,0.044,2,1,ok
SW2922,High Wind Event,Thunderstorms,High Winds,Queens,2020-06-06 14:10,2020-06-06 14:10,EDT,2020-06-06 18:00,2020-06-06 19:00,0,1,TRUE,Bronx,4.074,3.756,4.074,0.041,0.041,0.041,2,1,ok
SW2922,High Wind Event,Thunderstorms,High Winds,Queens,2020-06-06 14:10,2020-06-06 14:10,EDT,2020-06-06 18:00,2020-06-06 19:00,0,1,TRUE,Staten Island,5.014,4.598,5.014,0.032,0.032,0.032,2,1,ok
SW2922,High Wind Event,Thunderstorms,High Winds,Queens,2020-06-06 14:10,2020-06-06 14:10,EDT,2020-06-06 18:00,2020-06-06 19:00,0,1,TRUE,ALL NYC,4.612,4.286,4.612,0.069,0.069,0.069,2,1,ok
SW2923,"High Wind, Hail Event",Thunderstorms,"High Winds, Large Hail","Queens, Manhattan, Brooklyn",2020-06-29 17:25,2020-06-29 22:25,EDT,2020-06-29 21:00,2020-06-30 03:00,5,6,FALSE,Brooklyn,2.785,2.092,2.785,1.319,1.097,1.097,7,6,ok
SW2923,"High Wind, Hail Event",Thunderstorms,"High Winds, Large Hail","Queens, Manhattan, Brooklyn",2020-06-29 17:25,2020-06-29 22:25,EDT,2020-06-29 21:00,2020-06-30 03:00,5,6,FALSE,Queens,2.548,1.889,2.576,0.771,0.55,0.55,7,6,ok
SW2923,"High Wind, Hail Event",Thunderstorms,"High Winds, Large Hail","Queens, Manhattan, Brooklyn",2020-06-29 17:25,2020-06-29 22:25,EDT,2020-06-29 21:00,2020-06-30 03:00,5,6,FALSE,Manhattan,3.177,2.264,3.198,1.32,0.948,0.948,7,6,ok
SW2923,"High Wind, Hail Event",Thunderstorms,"High Winds, Large Hail","Queens, Manhattan, Brooklyn",2020-06-29 17:25,2020-06-29 22:25,EDT,2020-06-29 21:00,2020-06-30 03:00,5,6,FALSE,Bronx,3.163,2.157,3.168,0.988,0.658,0.658,7,6,ok
SW2923,"High Wind, Hail Event",Thunderstorms,"High Winds, Large Hail","Queens, Manhattan, Brooklyn",2020-06-29 17:25,2020-06-29 22:25,EDT,2020-06-29 21:00,2020-06-30 03:00,5,6,FALSE,Staten Island,3.178,2.375,3.178,1.759,1.709,1.709,7,6,ok
SW2923,"High Wind, Hail Event",Thunderstorms,"High Winds, Large Hail","Queens, Manhattan, Brooklyn",2020-06-29 17:25,2020-06-29 22:25,EDT,2020-06-29 21:00,2020-06-30 03:00,5,6,FALSE,ALL NYC,2.806,2.095,2.87,1.157,0.939,0.939,7,6,ok
SW2924,High Wind Event,Thunderstorms,High Winds,"Brooklyn, Queens",2020-07-22 18:14,2020-07-22 18:48,EDT,2020-07-22 22:00,2020-07-22 23:00,0.566667,1,TRUE,Brooklyn,4.875,4.578,4.875,1.119,1.119,1.119,2,1,ok
SW2924,High Wind Event,Thunderstorms,High Winds,"Brooklyn, Queens",2020-07-22 18:14,2020-07-22 18:48,EDT,2020-07-22 22:00,2020-07-22 23:00,0.566667,1,TRUE,Queens,4.827,4.68,4.827,0.307,0.307,0.307,2,1,ok
SW2924,High Wind Event,Thunderstorms,High Winds,"Brooklyn, Queens",2020-07-22 18:14,2020-07-22 18:48,EDT,2020-07-22 22:00,2020-07-22 23:00,0.566667,1,TRUE,Manhattan,3.823,3.721,3.829,1.625,1.625,1.625,2,1,ok
SW2924,High Wind Event,Thunderstorms,High Winds,"Brooklyn, Queens",2020-07-22 18:14,2020-07-22 18:48,EDT,2020-07-22 22:00,2020-07-22 23:00,0.566667,1,TRUE,Bronx,3.685,3.668,3.705,1.117,1.117,1.117,2,1,ok
SW2924,High Wind Event,Thunderstorms,High Winds,"Brooklyn, Queens",2020-07-22 18:14,2020-07-22 18:48,EDT,2020-07-22 22:00,2020-07-22 23:00,0.566667,1,TRUE,Staten Island,4.349,3.979,4.349,1.919,1.919,1.919,2,1,ok
SW2924,High Wind Event,Thunderstorms,High Winds,"Brooklyn, Queens",2020-07-22 18:14,2020-07-22 18:48,EDT,2020-07-22 22:00,2020-07-22 23:00,0.566667,1,TRUE,ALL NYC,4.502,4.305,4.509,1.018,1.018,1.018,2,1,ok
SW2925,High Wind Event,Winter Weather,High Winds,Manhattan,2020-11-02 12:00,2020-11-02 13:00,EST,2020-11-02 17:00,2020-11-02 18:00,1,1,FALSE,Brooklyn,9.984,9.713,9.984,0,0,0,2,1,ok
SW2925,High Wind Event,Winter Weather,High Winds,Manhattan,2020-11-02 12:00,2020-11-02 13:00,EST,2020-11-02 17:00,2020-11-02 18:00,1,1,FALSE,Queens,9.99,9.716,9.99,0.001,0.001,0.001,2,1,ok
SW2925,High Wind Event,Winter Weather,High Winds,Manhattan,2020-11-02 12:00,2020-11-02 13:00,EST,2020-11-02 17:00,2020-11-02 18:00,1,1,FALSE,Manhattan,8.341,8.083,8.341,0,0,0,2,1,ok
SW2925,High Wind Event,Winter Weather,High Winds,Manhattan,2020-11-02 12:00,2020-11-02 13:00,EST,2020-11-02 17:00,2020-11-02 18:00,1,1,FALSE,Bronx,8.081,7.825,8.081,0,0,0,2,1,ok
SW2925,High Wind Event,Winter Weather,High Winds,Manhattan,2020-11-02 12:00,2020-11-02 13:00,EST,2020-11-02 17:00,2020-11-02 18:00,1,1,FALSE,Staten Island,9.006,8.762,9.006,0,0,0,2,1,ok
SW2925,High Wind Event,Winter Weather,High Winds,Manhattan,2020-11-02 12:00,2020-11-02 13:00,EST,2020-11-02 17:00,2020-11-02 18:00,1,1,FALSE,ALL NYC,9.402,9.138,9.402,0.001,0.001,0.001,2,1,ok
SW2926,High Wind Event,Winter Weather,High Winds,"Manhattan, Queens",2020-11-15 20:35,2020-11-15 20:50,EST,2020-11-16 01:00,2020-11-16 02:00,0.25,1,TRUE,Brooklyn,11.298,10.525,11.298,3.258,3.258,3.258,2,1,ok
SW2926,High Wind Event,Winter Weather,High Winds,"Manhattan, Queens",2020-11-15 20:35,2020-11-15 20:50,EST,2020-11-16 01:00,2020-11-16 02:00,0.25,1,TRUE,Queens,11.53,10.926,11.53,3.093,3.093,3.093,2,1,ok
SW2926,High Wind Event,Winter Weather,High Winds,"Manhattan, Queens",2020-11-15 20:35,2020-11-15 20:50,EST,2020-11-16 01:00,2020-11-16 02:00,0.25,1,TRUE,Manhattan,9.372,8.765,9.372,3.784,3.784,3.784,2,1,ok
SW2926,High Wind Event,Winter Weather,High Winds,"Manhattan, Queens",2020-11-15 20:35,2020-11-15 20:50,EST,2020-11-16 01:00,2020-11-16 02:00,0.25,1,TRUE,Bronx,9.192,8.661,9.192,3.749,3.749,3.749,2,1,ok
SW2926,High Wind Event,Winter Weather,High Winds,"Manhattan, Queens",2020-11-15 20:35,2020-11-15 20:50,EST,2020-11-16 01:00,2020-11-16 02:00,0.25,1,TRUE,Staten Island,9.886,9.15,9.886,3.739,3.739,3.739,2,1,ok
SW2926,High Wind Event,Winter Weather,High Winds,"Manhattan, Queens",2020-11-15 20:35,2020-11-15 20:50,EST,2020-11-16 01:00,2020-11-16 02:00,0.25,1,TRUE,ALL NYC,10.666,10.009,10.666,3.401,3.401,3.401,2,1,ok
SW2927,High Wind Event,Winter Weather,High Winds,Queens,2020-11-30 12:00,2020-11-30 14:00,EST,2020-11-30 17:00,2020-11-30 19:00,2,2,FALSE,Brooklyn,9.066,8.781,9.1,8.4,6.175,6.175,3,2,ok
SW2927,High Wind Event,Winter Weather,High Winds,Queens,2020-11-30 12:00,2020-11-30 14:00,EST,2020-11-30 17:00,2020-11-30 19:00,2,2,FALSE,Queens,9.662,9.084,9.689,9.89,7.356,7.356,3,2,ok
SW2927,High Wind Event,Winter Weather,High Winds,Queens,2020-11-30 12:00,2020-11-30 14:00,EST,2020-11-30 17:00,2020-11-30 19:00,2,2,FALSE,Manhattan,7.78,7.062,7.78,9.169,6.441,6.441,3,2,ok
SW2927,High Wind Event,Winter Weather,High Winds,Queens,2020-11-30 12:00,2020-11-30 14:00,EST,2020-11-30 17:00,2020-11-30 19:00,2,2,FALSE,Bronx,7.896,6.98,7.896,10.059,7.077,7.077,3,2,ok
SW2927,High Wind Event,Winter Weather,High Winds,Queens,2020-11-30 12:00,2020-11-30 14:00,EST,2020-11-30 17:00,2020-11-30 19:00,2,2,FALSE,Staten Island,7.561,7.374,7.572,6.556,4.524,4.524,3,2,ok
SW2927,High Wind Event,Winter Weather,High Winds,Queens,2020-11-30 12:00,2020-11-30 14:00,EST,2020-11-30 17:00,2020-11-30 19:00,2,2,FALSE,ALL NYC,8.725,8.234,8.751,8.89,6.442,6.442,3,2,ok
SW2928,High Wind Event,Winter Weather,High Winds,"Queens, Brooklyn, Bronx",2020-12-25 00:00,2020-12-25 04:00,EST,2020-12-25 05:00,2020-12-25 09:00,4,4,FALSE,Brooklyn,12.173,11.502,12.173,8.137,2.868,2.868,5,4,ok
SW2928,High Wind Event,Winter Weather,High Winds,"Queens, Brooklyn, Bronx",2020-12-25 00:00,2020-12-25 04:00,EST,2020-12-25 05:00,2020-12-25 09:00,4,4,FALSE,Queens,12.506,11.744,12.506,9.585,3.512,3.512,5,4,ok
SW2928,High Wind Event,Winter Weather,High Winds,"Queens, Brooklyn, Bronx",2020-12-25 00:00,2020-12-25 04:00,EST,2020-12-25 05:00,2020-12-25 09:00,4,4,FALSE,Manhattan,10.1,9.562,10.1,10.286,3.588,3.588,5,4,ok
SW2928,High Wind Event,Winter Weather,High Winds,"Queens, Brooklyn, Bronx",2020-12-25 00:00,2020-12-25 04:00,EST,2020-12-25 05:00,2020-12-25 09:00,4,4,FALSE,Bronx,9.953,9.391,9.953,11.165,4.02,4.02,5,4,ok
SW2928,High Wind Event,Winter Weather,High Winds,"Queens, Brooklyn, Bronx",2020-12-25 00:00,2020-12-25 04:00,EST,2020-12-25 05:00,2020-12-25 09:00,4,4,FALSE,Staten Island,10.54,10.022,10.54,7.128,2.7,2.7,5,4,ok
SW2928,High Wind Event,Winter Weather,High Winds,"Queens, Brooklyn, Bronx",2020-12-25 00:00,2020-12-25 04:00,EST,2020-12-25 05:00,2020-12-25 09:00,4,4,FALSE,ALL NYC,11.507,10.858,11.507,9.076,3.203,3.291,5,4,ok
SW2929,High Wind Event,Winter Weather,High Winds,"Manhattan, Queens",2021-01-29 05:00,2021-01-29 06:00,EST,2021-01-29 10:00,2021-01-29 11:00,1,1,FALSE,Brooklyn,7.703,7.449,7.703,0.007,0.007,0.007,2,1,ok
SW2929,High Wind Event,Winter Weather,High Winds,"Manhattan, Queens",2021-01-29 05:00,2021-01-29 06:00,EST,2021-01-29 10:00,2021-01-29 11:00,1,1,FALSE,Queens,7.83,7.563,7.83,0.022,0.022,0.022,2,1,ok
SW2929,High Wind Event,Winter Weather,High Winds,"Manhattan, Queens",2021-01-29 05:00,2021-01-29 06:00,EST,2021-01-29 10:00,2021-01-29 11:00,1,1,FALSE,Manhattan,6.226,6.079,6.226,0,0,0,2,1,ok
SW2929,High Wind Event,Winter Weather,High Winds,"Manhattan, Queens",2021-01-29 05:00,2021-01-29 06:00,EST,2021-01-29 10:00,2021-01-29 11:00,1,1,FALSE,Bronx,6.034,5.893,6.034,0.004,0.004,0.004,2,1,ok
SW2929,High Wind Event,Winter Weather,High Winds,"Manhattan, Queens",2021-01-29 05:00,2021-01-29 06:00,EST,2021-01-29 10:00,2021-01-29 11:00,1,1,FALSE,Staten Island,6.738,6.564,6.738,0.006,0.006,0.006,2,1,ok
SW2929,High Wind Event,Winter Weather,High Winds,"Manhattan, Queens",2021-01-29 05:00,2021-01-29 06:00,EST,2021-01-29 10:00,2021-01-29 11:00,1,1,FALSE,ALL NYC,7.215,6.995,7.215,0.011,0.011,0.011,2,1,ok
SW2930,High Wind Event,Winter Weather,High Winds,Queens,2021-03-01 11:30,2021-03-02 00:30,EST,2021-03-01 16:00,2021-03-02 06:00,13,14,FALSE,Brooklyn,8.6,6.447,8.6,0.684,0.298,0.298,15,14,ok
SW2930,High Wind Event,Winter Weather,High Winds,Queens,2021-03-01 11:30,2021-03-02 00:30,EST,2021-03-01 16:00,2021-03-02 06:00,13,14,FALSE,Queens,8.645,6.393,8.645,0.775,0.335,0.339,15,14,ok
SW2930,High Wind Event,Winter Weather,High Winds,Queens,2021-03-01 11:30,2021-03-02 00:30,EST,2021-03-01 16:00,2021-03-02 06:00,13,14,FALSE,Manhattan,7.145,5.376,7.145,0.701,0.334,0.334,15,14,ok
SW2930,High Wind Event,Winter Weather,High Winds,Queens,2021-03-01 11:30,2021-03-02 00:30,EST,2021-03-01 16:00,2021-03-02 06:00,13,14,FALSE,Bronx,6.908,5.172,6.908,0.748,0.352,0.352,15,14,ok
SW2930,High Wind Event,Winter Weather,High Winds,Queens,2021-03-01 11:30,2021-03-02 00:30,EST,2021-03-01 16:00,2021-03-02 06:00,13,14,FALSE,Staten Island,7.779,5.922,7.779,0.62,0.289,0.289,15,14,ok
SW2930,High Wind Event,Winter Weather,High Winds,Queens,2021-03-01 11:30,2021-03-02 00:30,EST,2021-03-01 16:00,2021-03-02 06:00,13,14,FALSE,ALL NYC,8.107,6.063,8.107,0.715,0.317,0.322,15,14,ok
SW2931,High Wind Event,Winter Weather,High Winds,Queens,2021-03-13 01:00,2021-03-14 15:00,EST,2021-03-13 06:00,2021-03-14 19:00,38,37,FALSE,Brooklyn,8.151,4.703,8.151,0.042,0.029,0.029,38,37,ok
SW2931,High Wind Event,Winter Weather,High Winds,Queens,2021-03-13 01:00,2021-03-14 15:00,EST,2021-03-13 06:00,2021-03-14 19:00,38,37,FALSE,Queens,7.984,4.662,8.004,0.054,0.039,0.039,38,37,ok
SW2931,High Wind Event,Winter Weather,High Winds,Queens,2021-03-13 01:00,2021-03-14 15:00,EST,2021-03-13 06:00,2021-03-14 19:00,38,37,FALSE,Manhattan,6.952,3.881,6.955,0.026,0.019,0.019,38,37,ok
SW2931,High Wind Event,Winter Weather,High Winds,Queens,2021-03-13 01:00,2021-03-14 15:00,EST,2021-03-13 06:00,2021-03-14 19:00,38,37,FALSE,Bronx,6.741,3.724,6.741,0.033,0.025,0.025,38,37,ok
SW2931,High Wind Event,Winter Weather,High Winds,Queens,2021-03-13 01:00,2021-03-14 15:00,EST,2021-03-13 06:00,2021-03-14 19:00,38,37,FALSE,Staten Island,7.59,4.303,7.59,0.011,0.006,0.006,38,37,ok
SW2931,High Wind Event,Winter Weather,High Winds,Queens,2021-03-13 01:00,2021-03-14 15:00,EST,2021-03-13 06:00,2021-03-14 19:00,38,37,FALSE,ALL NYC,7.662,4.409,7.697,0.038,0.027,0.027,38,37,ok
SW2932,High Wind Event,"Winter Weather, Thunderstorms",High Winds,Staten Island,2021-03-28 18:48,2021-03-28 18:48,EDT,2021-03-28 22:00,2021-03-28 23:00,0,1,TRUE,Brooklyn,6.302,6.292,6.309,0.612,0.612,0.612,2,1,ok
SW2932,High Wind Event,"Winter Weather, Thunderstorms",High Winds,Staten Island,2021-03-28 18:48,2021-03-28 18:48,EDT,2021-03-28 22:00,2021-03-28 23:00,0,1,TRUE,Queens,6.186,6.123,6.186,0.48,0.48,0.48,2,1,ok
SW2932,High Wind Event,"Winter Weather, Thunderstorms",High Winds,Staten Island,2021-03-28 18:48,2021-03-28 18:48,EDT,2021-03-28 22:00,2021-03-28 23:00,0,1,TRUE,Manhattan,4.982,4.934,4.982,0.446,0.446,0.446,2,1,ok
SW2932,High Wind Event,"Winter Weather, Thunderstorms",High Winds,Staten Island,2021-03-28 18:48,2021-03-28 18:48,EDT,2021-03-28 22:00,2021-03-28 23:00,0,1,TRUE,Bronx,4.675,4.593,4.675,0.349,0.349,0.349,2,1,ok
SW2932,High Wind Event,"Winter Weather, Thunderstorms",High Winds,Staten Island,2021-03-28 18:48,2021-03-28 18:48,EDT,2021-03-28 22:00,2021-03-28 23:00,0,1,TRUE,Staten Island,5.98,5.938,5.98,0.849,0.849,0.849,2,1,ok
SW2932,High Wind Event,"Winter Weather, Thunderstorms",High Winds,Staten Island,2021-03-28 18:48,2021-03-28 18:48,EDT,2021-03-28 22:00,2021-03-28 23:00,0,1,TRUE,ALL NYC,5.849,5.816,5.866,0.558,0.558,0.558,2,1,ok
SW2933,"High Wind, Hail Event",Thunderstorms,"High Winds, Large Hail","Queens, Brooklyn",2021-04-21 13:40,2021-04-21 13:40,EDT,2021-04-21 17:00,2021-04-21 18:00,0,1,TRUE,Brooklyn,6.245,6.057,6.245,1.125,1.125,1.125,2,1,ok
SW2933,"High Wind, Hail Event",Thunderstorms,"High Winds, Large Hail","Queens, Brooklyn",2021-04-21 13:40,2021-04-21 13:40,EDT,2021-04-21 17:00,2021-04-21 18:00,0,1,TRUE,Queens,6.646,6.298,6.646,0.43,0.43,0.43,2,1,ok
SW2933,"High Wind, Hail Event",Thunderstorms,"High Winds, Large Hail","Queens, Brooklyn",2021-04-21 13:40,2021-04-21 13:40,EDT,2021-04-21 17:00,2021-04-21 18:00,0,1,TRUE,Manhattan,5.357,5.06,5.357,1.584,1.584,1.584,2,1,ok
SW2933,"High Wind, Hail Event",Thunderstorms,"High Winds, Large Hail","Queens, Brooklyn",2021-04-21 13:40,2021-04-21 13:40,EDT,2021-04-21 17:00,2021-04-21 18:00,0,1,TRUE,Bronx,5.41,5.006,5.41,1.123,1.123,1.123,2,1,ok
SW2933,"High Wind, Hail Event",Thunderstorms,"High Winds, Large Hail","Queens, Brooklyn",2021-04-21 13:40,2021-04-21 13:40,EDT,2021-04-21 17:00,2021-04-21 18:00,0,1,TRUE,Staten Island,5.482,5.471,5.531,1.865,1.865,1.865,2,1,ok
SW2933,"High Wind, Hail Event",Thunderstorms,"High Winds, Large Hail","Queens, Brooklyn",2021-04-21 13:40,2021-04-21 13:40,EDT,2021-04-21 17:00,2021-04-21 18:00,0,1,TRUE,ALL NYC,6.059,5.807,6.068,1.051,1.051,1.051,2,1,ok
SW2934,High Wind Event,Thunderstorms,High Winds,"Manhattan, Queens",2021-04-30 15:00,2021-04-30 16:00,EDT,2021-04-30 19:00,2021-04-30 20:00,1,1,FALSE,Brooklyn,9.261,8.592,9.261,0.332,0.332,0.332,2,1,ok
SW2934,High Wind Event,Thunderstorms,High Winds,"Manhattan, Queens",2021-04-30 15:00,2021-04-30 16:00,EDT,2021-04-30 19:00,2021-04-30 20:00,1,1,FALSE,Queens,8.943,8.171,8.943,0.356,0.356,0.356,2,1,ok
SW2934,High Wind Event,Thunderstorms,High Winds,"Manhattan, Queens",2021-04-30 15:00,2021-04-30 16:00,EDT,2021-04-30 19:00,2021-04-30 20:00,1,1,FALSE,Manhattan,7.648,7.174,7.648,0.065,0.065,0.065,2,1,ok
SW2934,High Wind Event,Thunderstorms,High Winds,"Manhattan, Queens",2021-04-30 15:00,2021-04-30 16:00,EDT,2021-04-30 19:00,2021-04-30 20:00,1,1,FALSE,Bronx,7.23,6.711,7.23,0.044,0.044,0.044,2,1,ok
SW2934,High Wind Event,Thunderstorms,High Winds,"Manhattan, Queens",2021-04-30 15:00,2021-04-30 16:00,EDT,2021-04-30 19:00,2021-04-30 20:00,1,1,FALSE,Staten Island,8.715,8.298,8.715,0.071,0.071,0.071,2,1,ok
SW2934,High Wind Event,Thunderstorms,High Winds,"Manhattan, Queens",2021-04-30 15:00,2021-04-30 16:00,EDT,2021-04-30 19:00,2021-04-30 20:00,1,1,FALSE,ALL NYC,8.627,8.005,8.627,0.23,0.23,0.23,2,1,ok
SW2935,"Heavy Rain, Flash Flood Event",Thunderstorms,Flash Flooding,"Queens, Staten Island, Manhattan, Brooklyn, Bronx",2021-07-08 00:00,2021-07-08 00:00,EDT,2021-07-08 04:00,2021-07-08 05:00,0,1,TRUE,Brooklyn,1.409,1.177,1.409,0.987,0.987,0.987,2,1,ok
SW2935,"Heavy Rain, Flash Flood Event",Thunderstorms,Flash Flooding,"Queens, Staten Island, Manhattan, Brooklyn, Bronx",2021-07-08 00:00,2021-07-08 00:00,EDT,2021-07-08 04:00,2021-07-08 05:00,0,1,TRUE,Queens,1.397,1.177,1.397,0.682,0.682,0.682,2,1,ok
SW2935,"Heavy Rain, Flash Flood Event",Thunderstorms,Flash Flooding,"Queens, Staten Island, Manhattan, Brooklyn, Bronx",2021-07-08 00:00,2021-07-08 00:00,EDT,2021-07-08 04:00,2021-07-08 05:00,0,1,TRUE,Manhattan,1.208,0.887,1.209,1.011,1.011,1.011,2,1,ok
SW2935,"Heavy Rain, Flash Flood Event",Thunderstorms,Flash Flooding,"Queens, Staten Island, Manhattan, Brooklyn, Bronx",2021-07-08 00:00,2021-07-08 00:00,EDT,2021-07-08 04:00,2021-07-08 05:00,0,1,TRUE,Bronx,1.058,0.925,1.069,0.83,0.83,0.83,2,1,ok
SW2935,"Heavy Rain, Flash Flood Event",Thunderstorms,Flash Flooding,"Queens, Staten Island, Manhattan, Brooklyn, Bronx",2021-07-08 00:00,2021-07-08 00:00,EDT,2021-07-08 04:00,2021-07-08 05:00,0,1,TRUE,Staten Island,1.509,1.029,1.509,1.24,1.24,1.24,2,1,ok
SW2935,"Heavy Rain, Flash Flood Event",Thunderstorms,Flash Flooding,"Queens, Staten Island, Manhattan, Brooklyn, Bronx",2021-07-08 00:00,2021-07-08 00:00,EDT,2021-07-08 04:00,2021-07-08 05:00,0,1,TRUE,ALL NYC,1.36,1.089,1.361,0.904,0.904,0.904,2,1,ok
SW2936,High Wind Event,Thunderstorms,High Winds,Manhattan,2021-06-30 21:00,2021-07-01 00:00,EDT,2021-07-01 01:00,2021-07-01 04:00,3,3,FALSE,Brooklyn,2.76,2.213,2.76,0,0,0,4,3,ok
SW2936,High Wind Event,Thunderstorms,High Winds,Manhattan,2021-06-30 21:00,2021-07-01 00:00,EDT,2021-07-01 01:00,2021-07-01 04:00,3,3,FALSE,Queens,2.762,2.208,2.762,0,0,0,4,3,ok
SW2936,High Wind Event,Thunderstorms,High Winds,Manhattan,2021-06-30 21:00,2021-07-01 00:00,EDT,2021-07-01 01:00,2021-07-01 04:00,3,3,FALSE,Manhattan,2.412,1.953,2.412,0,0,0,4,3,ok
SW2936,High Wind Event,Thunderstorms,High Winds,Manhattan,2021-06-30 21:00,2021-07-01 00:00,EDT,2021-07-01 01:00,2021-07-01 04:00,3,3,FALSE,Bronx,2.456,1.98,2.456,0,0,0,4,3,ok
SW2936,High Wind Event,Thunderstorms,High Winds,Manhattan,2021-06-30 21:00,2021-07-01 00:00,EDT,2021-07-01 01:00,2021-07-01 04:00,3,3,FALSE,Staten Island,2.533,2.032,2.533,0.004,0.004,0.004,4,3,ok
SW2936,High Wind Event,Thunderstorms,High Winds,Manhattan,2021-06-30 21:00,2021-07-01 00:00,EDT,2021-07-01 01:00,2021-07-01 04:00,3,3,FALSE,ALL NYC,2.646,2.122,2.646,0.001,0.001,0.001,4,3,ok
SW2937,Hurricane Henri,Tropical Cyclone,Flash Flooding,"Manhattan, Bronx, Brooklyn, Staten Island, Queens",2021-08-21 00:00,2021-08-24 00:00,EDT,2021-08-21 04:00,2021-08-24 04:00,72,72,FALSE,Brooklyn,6.315,3.674,6.315,106.334,5.811,6.085,73,72,ok
SW2937,Hurricane Henri,Tropical Cyclone,Flash Flooding,"Manhattan, Bronx, Brooklyn, Staten Island, Queens",2021-08-21 00:00,2021-08-24 00:00,EDT,2021-08-21 04:00,2021-08-24 04:00,72,72,FALSE,Queens,6.595,3.846,6.659,103.971,6.908,6.917,73,72,ok
SW2937,Hurricane Henri,Tropical Cyclone,Flash Flooding,"Manhattan, Bronx, Brooklyn, Staten Island, Queens",2021-08-21 00:00,2021-08-24 00:00,EDT,2021-08-21 04:00,2021-08-24 04:00,72,72,FALSE,Manhattan,5.197,3.039,5.219,117.492,7.527,7.53,73,72,ok
SW2937,Hurricane Henri,Tropical Cyclone,Flash Flooding,"Manhattan, Bronx, Brooklyn, Staten Island, Queens",2021-08-21 00:00,2021-08-24 00:00,EDT,2021-08-21 04:00,2021-08-24 04:00,72,72,FALSE,Bronx,5.16,3.017,5.182,115.828,8.325,8.325,73,72,ok
SW2937,Hurricane Henri,Tropical Cyclone,Flash Flooding,"Manhattan, Bronx, Brooklyn, Staten Island, Queens",2021-08-21 00:00,2021-08-24 00:00,EDT,2021-08-21 04:00,2021-08-24 04:00,72,72,FALSE,Staten Island,5.758,3.161,5.758,113.507,5.861,6.261,73,72,ok
SW2937,Hurricane Henri,Tropical Cyclone,Flash Flooding,"Manhattan, Bronx, Brooklyn, Staten Island, Queens",2021-08-21 00:00,2021-08-24 00:00,EDT,2021-08-21 04:00,2021-08-24 04:00,72,72,FALSE,ALL NYC,5.963,3.497,6.089,109.095,6.498,6.849,73,72,ok
SW2938,Hurricane Ida,Tropical Cyclone,"Flash Flooding, High Winds","Queens, Staten Island, Brooklyn, Bronx, Manhattan",2021-09-01 00:00,2021-09-02 10:00,EDT,2021-09-01 04:00,2021-09-02 14:00,34,34,FALSE,Brooklyn,8.508,4.406,8.801,53.019,9.264,9.264,35,34,ok
SW2938,Hurricane Ida,Tropical Cyclone,"Flash Flooding, High Winds","Queens, Staten Island, Brooklyn, Bronx, Manhattan",2021-09-01 00:00,2021-09-02 10:00,EDT,2021-09-01 04:00,2021-09-02 14:00,34,34,FALSE,Queens,8.758,4.42,9.169,57.803,9.654,9.654,35,34,ok
SW2938,Hurricane Ida,Tropical Cyclone,"Flash Flooding, High Winds","Queens, Staten Island, Brooklyn, Bronx, Manhattan",2021-09-01 00:00,2021-09-02 10:00,EDT,2021-09-01 04:00,2021-09-02 14:00,34,34,FALSE,Manhattan,8.131,3.652,8.131,71.618,10.85,10.851,35,34,ok
SW2938,Hurricane Ida,Tropical Cyclone,"Flash Flooding, High Winds","Queens, Staten Island, Brooklyn, Bronx, Manhattan",2021-09-01 00:00,2021-09-02 10:00,EDT,2021-09-01 04:00,2021-09-02 14:00,34,34,FALSE,Bronx,8.267,3.522,8.267,77.325,11.316,11.316,35,34,ok
SW2938,Hurricane Ida,Tropical Cyclone,"Flash Flooding, High Winds","Queens, Staten Island, Brooklyn, Bronx, Manhattan",2021-09-01 00:00,2021-09-02 10:00,EDT,2021-09-01 04:00,2021-09-02 14:00,34,34,FALSE,Staten Island,7.712,4.055,7.712,55.194,9.159,9.16,35,34,ok
SW2938,Hurricane Ida,Tropical Cyclone,"Flash Flooding, High Winds","Queens, Staten Island, Brooklyn, Bronx, Manhattan",2021-09-01 00:00,2021-09-02 10:00,EDT,2021-09-01 04:00,2021-09-02 14:00,34,34,FALSE,ALL NYC,8.275,4.16,8.6,60.075,9.802,9.802,35,34,ok
SW2939,Tropical Storm Elsa,Tropical Cyclone,"High Winds, Flash Flooding","Manhattan, Bronx, Brooklyn, Staten Island, Queens",2021-07-09 00:00,2021-07-10 00:00,EDT,2021-07-09 04:00,2021-07-10 04:00,24,24,FALSE,Brooklyn,8.204,4.256,8.204,23.139,6.319,6.319,25,24,ok
SW2939,Tropical Storm Elsa,Tropical Cyclone,"High Winds, Flash Flooding","Manhattan, Bronx, Brooklyn, Staten Island, Queens",2021-07-09 00:00,2021-07-10 00:00,EDT,2021-07-09 04:00,2021-07-10 04:00,24,24,FALSE,Queens,7.909,4.261,7.995,25.703,6.31,6.516,25,24,ok
SW2939,Tropical Storm Elsa,Tropical Cyclone,"High Winds, Flash Flooding","Manhattan, Bronx, Brooklyn, Staten Island, Queens",2021-07-09 00:00,2021-07-10 00:00,EDT,2021-07-09 04:00,2021-07-10 04:00,24,24,FALSE,Manhattan,6.242,3.362,6.242,16.391,4.256,4.263,25,24,ok
SW2939,Tropical Storm Elsa,Tropical Cyclone,"High Winds, Flash Flooding","Manhattan, Bronx, Brooklyn, Staten Island, Queens",2021-07-09 00:00,2021-07-10 00:00,EDT,2021-07-09 04:00,2021-07-10 04:00,24,24,FALSE,Bronx,5.856,3.211,5.856,16.765,4.036,4.095,25,24,ok
SW2939,Tropical Storm Elsa,Tropical Cyclone,"High Winds, Flash Flooding","Manhattan, Bronx, Brooklyn, Staten Island, Queens",2021-07-09 00:00,2021-07-10 00:00,EDT,2021-07-09 04:00,2021-07-10 04:00,24,24,FALSE,Staten Island,7.067,3.806,7.067,17.501,4.979,4.98,25,24,ok
SW2939,Tropical Storm Elsa,Tropical Cyclone,"High Winds, Flash Flooding","Manhattan, Bronx, Brooklyn, Staten Island, Queens",2021-07-09 00:00,2021-07-10 00:00,EDT,2021-07-09 04:00,2021-07-10 04:00,24,24,FALSE,ALL NYC,7.394,3.954,7.426,21.569,5.575,5.66,25,24,ok
SW2940,Extreme Heat Event,Extreme Heat,Extreme Heat,"Manhattan, Bronx, Brooklyn, Staten Island, Queens",2021-06-26 16:55,2021-07-01 16:55,EDT,2021-06-26 20:00,2021-07-01 21:00,120,121,FALSE,Brooklyn,6.038,3.812,6.038,6.41,2.898,2.898,122,121,ok
SW2940,Extreme Heat Event,Extreme Heat,Extreme Heat,"Manhattan, Bronx, Brooklyn, Staten Island, Queens",2021-06-26 16:55,2021-07-01 16:55,EDT,2021-06-26 20:00,2021-07-01 21:00,120,121,FALSE,Queens,6.162,3.838,6.162,4.147,1.09,1.308,122,121,ok
SW2940,Extreme Heat Event,Extreme Heat,Extreme Heat,"Manhattan, Bronx, Brooklyn, Staten Island, Queens",2021-06-26 16:55,2021-07-01 16:55,EDT,2021-06-26 20:00,2021-07-01 21:00,120,121,FALSE,Manhattan,5.1,3.107,5.1,6.397,2.345,2.351,122,121,ok
SW2940,Extreme Heat Event,Extreme Heat,Extreme Heat,"Manhattan, Bronx, Brooklyn, Staten Island, Queens",2021-06-26 16:55,2021-07-01 16:55,EDT,2021-06-26 20:00,2021-07-01 21:00,120,121,FALSE,Bronx,5,2.99,5,5.286,1.329,1.376,122,121,ok
SW2940,Extreme Heat Event,Extreme Heat,Extreme Heat,"Manhattan, Bronx, Brooklyn, Staten Island, Queens",2021-06-26 16:55,2021-07-01 16:55,EDT,2021-06-26 20:00,2021-07-01 21:00,120,121,FALSE,Staten Island,5.277,3.415,5.331,9.818,5.1,5.1,122,121,ok
SW2940,Extreme Heat Event,Extreme Heat,Extreme Heat,"Manhattan, Bronx, Brooklyn, Staten Island, Queens",2021-06-26 16:55,2021-07-01 16:55,EDT,2021-06-26 20:00,2021-07-01 21:00,120,121,FALSE,ALL NYC,5.703,3.575,5.729,6.069,2.39,2.478,122,121,ok
SW2941,Extreme Heat Event,Extreme Heat,"Extreme Heat, Air Quality","Queens, Staten Island, Brooklyn, Bronx, Manhattan",2021-07-06 17:00,2021-07-07 17:00,EDT,2021-07-06 21:00,2021-07-07 21:00,24,24,FALSE,Brooklyn,5.061,3.068,5.066,2.481,1.056,1.056,25,24,ok
SW2941,Extreme Heat Event,Extreme Heat,"Extreme Heat, Air Quality","Queens, Staten Island, Brooklyn, Bronx, Manhattan",2021-07-06 17:00,2021-07-07 17:00,EDT,2021-07-06 21:00,2021-07-07 21:00,24,24,FALSE,Queens,4.959,3.076,4.969,1.773,0.645,0.664,25,24,ok
SW2941,Extreme Heat Event,Extreme Heat,"Extreme Heat, Air Quality","Queens, Staten Island, Brooklyn, Bronx, Manhattan",2021-07-06 17:00,2021-07-07 17:00,EDT,2021-07-06 21:00,2021-07-07 21:00,24,24,FALSE,Manhattan,3.758,2.5,3.793,2.244,0.958,0.975,25,24,ok
SW2941,Extreme Heat Event,Extreme Heat,"Extreme Heat, Air Quality","Queens, Staten Island, Brooklyn, Bronx, Manhattan",2021-07-06 17:00,2021-07-07 17:00,EDT,2021-07-06 21:00,2021-07-07 21:00,24,24,FALSE,Bronx,3.702,2.388,3.784,1.761,0.766,0.799,25,24,ok
SW2941,Extreme Heat Event,Extreme Heat,"Extreme Heat, Air Quality","Queens, Staten Island, Brooklyn, Bronx, Manhattan",2021-07-06 17:00,2021-07-07 17:00,EDT,2021-07-06 21:00,2021-07-07 21:00,24,24,FALSE,Staten Island,4.6,2.8,4.6,3.038,1.497,1.497,25,24,ok
SW2941,Extreme Heat Event,Extreme Heat,"Extreme Heat, Air Quality","Queens, Staten Island, Brooklyn, Bronx, Manhattan",2021-07-06 17:00,2021-07-07 17:00,EDT,2021-07-06 21:00,2021-07-07 21:00,24,24,FALSE,ALL NYC,4.4,2.88,4.656,2.21,0.925,0.953,25,24,ok
SW2942,Extreme Heat Event,Extreme Heat,Extreme Heat,"Queens, Staten Island, Brooklyn, Bronx, Manhattan",2021-08-10 12:00,2021-08-14 12:00,EDT,2021-08-10 16:00,2021-08-14 16:00,96,96,FALSE,Brooklyn,5.427,3.218,5.428,2.109,0.479,0.486,97,96,ok
SW2942,Extreme Heat Event,Extreme Heat,Extreme Heat,"Queens, Staten Island, Brooklyn, Bronx, Manhattan",2021-08-10 12:00,2021-08-14 12:00,EDT,2021-08-10 16:00,2021-08-14 16:00,96,96,FALSE,Queens,5.397,3.257,5.408,1.538,0.503,0.518,97,96,ok
SW2942,Extreme Heat Event,Extreme Heat,Extreme Heat,"Queens, Staten Island, Brooklyn, Bronx, Manhattan",2021-08-10 12:00,2021-08-14 12:00,EDT,2021-08-10 16:00,2021-08-14 16:00,96,96,FALSE,Manhattan,4.712,2.619,4.723,2.389,0.586,0.621,97,96,ok
SW2942,Extreme Heat Event,Extreme Heat,Extreme Heat,"Queens, Staten Island, Brooklyn, Bronx, Manhattan",2021-08-10 12:00,2021-08-14 12:00,EDT,2021-08-10 16:00,2021-08-14 16:00,96,96,FALSE,Bronx,4.57,2.529,4.575,2.202,0.845,0.845,97,96,ok
SW2942,Extreme Heat Event,Extreme Heat,Extreme Heat,"Queens, Staten Island, Brooklyn, Bronx, Manhattan",2021-08-10 12:00,2021-08-14 12:00,EDT,2021-08-10 16:00,2021-08-14 16:00,96,96,FALSE,Staten Island,5.055,2.864,5.055,3.192,0.78,0.78,97,96,ok
SW2942,Extreme Heat Event,Extreme Heat,Extreme Heat,"Queens, Staten Island, Brooklyn, Bronx, Manhattan",2021-08-10 12:00,2021-08-14 12:00,EDT,2021-08-10 16:00,2021-08-14 16:00,96,96,FALSE,ALL NYC,5.143,3.021,5.174,2.14,0.443,0.611,97,96,ok
SW2943,Flash Flood Event,Tidal Flooding,Flash Flooding,"Manhattan, Bronx, Brooklyn, Staten Island, Queens",2021-09-23 00:00,2021-09-25 23:59,EDT,2021-09-23 04:00,2021-09-26 04:00,71.9833,72,FALSE,Brooklyn,8.425,3.354,8.432,31.491,2.738,2.879,73,72,ok
SW2943,Flash Flood Event,Tidal Flooding,Flash Flooding,"Manhattan, Bronx, Brooklyn, Staten Island, Queens",2021-09-23 00:00,2021-09-25 23:59,EDT,2021-09-23 04:00,2021-09-26 04:00,71.9833,72,FALSE,Queens,8.277,3.432,8.305,28.781,3.845,3.846,73,72,ok
SW2943,Flash Flood Event,Tidal Flooding,Flash Flooding,"Manhattan, Bronx, Brooklyn, Staten Island, Queens",2021-09-23 00:00,2021-09-25 23:59,EDT,2021-09-23 04:00,2021-09-26 04:00,71.9833,72,FALSE,Manhattan,6.987,2.731,6.991,34.838,3.134,3.249,73,72,ok
SW2943,Flash Flood Event,Tidal Flooding,Flash Flooding,"Manhattan, Bronx, Brooklyn, Staten Island, Queens",2021-09-23 00:00,2021-09-25 23:59,EDT,2021-09-23 04:00,2021-09-26 04:00,71.9833,72,FALSE,Bronx,6.67,2.665,6.673,33.408,3.913,3.913,73,72,ok
SW2943,Flash Flood Event,Tidal Flooding,Flash Flooding,"Manhattan, Bronx, Brooklyn, Staten Island, Queens",2021-09-23 00:00,2021-09-25 23:59,EDT,2021-09-23 04:00,2021-09-26 04:00,71.9833,72,FALSE,Staten Island,7.733,2.919,7.747,35.068,2.962,2.962,73,72,ok
SW2943,Flash Flood Event,Tidal Flooding,Flash Flooding,"Manhattan, Bronx, Brooklyn, Staten Island, Queens",2021-09-23 00:00,2021-09-25 23:59,EDT,2021-09-23 04:00,2021-09-26 04:00,71.9833,72,FALSE,ALL NYC,7.822,3.153,7.894,31.727,3.075,3.42,73,72,ok
SW2944,Flash Flood Event,Tidal Flooding,Flash Flooding,"Queens, Staten Island, Brooklyn, Bronx, Manhattan",2021-10-25 17:17,2021-10-27 17:17,EDT,2021-10-25 21:00,2021-10-27 22:00,48,49,FALSE,Brooklyn,8.428,5.481,8.563,110.26,9.36,9.36,50,49,ok
SW2944,Flash Flood Event,Tidal Flooding,Flash Flooding,"Queens, Staten Island, Brooklyn, Bronx, Manhattan",2021-10-25 17:17,2021-10-27 17:17,EDT,2021-10-25 21:00,2021-10-27 22:00,48,49,FALSE,Queens,8.708,5.592,8.711,96.801,7.328,7.391,50,49,ok
SW2944,Flash Flood Event,Tidal Flooding,Flash Flooding,"Queens, Staten Island, Brooklyn, Bronx, Manhattan",2021-10-25 17:17,2021-10-27 17:17,EDT,2021-10-25 21:00,2021-10-27 22:00,48,49,FALSE,Manhattan,7.191,4.421,7.191,102.872,8.398,8.48,50,49,ok
SW2944,Flash Flood Event,Tidal Flooding,Flash Flooding,"Queens, Staten Island, Brooklyn, Bronx, Manhattan",2021-10-25 17:17,2021-10-27 17:17,EDT,2021-10-25 21:00,2021-10-27 22:00,48,49,FALSE,Bronx,7.155,4.362,7.155,94.686,7.436,7.531,50,49,ok
SW2944,Flash Flood Event,Tidal Flooding,Flash Flooding,"Queens, Staten Island, Brooklyn, Bronx, Manhattan",2021-10-25 17:17,2021-10-27 17:17,EDT,2021-10-25 21:00,2021-10-27 22:00,48,49,FALSE,Staten Island,7.59,4.763,7.663,127.581,11.906,11.907,50,49,ok
SW2944,Flash Flood Event,Tidal Flooding,Flash Flooding,"Queens, Staten Island, Brooklyn, Bronx, Manhattan",2021-10-25 17:17,2021-10-27 17:17,EDT,2021-10-25 21:00,2021-10-27 22:00,48,49,FALSE,ALL NYC,8.05,5.143,8.137,105.845,8.621,8.792,50,49,ok
SW2945,Winter Weather,Winter Weather,Extreme Cold,"Manhattan, Bronx, Brooklyn, Staten Island, Queens",2022-01-06 00:00,2022-01-07 23:59,EST,2022-01-06 05:00,2022-01-08 05:00,47.9833,48,FALSE,Brooklyn,6.839,4.16,6.845,7.566,1.616,1.616,49,48,ok
SW2945,Winter Weather,Winter Weather,Extreme Cold,"Manhattan, Bronx, Brooklyn, Staten Island, Queens",2022-01-06 00:00,2022-01-07 23:59,EST,2022-01-06 05:00,2022-01-08 05:00,47.9833,48,FALSE,Queens,6.85,4.164,6.863,7.738,1.574,1.574,49,48,ok
SW2945,Winter Weather,Winter Weather,Extreme Cold,"Manhattan, Bronx, Brooklyn, Staten Island, Queens",2022-01-06 00:00,2022-01-07 23:59,EST,2022-01-06 05:00,2022-01-08 05:00,47.9833,48,FALSE,Manhattan,5.762,3.27,5.762,7.034,1.526,1.526,49,48,ok
SW2945,Winter Weather,Winter Weather,Extreme Cold,"Manhattan, Bronx, Brooklyn, Staten Island, Queens",2022-01-06 00:00,2022-01-07 23:59,EST,2022-01-06 05:00,2022-01-08 05:00,47.9833,48,FALSE,Bronx,5.537,3.122,5.554,7.051,1.491,1.491,49,48,ok
SW2945,Winter Weather,Winter Weather,Extreme Cold,"Manhattan, Bronx, Brooklyn, Staten Island, Queens",2022-01-06 00:00,2022-01-07 23:59,EST,2022-01-06 05:00,2022-01-08 05:00,47.9833,48,FALSE,Staten Island,6.314,3.713,6.314,7.195,1.632,1.632,49,48,ok
SW2945,Winter Weather,Winter Weather,Extreme Cold,"Manhattan, Bronx, Brooklyn, Staten Island, Queens",2022-01-06 00:00,2022-01-07 23:59,EST,2022-01-06 05:00,2022-01-08 05:00,47.9833,48,FALSE,ALL NYC,6.438,3.86,6.484,7.443,1.579,1.579,49,48,ok
SW2946,Bronx Five Alarm Fire,"Manmade, Other",Fire,Bronx,2022-01-09 00:00,2022-01-09 23:59,EST,2022-01-09 05:00,2022-01-10 05:00,23.9833,24,FALSE,Brooklyn,6.126,4.881,6.126,5.115,0.828,0.828,25,24,ok
SW2946,Bronx Five Alarm Fire,"Manmade, Other",Fire,Bronx,2022-01-09 00:00,2022-01-09 23:59,EST,2022-01-09 05:00,2022-01-10 05:00,23.9833,24,FALSE,Queens,6.251,4.894,6.251,4.984,0.831,0.831,25,24,ok
SW2946,Bronx Five Alarm Fire,"Manmade, Other",Fire,Bronx,2022-01-09 00:00,2022-01-09 23:59,EST,2022-01-09 05:00,2022-01-10 05:00,23.9833,24,FALSE,Manhattan,4.868,3.844,4.868,5.149,0.82,0.82,25,24,ok
SW2946,Bronx Five Alarm Fire,"Manmade, Other",Fire,Bronx,2022-01-09 00:00,2022-01-09 23:59,EST,2022-01-09 05:00,2022-01-10 05:00,23.9833,24,FALSE,Bronx,4.717,3.677,4.717,5.037,0.817,0.817,25,24,ok
SW2946,Bronx Five Alarm Fire,"Manmade, Other",Fire,Bronx,2022-01-09 00:00,2022-01-09 23:59,EST,2022-01-09 05:00,2022-01-10 05:00,23.9833,24,FALSE,Staten Island,5.297,4.349,5.331,5.399,0.833,0.833,25,24,ok
SW2946,Bronx Five Alarm Fire,"Manmade, Other",Fire,Bronx,2022-01-09 00:00,2022-01-09 23:59,EST,2022-01-09 05:00,2022-01-10 05:00,23.9833,24,FALSE,ALL NYC,5.707,4.533,5.723,5.113,0.828,0.828,25,24,ok
SW2947,Winter Weather,Winter Weather,Extreme Cold,"Bronx, Brooklyn, Manhattan, Queens, Staten Island",2022-01-28 00:00,2022-01-30 23:59,EST,2022-01-28 05:00,2022-01-31 05:00,71.9833,72,FALSE,Brooklyn,8.461,4.433,8.461,22.536,1.841,1.841,73,72,ok
SW2947,Winter Weather,Winter Weather,Extreme Cold,"Bronx, Brooklyn, Manhattan, Queens, Staten Island",2022-01-28 00:00,2022-01-30 23:59,EST,2022-01-28 05:00,2022-01-31 05:00,71.9833,72,FALSE,Queens,8.617,4.515,8.617,23.032,1.844,1.851,73,72,ok
SW2947,Winter Weather,Winter Weather,Extreme Cold,"Bronx, Brooklyn, Manhattan, Queens, Staten Island",2022-01-28 00:00,2022-01-30 23:59,EST,2022-01-28 05:00,2022-01-31 05:00,71.9833,72,FALSE,Manhattan,6.359,3.468,6.39,20.428,1.693,1.693,73,72,ok
SW2947,Winter Weather,Winter Weather,Extreme Cold,"Bronx, Brooklyn, Manhattan, Queens, Staten Island",2022-01-28 00:00,2022-01-30 23:59,EST,2022-01-28 05:00,2022-01-31 05:00,71.9833,72,FALSE,Bronx,6.139,3.344,6.154,20.404,1.675,1.675,73,72,ok
SW2947,Winter Weather,Winter Weather,Extreme Cold,"Bronx, Brooklyn, Manhattan, Queens, Staten Island",2022-01-28 00:00,2022-01-30 23:59,EST,2022-01-28 05:00,2022-01-31 05:00,71.9833,72,FALSE,Staten Island,7.009,3.805,7.039,21.109,1.775,1.775,73,72,ok
SW2947,Winter Weather,Winter Weather,Extreme Cold,"Bronx, Brooklyn, Manhattan, Queens, Staten Island",2022-01-28 00:00,2022-01-30 23:59,EST,2022-01-28 05:00,2022-01-31 05:00,71.9833,72,FALSE,ALL NYC,7.733,4.114,7.759,21.978,1.794,1.797,73,72,ok
SW2948,Winter Weather,Winter Weather,Extreme Cold,"Staten Island, Queens, Manhattan, Brooklyn, Bronx",2022-02-04 00:00,2022-02-04 23:59,EST,2022-02-04 05:00,2022-02-05 05:00,23.9833,24,FALSE,Brooklyn,7.452,5.02,7.452,18.601,1.96,2.01,25,24,ok
SW2948,Winter Weather,Winter Weather,Extreme Cold,"Staten Island, Queens, Manhattan, Brooklyn, Bronx",2022-02-04 00:00,2022-02-04 23:59,EST,2022-02-04 05:00,2022-02-05 05:00,23.9833,24,FALSE,Queens,7.618,5.099,7.618,20.368,2.206,2.212,25,24,ok
SW2948,Winter Weather,Winter Weather,Extreme Cold,"Staten Island, Queens, Manhattan, Brooklyn, Bronx",2022-02-04 00:00,2022-02-04 23:59,EST,2022-02-04 05:00,2022-02-05 05:00,23.9833,24,FALSE,Manhattan,6.062,4.015,6.062,20.983,2.388,2.42,25,24,ok
SW2948,Winter Weather,Winter Weather,Extreme Cold,"Staten Island, Queens, Manhattan, Brooklyn, Bronx",2022-02-04 00:00,2022-02-04 23:59,EST,2022-02-04 05:00,2022-02-05 05:00,23.9833,24,FALSE,Bronx,5.875,3.884,5.875,22.323,2.692,2.692,25,24,ok
SW2948,Winter Weather,Winter Weather,Extreme Cold,"Staten Island, Queens, Manhattan, Brooklyn, Bronx",2022-02-04 00:00,2022-02-04 23:59,EST,2022-02-04 05:00,2022-02-05 05:00,23.9833,24,FALSE,Staten Island,6.482,4.37,6.493,18.352,2.587,2.587,25,24,ok
SW2948,Winter Weather,Winter Weather,Extreme Cold,"Staten Island, Queens, Manhattan, Brooklyn, Bronx",2022-02-04 00:00,2022-02-04 23:59,EST,2022-02-04 05:00,2022-02-05 05:00,23.9833,24,FALSE,ALL NYC,6.996,4.686,6.999,19.911,2.044,2.319,25,24,ok
SW2950,Flash Flood,Tidal Flooding,Flash Flooding,"Queens, Staten Island, Bronx, Brooklyn, Manhattan",2022-06-02 07:00,2022-06-03 09:00,EDT,2022-06-02 11:00,2022-06-03 13:00,26,26,FALSE,Brooklyn,2.233,1.494,2.239,5.53,2.131,2.131,27,26,ok
SW2950,Flash Flood,Tidal Flooding,Flash Flooding,"Queens, Staten Island, Bronx, Brooklyn, Manhattan",2022-06-02 07:00,2022-06-03 09:00,EDT,2022-06-02 11:00,2022-06-03 13:00,26,26,FALSE,Queens,2.35,1.611,2.374,7.273,2.723,2.723,27,26,ok
SW2950,Flash Flood,Tidal Flooding,Flash Flooding,"Queens, Staten Island, Bronx, Brooklyn, Manhattan",2022-06-02 07:00,2022-06-03 09:00,EDT,2022-06-02 11:00,2022-06-03 13:00,26,26,FALSE,Manhattan,2.072,1.191,2.072,9.887,3.555,3.555,27,26,ok
SW2950,Flash Flood,Tidal Flooding,Flash Flooding,"Queens, Staten Island, Bronx, Brooklyn, Manhattan",2022-06-02 07:00,2022-06-03 09:00,EDT,2022-06-02 11:00,2022-06-03 13:00,26,26,FALSE,Bronx,2.145,1.203,2.145,11.226,4.027,4.027,27,26,ok
SW2950,Flash Flood,Tidal Flooding,Flash Flooding,"Queens, Staten Island, Bronx, Brooklyn, Manhattan",2022-06-02 07:00,2022-06-03 09:00,EDT,2022-06-02 11:00,2022-06-03 13:00,26,26,FALSE,Staten Island,1.906,1.279,1.907,5.239,1.932,1.933,27,26,ok
SW2950,Flash Flood,Tidal Flooding,Flash Flooding,"Queens, Staten Island, Bronx, Brooklyn, Manhattan",2022-06-02 07:00,2022-06-03 09:00,EDT,2022-06-02 11:00,2022-06-03 13:00,26,26,FALSE,ALL NYC,2.188,1.431,2.199,7.264,2.691,2.691,27,26,ok
SW2951,Heat Emergency,Extreme Heat,Extreme Heat,"Manhattan, Brooklyn, Bronx, Staten Island, Queens",2022-07-18 19:00,2022-07-25 20:00,EDT,2022-07-18 23:00,2022-07-26 00:00,169,169,FALSE,Brooklyn,7.209,3.9,7.209,11.113,2.894,2.901,170,169,ok
SW2951,Heat Emergency,Extreme Heat,Extreme Heat,"Manhattan, Brooklyn, Bronx, Staten Island, Queens",2022-07-18 19:00,2022-07-25 20:00,EDT,2022-07-18 23:00,2022-07-26 00:00,169,169,FALSE,Queens,7.458,3.959,7.458,9.265,2.802,2.976,170,169,ok
SW2951,Heat Emergency,Extreme Heat,Extreme Heat,"Manhattan, Brooklyn, Bronx, Staten Island, Queens",2022-07-18 19:00,2022-07-25 20:00,EDT,2022-07-18 23:00,2022-07-26 00:00,169,169,FALSE,Manhattan,6.467,3.198,6.467,12.575,3.353,3.353,170,169,ok
SW2951,Heat Emergency,Extreme Heat,Extreme Heat,"Manhattan, Brooklyn, Bronx, Staten Island, Queens",2022-07-18 19:00,2022-07-25 20:00,EDT,2022-07-18 23:00,2022-07-26 00:00,169,169,FALSE,Bronx,6.415,3.108,6.415,11.586,3.667,3.667,170,169,ok
SW2951,Heat Emergency,Extreme Heat,Extreme Heat,"Manhattan, Brooklyn, Bronx, Staten Island, Queens",2022-07-18 19:00,2022-07-25 20:00,EDT,2022-07-18 23:00,2022-07-26 00:00,169,169,FALSE,Staten Island,6.729,3.468,6.729,13.7,3.748,3.748,170,169,ok
SW2951,Heat Emergency,Extreme Heat,Extreme Heat,"Manhattan, Brooklyn, Bronx, Staten Island, Queens",2022-07-18 19:00,2022-07-25 20:00,EDT,2022-07-18 23:00,2022-07-26 00:00,169,169,FALSE,ALL NYC,6.994,3.672,7.039,11.116,2.597,3.228,170,169,ok
SW2952,Flash Flood Emergency,Tidal Flooding,"Flash Flooding, Air Quality","Bronx, Manhattan",2022-07-23 12:00,2022-07-26 07:00,EDT,2022-07-23 16:00,2022-07-26 11:00,67,67,FALSE,Brooklyn,7.209,4.423,7.209,4.017,1.807,2.232,68,67,ok
SW2952,Flash Flood Emergency,Tidal Flooding,"Flash Flooding, Air Quality","Bronx, Manhattan",2022-07-23 12:00,2022-07-26 07:00,EDT,2022-07-23 16:00,2022-07-26 11:00,67,67,FALSE,Queens,7.458,4.503,7.458,3.692,1.974,2.167,68,67,ok
SW2952,Flash Flood Emergency,Tidal Flooding,"Flash Flooding, Air Quality","Bronx, Manhattan",2022-07-23 12:00,2022-07-26 07:00,EDT,2022-07-23 16:00,2022-07-26 11:00,67,67,FALSE,Manhattan,6.467,3.637,6.467,4.292,3.353,3.353,68,67,ok
SW2952,Flash Flood Emergency,Tidal Flooding,"Flash Flooding, Air Quality","Bronx, Manhattan",2022-07-23 12:00,2022-07-26 07:00,EDT,2022-07-23 16:00,2022-07-26 11:00,67,67,FALSE,Bronx,6.415,3.543,6.415,4.179,3.667,3.667,68,67,ok
SW2952,Flash Flood Emergency,Tidal Flooding,"Flash Flooding, Air Quality","Bronx, Manhattan",2022-07-23 12:00,2022-07-26 07:00,EDT,2022-07-23 16:00,2022-07-26 11:00,67,67,FALSE,Staten Island,6.729,3.912,6.729,4.321,2.32,2.32,68,67,ok
SW2952,Flash Flood Emergency,Tidal Flooding,"Flash Flooding, Air Quality","Bronx, Manhattan",2022-07-23 12:00,2022-07-26 07:00,EDT,2022-07-23 16:00,2022-07-26 11:00,67,67,FALSE,ALL NYC,6.994,4.169,7.039,4.001,2.347,2.514,68,67,ok
SW2953,Heat Emergency,Extreme Heat,Extreme Heat,"Manhattan, Bronx, Brooklyn, Queens, Staten Island",2022-08-04 09:00,2022-08-09 18:00,EDT,2022-08-04 13:00,2022-08-09 22:00,129,129,FALSE,Brooklyn,6.306,3.843,6.33,4.022,1.3,1.317,130,129,ok
SW2953,Heat Emergency,Extreme Heat,Extreme Heat,"Manhattan, Bronx, Brooklyn, Queens, Staten Island",2022-08-04 09:00,2022-08-09 18:00,EDT,2022-08-04 13:00,2022-08-09 22:00,129,129,FALSE,Queens,6.389,3.919,6.445,3.408,0.964,1.071,130,129,ok
SW2953,Heat Emergency,Extreme Heat,Extreme Heat,"Manhattan, Bronx, Brooklyn, Queens, Staten Island",2022-08-04 09:00,2022-08-09 18:00,EDT,2022-08-04 13:00,2022-08-09 22:00,129,129,FALSE,Manhattan,5.365,3.154,5.365,4.625,1.958,1.958,130,129,ok
SW2953,Heat Emergency,Extreme Heat,Extreme Heat,"Manhattan, Bronx, Brooklyn, Queens, Staten Island",2022-08-04 09:00,2022-08-09 18:00,EDT,2022-08-04 13:00,2022-08-09 22:00,129,129,FALSE,Bronx,5.243,3.067,5.249,4.352,2.034,2.034,130,129,ok
SW2953,Heat Emergency,Extreme Heat,Extreme Heat,"Manhattan, Bronx, Brooklyn, Queens, Staten Island",2022-08-04 09:00,2022-08-09 18:00,EDT,2022-08-04 13:00,2022-08-09 22:00,129,129,FALSE,Staten Island,5.628,3.407,5.633,4.82,1.724,1.724,130,129,ok
SW2953,Heat Emergency,Extreme Heat,Extreme Heat,"Manhattan, Bronx, Brooklyn, Queens, Staten Island",2022-08-04 09:00,2022-08-09 18:00,EDT,2022-08-04 13:00,2022-08-09 22:00,129,129,FALSE,ALL NYC,5.916,3.624,6.011,4.045,1.163,1.455,130,129,ok
SW2954,Flash Flooding Emergency,Extreme Heat,Extreme Heat,"Staten Island, Queens, Brooklyn, Bronx, Manhattan",2022-08-05 08:00,2022-08-06 12:00,EDT,2022-08-05 12:00,2022-08-06 16:00,28,28,FALSE,Brooklyn,3.802,2.626,3.931,0.431,0.13,0.147,29,28,ok
SW2954,Flash Flooding Emergency,Extreme Heat,Extreme Heat,"Staten Island, Queens, Brooklyn, Bronx, Manhattan",2022-08-05 08:00,2022-08-06 12:00,EDT,2022-08-05 12:00,2022-08-06 16:00,28,28,FALSE,Queens,4.012,2.653,4.015,0.47,0.288,0.288,29,28,ok
SW2954,Flash Flooding Emergency,Extreme Heat,Extreme Heat,"Staten Island, Queens, Brooklyn, Bronx, Manhattan",2022-08-05 08:00,2022-08-06 12:00,EDT,2022-08-05 12:00,2022-08-06 16:00,28,28,FALSE,Manhattan,3.409,2.059,3.409,0.639,0.344,0.344,29,28,ok
SW2954,Flash Flooding Emergency,Extreme Heat,Extreme Heat,"Staten Island, Queens, Brooklyn, Bronx, Manhattan",2022-08-05 08:00,2022-08-06 12:00,EDT,2022-08-05 12:00,2022-08-06 16:00,28,28,FALSE,Bronx,3.447,1.97,3.447,0.851,0.486,0.486,29,28,ok
SW2954,Flash Flooding Emergency,Extreme Heat,Extreme Heat,"Staten Island, Queens, Brooklyn, Bronx, Manhattan",2022-08-05 08:00,2022-08-06 12:00,EDT,2022-08-05 12:00,2022-08-06 16:00,28,28,FALSE,Staten Island,3.342,2.335,3.348,0.537,0.135,0.135,29,28,ok
SW2954,Flash Flooding Emergency,Extreme Heat,Extreme Heat,"Staten Island, Queens, Brooklyn, Bronx, Manhattan",2022-08-05 08:00,2022-08-06 12:00,EDT,2022-08-05 12:00,2022-08-06 16:00,28,28,FALSE,ALL NYC,3.697,2.443,3.741,0.538,0.245,0.259,29,28,ok
SW2955,Flash Flood Emergency,Tidal Flooding,Flash Flooding,"Manhattan, Bronx, Brooklyn, Queens, Staten Island",2022-08-09 09:00,2022-08-11 09:00,EDT,2022-08-09 13:00,2022-08-11 13:00,48,48,FALSE,Brooklyn,5.017,2.906,5.017,1.791,0.608,0.608,49,48,ok
SW2955,Flash Flood Emergency,Tidal Flooding,Flash Flooding,"Manhattan, Bronx, Brooklyn, Queens, Staten Island",2022-08-09 09:00,2022-08-11 09:00,EDT,2022-08-09 13:00,2022-08-11 13:00,48,48,FALSE,Queens,4.753,2.914,4.837,1.533,0.69,0.694,49,48,ok
SW2955,Flash Flood Emergency,Tidal Flooding,Flash Flooding,"Manhattan, Bronx, Brooklyn, Queens, Staten Island",2022-08-09 09:00,2022-08-11 09:00,EDT,2022-08-09 13:00,2022-08-11 13:00,48,48,FALSE,Manhattan,4.735,2.529,4.735,1.109,0.15,0.24,49,48,ok
SW2955,Flash Flood Emergency,Tidal Flooding,Flash Flooding,"Manhattan, Bronx, Brooklyn, Queens, Staten Island",2022-08-09 09:00,2022-08-11 09:00,EDT,2022-08-09 13:00,2022-08-11 13:00,48,48,FALSE,Bronx,4.538,2.465,4.541,0.915,0.141,0.202,49,48,ok
SW2955,Flash Flood Emergency,Tidal Flooding,Flash Flooding,"Manhattan, Bronx, Brooklyn, Queens, Staten Island",2022-08-09 09:00,2022-08-11 09:00,EDT,2022-08-09 13:00,2022-08-11 13:00,48,48,FALSE,Staten Island,5.119,2.679,5.119,1.656,0.385,0.386,49,48,ok
SW2955,Flash Flood Emergency,Tidal Flooding,Flash Flooding,"Manhattan, Bronx, Brooklyn, Queens, Staten Island",2022-08-09 09:00,2022-08-11 09:00,EDT,2022-08-09 13:00,2022-08-11 13:00,48,48,FALSE,ALL NYC,4.851,2.774,4.882,1.493,0.435,0.511,49,48,ok
SW2956,Flash Flooding Emergency,Tidal Flooding,Flash Flooding,"Staten Island, Queens, Brooklyn, Bronx, Manhattan",2022-08-21 11:00,2022-08-23 15:15,EDT,2022-08-21 15:00,2022-08-23 20:00,52.25,53,FALSE,Brooklyn,4.718,2.244,4.718,18.277,3.048,3.048,54,53,ok
SW2956,Flash Flooding Emergency,Tidal Flooding,Flash Flooding,"Staten Island, Queens, Brooklyn, Bronx, Manhattan",2022-08-21 11:00,2022-08-23 15:15,EDT,2022-08-21 15:00,2022-08-23 20:00,52.25,53,FALSE,Queens,4.625,2.295,4.642,20.269,2.395,2.758,54,53,ok
SW2956,Flash Flooding Emergency,Tidal Flooding,Flash Flooding,"Staten Island, Queens, Brooklyn, Bronx, Manhattan",2022-08-21 11:00,2022-08-23 15:15,EDT,2022-08-21 15:00,2022-08-23 20:00,52.25,53,FALSE,Manhattan,3.971,1.838,3.971,22.043,2.435,2.791,54,53,ok
SW2956,Flash Flooding Emergency,Tidal Flooding,Flash Flooding,"Staten Island, Queens, Brooklyn, Bronx, Manhattan",2022-08-21 11:00,2022-08-23 15:15,EDT,2022-08-21 15:00,2022-08-23 20:00,52.25,53,FALSE,Bronx,3.802,1.792,3.802,23.571,3.426,3.426,54,53,ok
SW2956,Flash Flooding Emergency,Tidal Flooding,Flash Flooding,"Staten Island, Queens, Brooklyn, Bronx, Manhattan",2022-08-21 11:00,2022-08-23 15:15,EDT,2022-08-21 15:00,2022-08-23 20:00,52.25,53,FALSE,Staten Island,4.317,1.987,4.318,17.327,3.302,3.302,54,53,ok
SW2956,Flash Flooding Emergency,Tidal Flooding,Flash Flooding,"Staten Island, Queens, Brooklyn, Bronx, Manhattan",2022-08-21 11:00,2022-08-23 15:15,EDT,2022-08-21 15:00,2022-08-23 20:00,52.25,53,FALSE,ALL NYC,4.42,2.118,4.426,19.871,2.645,3.008,54,53,ok
SW2957,Flash Flood Emergency,Tidal Flooding,Flash Flooding,"Manhattan, Bronx, Brooklyn, Queens, Staten Island",2022-09-04 16:00,2022-09-07 07:00,EDT,2022-09-04 20:00,2022-09-07 11:00,63,63,FALSE,Brooklyn,5.327,2.741,5.329,19.972,2.014,2.186,64,63,ok
SW2957,Flash Flood Emergency,Tidal Flooding,Flash Flooding,"Manhattan, Bronx, Brooklyn, Queens, Staten Island",2022-09-04 16:00,2022-09-07 07:00,EDT,2022-09-04 20:00,2022-09-07 11:00,63,63,FALSE,Queens,5.466,2.828,5.578,27.155,3.287,3.296,64,63,ok
SW2957,Flash Flood Emergency,Tidal Flooding,Flash Flooding,"Manhattan, Bronx, Brooklyn, Queens, Staten Island",2022-09-04 16:00,2022-09-07 07:00,EDT,2022-09-04 20:00,2022-09-07 11:00,63,63,FALSE,Manhattan,4.107,2.096,4.23,31.172,3.543,3.543,64,63,ok
SW2957,Flash Flood Emergency,Tidal Flooding,Flash Flooding,"Manhattan, Bronx, Brooklyn, Queens, Staten Island",2022-09-04 16:00,2022-09-07 07:00,EDT,2022-09-04 20:00,2022-09-07 11:00,63,63,FALSE,Bronx,4.512,2.029,4.512,36.769,4.68,4.68,64,63,ok
SW2957,Flash Flood Emergency,Tidal Flooding,Flash Flooding,"Manhattan, Bronx, Brooklyn, Queens, Staten Island",2022-09-04 16:00,2022-09-07 07:00,EDT,2022-09-04 20:00,2022-09-07 11:00,63,63,FALSE,Staten Island,4.531,2.359,4.532,15.819,2.197,2.197,64,63,ok
SW2957,Flash Flood Emergency,Tidal Flooding,Flash Flooding,"Manhattan, Bronx, Brooklyn, Queens, Staten Island",2022-09-04 16:00,2022-09-07 07:00,EDT,2022-09-04 20:00,2022-09-07 11:00,63,63,FALSE,ALL NYC,4.929,2.549,5.06,25.062,2.726,3.046,64,63,ok
SW2958,Flash Flood Emergency,Tidal Flooding,Flash Flooding,"Staten Island, Queens, Brooklyn, Bronx, Manhattan",2022-09-13 04:00,2022-09-14 06:00,EDT,2022-09-13 08:00,2022-09-14 10:00,26,26,FALSE,Brooklyn,4.328,2.751,4.328,16.218,3.812,3.812,27,26,ok
SW2958,Flash Flood Emergency,Tidal Flooding,Flash Flooding,"Staten Island, Queens, Brooklyn, Bronx, Manhattan",2022-09-13 04:00,2022-09-14 06:00,EDT,2022-09-13 08:00,2022-09-14 10:00,26,26,FALSE,Queens,4.298,2.795,4.321,16.758,3.248,3.39,27,26,ok
SW2958,Flash Flood Emergency,Tidal Flooding,Flash Flooding,"Staten Island, Queens, Brooklyn, Bronx, Manhattan",2022-09-13 04:00,2022-09-14 06:00,EDT,2022-09-13 08:00,2022-09-14 10:00,26,26,FALSE,Manhattan,3.489,2.217,3.489,12.999,1.89,2.251,27,26,ok
SW2958,Flash Flood Emergency,Tidal Flooding,Flash Flooding,"Staten Island, Queens, Brooklyn, Bronx, Manhattan",2022-09-13 04:00,2022-09-14 06:00,EDT,2022-09-13 08:00,2022-09-14 10:00,26,26,FALSE,Bronx,3.328,2.147,3.328,13.284,2.537,2.537,27,26,ok
SW2958,Flash Flood Emergency,Tidal Flooding,Flash Flooding,"Staten Island, Queens, Brooklyn, Bronx, Manhattan",2022-09-13 04:00,2022-09-14 06:00,EDT,2022-09-13 08:00,2022-09-14 10:00,26,26,FALSE,Staten Island,3.887,2.492,3.887,12.952,4.1,4.1,27,26,ok
SW2958,Flash Flood Emergency,Tidal Flooding,Flash Flooding,"Staten Island, Queens, Brooklyn, Bronx, Manhattan",2022-09-13 04:00,2022-09-14 06:00,EDT,2022-09-13 08:00,2022-09-14 10:00,26,26,FALSE,ALL NYC,4.026,2.59,4.035,15.119,2.851,3.395,27,26,ok
SW2959,Flash Flood Emergency,Tidal Flooding,"Flash Flooding, Air Quality","Manhattan, Bronx, Brooklyn, Queens, Staten Island",2022-09-29 17:00,2022-10-03 10:00,EDT,2022-09-29 21:00,2022-10-03 14:00,89,89,FALSE,Brooklyn,7.839,5.332,7.839,52.336,5.717,5.718,90,89,ok
SW2959,Flash Flood Emergency,Tidal Flooding,"Flash Flooding, Air Quality","Manhattan, Bronx, Brooklyn, Queens, Staten Island",2022-09-29 17:00,2022-10-03 10:00,EDT,2022-09-29 21:00,2022-10-03 14:00,89,89,FALSE,Queens,7.872,5.369,7.88,48.321,6.197,6.276,90,89,ok
SW2959,Flash Flood Emergency,Tidal Flooding,"Flash Flooding, Air Quality","Manhattan, Bronx, Brooklyn, Queens, Staten Island",2022-09-29 17:00,2022-10-03 10:00,EDT,2022-09-29 21:00,2022-10-03 14:00,89,89,FALSE,Manhattan,6.244,4.104,6.244,38.066,4.585,4.666,90,89,ok
SW2959,Flash Flood Emergency,Tidal Flooding,"Flash Flooding, Air Quality","Manhattan, Bronx, Brooklyn, Queens, Staten Island",2022-09-29 17:00,2022-10-03 10:00,EDT,2022-09-29 21:00,2022-10-03 14:00,89,89,FALSE,Bronx,5.981,3.919,5.981,34.356,4.849,4.849,90,89,ok
SW2959,Flash Flood Emergency,Tidal Flooding,"Flash Flooding, Air Quality","Manhattan, Bronx, Brooklyn, Queens, Staten Island",2022-09-29 17:00,2022-10-03 10:00,EDT,2022-09-29 21:00,2022-10-03 14:00,89,89,FALSE,Staten Island,6.937,4.675,6.937,50.99,5.603,5.603,90,89,ok
SW2959,Flash Flood Emergency,Tidal Flooding,"Flash Flooding, Air Quality","Manhattan, Bronx, Brooklyn, Queens, Staten Island",2022-09-29 17:00,2022-10-03 10:00,EDT,2022-09-29 21:00,2022-10-03 14:00,89,89,FALSE,ALL NYC,7.292,4.925,7.295,46.937,5.382,5.691,90,89,ok
SW2960,Flash Flood Emergency,Tidal Flooding,Flash Flooding,"Staten Island, Queens, Brooklyn, Bronx, Manhattan",2022-10-12 16:00,2022-10-14 09:00,EDT,2022-10-12 20:00,2022-10-14 13:00,41,41,FALSE,Brooklyn,6.259,4.479,6.259,15.786,2.305,2.305,42,41,ok
SW2960,Flash Flood Emergency,Tidal Flooding,Flash Flooding,"Staten Island, Queens, Brooklyn, Bronx, Manhattan",2022-10-12 16:00,2022-10-14 09:00,EDT,2022-10-12 20:00,2022-10-14 13:00,41,41,FALSE,Queens,6.346,4.658,6.358,17.764,3.092,3.092,42,41,ok
SW2960,Flash Flood Emergency,Tidal Flooding,Flash Flooding,"Staten Island, Queens, Brooklyn, Bronx, Manhattan",2022-10-12 16:00,2022-10-14 09:00,EDT,2022-10-12 20:00,2022-10-14 13:00,41,41,FALSE,Manhattan,5.128,3.561,5.128,18.13,2.162,2.37,42,41,ok
SW2960,Flash Flood Emergency,Tidal Flooding,Flash Flooding,"Staten Island, Queens, Brooklyn, Bronx, Manhattan",2022-10-12 16:00,2022-10-14 09:00,EDT,2022-10-12 20:00,2022-10-14 13:00,41,41,FALSE,Bronx,4.983,3.503,4.983,19.652,2.679,2.679,42,41,ok
SW2960,Flash Flood Emergency,Tidal Flooding,Flash Flooding,"Staten Island, Queens, Brooklyn, Bronx, Manhattan",2022-10-12 16:00,2022-10-14 09:00,EDT,2022-10-12 20:00,2022-10-14 13:00,41,41,FALSE,Staten Island,5.339,3.762,5.339,15.121,1.985,2.051,42,41,ok
SW2960,Flash Flood Emergency,Tidal Flooding,Flash Flooding,"Staten Island, Queens, Brooklyn, Bronx, Manhattan",2022-10-12 16:00,2022-10-14 09:00,EDT,2022-10-12 20:00,2022-10-14 13:00,41,41,FALSE,ALL NYC,5.847,4.198,5.852,17.11,2.377,2.603,42,41,ok
SW2961,Flash Flood Emergency,Tidal Flooding,Flash Flooding,"Manhattan, Bronx, Brooklyn, Queens, Staten Island",2022-11-09 11:00,2022-11-12 09:00,EST,2022-11-09 16:00,2022-11-12 14:00,70,70,FALSE,Brooklyn,7.966,3.695,7.966,15.161,3.734,3.734,71,70,ok
SW2961,Flash Flood Emergency,Tidal Flooding,Flash Flooding,"Manhattan, Bronx, Brooklyn, Queens, Staten Island",2022-11-09 11:00,2022-11-12 09:00,EST,2022-11-09 16:00,2022-11-12 14:00,70,70,FALSE,Queens,8.218,3.801,8.218,16.914,3.894,3.894,71,70,ok
SW2961,Flash Flood Emergency,Tidal Flooding,Flash Flooding,"Manhattan, Bronx, Brooklyn, Queens, Staten Island",2022-11-09 11:00,2022-11-12 09:00,EST,2022-11-09 16:00,2022-11-12 14:00,70,70,FALSE,Manhattan,6.404,2.984,6.404,16.787,3.943,3.943,71,70,ok
SW2961,Flash Flood Emergency,Tidal Flooding,Flash Flooding,"Manhattan, Bronx, Brooklyn, Queens, Staten Island",2022-11-09 11:00,2022-11-12 09:00,EST,2022-11-09 16:00,2022-11-12 14:00,70,70,FALSE,Bronx,6.286,2.926,6.286,18.031,4.055,4.055,71,70,ok
SW2961,Flash Flood Emergency,Tidal Flooding,Flash Flooding,"Manhattan, Bronx, Brooklyn, Queens, Staten Island",2022-11-09 11:00,2022-11-12 09:00,EST,2022-11-09 16:00,2022-11-12 14:00,70,70,FALSE,Staten Island,6.798,3.198,6.806,13.825,3.383,3.383,71,70,ok
SW2961,Flash Flood Emergency,Tidal Flooding,Flash Flooding,"Manhattan, Bronx, Brooklyn, Queens, Staten Island",2022-11-09 11:00,2022-11-12 09:00,EST,2022-11-09 16:00,2022-11-12 14:00,70,70,FALSE,ALL NYC,7.476,3.475,7.477,16.08,3.788,3.788,71,70,ok
SW2962,Flash Flood Emergency,Tidal Flooding,"Flash Flooding, Coastal Flooding, Air Quality","Staten Island, Queens, Brooklyn, Bronx, Manhattan",2022-12-20 15:00,2022-12-24 13:00,EST,2022-12-20 20:00,2022-12-24 18:00,94,94,FALSE,Brooklyn,10.481,4.853,10.481,27.858,2.795,2.795,95,94,ok
SW2962,Flash Flood Emergency,Tidal Flooding,"Flash Flooding, Coastal Flooding, Air Quality","Staten Island, Queens, Brooklyn, Bronx, Manhattan",2022-12-20 15:00,2022-12-24 13:00,EST,2022-12-20 20:00,2022-12-24 18:00,94,94,FALSE,Queens,10.497,4.926,10.557,29.329,2.619,2.74,95,94,ok
SW2962,Flash Flood Emergency,Tidal Flooding,"Flash Flooding, Coastal Flooding, Air Quality","Staten Island, Queens, Brooklyn, Bronx, Manhattan",2022-12-20 15:00,2022-12-24 13:00,EST,2022-12-20 20:00,2022-12-24 18:00,94,94,FALSE,Manhattan,8.449,3.966,8.473,30.657,2.99,3.129,95,94,ok
SW2962,Flash Flood Emergency,Tidal Flooding,"Flash Flooding, Coastal Flooding, Air Quality","Staten Island, Queens, Brooklyn, Bronx, Manhattan",2022-12-20 15:00,2022-12-24 13:00,EST,2022-12-20 20:00,2022-12-24 18:00,94,94,FALSE,Bronx,8.327,3.844,8.383,31.73,3.578,3.578,95,94,ok
SW2962,Flash Flood Emergency,Tidal Flooding,"Flash Flooding, Coastal Flooding, Air Quality","Staten Island, Queens, Brooklyn, Bronx, Manhattan",2022-12-20 15:00,2022-12-24 13:00,EST,2022-12-20 20:00,2022-12-24 18:00,94,94,FALSE,Staten Island,9.179,4.305,9.229,27.1,3.156,3.156,95,94,ok
SW2962,Flash Flood Emergency,Tidal Flooding,"Flash Flooding, Coastal Flooding, Air Quality","Staten Island, Queens, Brooklyn, Bronx, Manhattan",2022-12-20 15:00,2022-12-24 13:00,EST,2022-12-20 20:00,2022-12-24 18:00,94,94,FALSE,ALL NYC,9.749,4.563,9.813,29.022,2.709,2.973,95,94,ok
SW2963,Winter Weather Emergency,Winter Weather,Extreme Cold,"Manhattan, Bronx, Brooklyn, Queens, Staten Island",2022-12-22 18:00,2022-12-26 07:00,EST,2022-12-22 23:00,2022-12-26 12:00,85,85,FALSE,Brooklyn,10.481,6.487,10.481,21.241,2.795,2.795,86,85,ok
SW2963,Winter Weather Emergency,Winter Weather,Extreme Cold,"Manhattan, Bronx, Brooklyn, Queens, Staten Island",2022-12-22 18:00,2022-12-26 07:00,EST,2022-12-22 23:00,2022-12-26 12:00,85,85,FALSE,Queens,10.497,6.639,10.557,22.895,2.619,2.74,86,85,ok
SW2963,Winter Weather Emergency,Winter Weather,Extreme Cold,"Manhattan, Bronx, Brooklyn, Queens, Staten Island",2022-12-22 18:00,2022-12-26 07:00,EST,2022-12-22 23:00,2022-12-26 12:00,85,85,FALSE,Manhattan,8.449,5.25,8.473,24.673,2.99,3.129,86,85,ok
SW2963,Winter Weather Emergency,Winter Weather,Extreme Cold,"Manhattan, Bronx, Brooklyn, Queens, Staten Island",2022-12-22 18:00,2022-12-26 07:00,EST,2022-12-22 23:00,2022-12-26 12:00,85,85,FALSE,Bronx,8.327,5.11,8.383,25.918,3.578,3.578,86,85,ok
SW2963,Winter Weather Emergency,Winter Weather,Extreme Cold,"Manhattan, Bronx, Brooklyn, Queens, Staten Island",2022-12-22 18:00,2022-12-26 07:00,EST,2022-12-22 23:00,2022-12-26 12:00,85,85,FALSE,Staten Island,9.179,5.669,9.229,20.601,3.156,3.156,86,85,ok
SW2963,Winter Weather Emergency,Winter Weather,Extreme Cold,"Manhattan, Bronx, Brooklyn, Queens, Staten Island",2022-12-22 18:00,2022-12-26 07:00,EST,2022-12-22 23:00,2022-12-26 12:00,85,85,FALSE,ALL NYC,9.749,6.096,9.813,22.658,2.709,2.973,86,85,ok
SW2964,Winter Weather Emergency,Winter Weather,Extreme Cold,"Staten Island, Queens, Brooklyn, Bronx, Manhattan",2023-02-27 09:00,2023-02-28 10:00,EST,2023-02-27 14:00,2023-02-28 15:00,25,25,FALSE,Brooklyn,7.236,4.501,7.236,14.562,1.827,1.827,26,25,ok
SW2964,Winter Weather Emergency,Winter Weather,Extreme Cold,"Staten Island, Queens, Brooklyn, Bronx, Manhattan",2023-02-27 09:00,2023-02-28 10:00,EST,2023-02-27 14:00,2023-02-28 15:00,25,25,FALSE,Queens,7.876,4.585,7.876,14.69,1.843,1.843,26,25,ok
SW2964,Winter Weather Emergency,Winter Weather,Extreme Cold,"Staten Island, Queens, Brooklyn, Bronx, Manhattan",2023-02-27 09:00,2023-02-28 10:00,EST,2023-02-27 14:00,2023-02-28 15:00,25,25,FALSE,Manhattan,5.789,3.393,5.789,15.443,1.86,1.865,26,25,ok
SW2964,Winter Weather Emergency,Winter Weather,Extreme Cold,"Staten Island, Queens, Brooklyn, Bronx, Manhattan",2023-02-27 09:00,2023-02-28 10:00,EST,2023-02-27 14:00,2023-02-28 15:00,25,25,FALSE,Bronx,5.883,3.25,5.883,15.686,1.908,1.926,26,25,ok
SW2964,Winter Weather Emergency,Winter Weather,Extreme Cold,"Staten Island, Queens, Brooklyn, Bronx, Manhattan",2023-02-27 09:00,2023-02-28 10:00,EST,2023-02-27 14:00,2023-02-28 15:00,25,25,FALSE,Staten Island,5.793,3.822,5.824,14.954,1.818,1.831,26,25,ok
SW2964,Winter Weather Emergency,Winter Weather,Extreme Cold,"Staten Island, Queens, Brooklyn, Bronx, Manhattan",2023-02-27 09:00,2023-02-28 10:00,EST,2023-02-27 14:00,2023-02-28 15:00,25,25,FALSE,ALL NYC,6.862,4.139,6.896,14.91,1.839,1.85,26,25,ok
SW2965,Month of Rain in 72 Hours,Tidal Flooding,Flash Flooding,"Manhattan, Bronx, Brooklyn, Queens, Staten Island",2023-04-28 23:00,2023-05-01 11:00,EDT,2023-04-29 03:00,2023-05-01 15:00,60,60,FALSE,Brooklyn,9.549,5.474,9.549,64.027,5.919,5.919,61,60,ok
SW2965,Month of Rain in 72 Hours,Tidal Flooding,Flash Flooding,"Manhattan, Bronx, Brooklyn, Queens, Staten Island",2023-04-28 23:00,2023-05-01 11:00,EDT,2023-04-29 03:00,2023-05-01 15:00,60,60,FALSE,Queens,9.271,5.551,9.332,61.194,5.074,5.118,61,60,ok
SW2965,Month of Rain in 72 Hours,Tidal Flooding,Flash Flooding,"Manhattan, Bronx, Brooklyn, Queens, Staten Island",2023-04-28 23:00,2023-05-01 11:00,EDT,2023-04-29 03:00,2023-05-01 15:00,60,60,FALSE,Manhattan,7.507,4.517,7.528,65.392,5.639,5.639,61,60,ok
SW2965,Month of Rain in 72 Hours,Tidal Flooding,Flash Flooding,"Manhattan, Bronx, Brooklyn, Queens, Staten Island",2023-04-28 23:00,2023-05-01 11:00,EDT,2023-04-29 03:00,2023-05-01 15:00,60,60,FALSE,Bronx,7.209,4.397,7.209,63.616,5.106,5.123,61,60,ok
SW2965,Month of Rain in 72 Hours,Tidal Flooding,Flash Flooding,"Manhattan, Bronx, Brooklyn, Queens, Staten Island",2023-04-28 23:00,2023-05-01 11:00,EDT,2023-04-29 03:00,2023-05-01 15:00,60,60,FALSE,Staten Island,8.622,4.86,8.622,69.342,6.947,6.947,61,60,ok
SW2965,Month of Rain in 72 Hours,Tidal Flooding,Flash Flooding,"Manhattan, Bronx, Brooklyn, Queens, Staten Island",2023-04-28 23:00,2023-05-01 11:00,EDT,2023-04-29 03:00,2023-05-01 15:00,60,60,FALSE,ALL NYC,8.724,5.158,8.802,64.059,5.669,5.688,61,60,ok
SW2966,Air Quality Emergency,Other,Air Quality,"Staten Island, Queens, Brooklyn, Bronx, Manhattan",2023-06-06 00:00,2023-06-11 23:59,EDT,2023-06-06 04:00,2023-06-12 04:00,143.983,144,FALSE,Brooklyn,5.518,2.832,5.676,2.558,0.625,0.854,145,144,ok
SW2966,Air Quality Emergency,Other,Air Quality,"Staten Island, Queens, Brooklyn, Bronx, Manhattan",2023-06-06 00:00,2023-06-11 23:59,EDT,2023-06-06 04:00,2023-06-12 04:00,143.983,144,FALSE,Queens,4.881,2.743,5.062,3.691,1.417,1.426,145,144,ok
SW2966,Air Quality Emergency,Other,Air Quality,"Staten Island, Queens, Brooklyn, Bronx, Manhattan",2023-06-06 00:00,2023-06-11 23:59,EDT,2023-06-06 04:00,2023-06-12 04:00,143.983,144,FALSE,Manhattan,4.916,2.475,4.916,3.97,1.566,1.566,145,144,ok
SW2966,Air Quality Emergency,Other,Air Quality,"Staten Island, Queens, Brooklyn, Bronx, Manhattan",2023-06-06 00:00,2023-06-11 23:59,EDT,2023-06-06 04:00,2023-06-12 04:00,143.983,144,FALSE,Bronx,4.603,2.363,4.603,4.922,2.287,2.287,145,144,ok
SW2966,Air Quality Emergency,Other,Air Quality,"Staten Island, Queens, Brooklyn, Bronx, Manhattan",2023-06-06 00:00,2023-06-11 23:59,EDT,2023-06-06 04:00,2023-06-12 04:00,143.983,144,FALSE,Staten Island,5.736,2.734,5.736,2.049,0.837,0.837,145,144,ok
SW2966,Air Quality Emergency,Other,Air Quality,"Staten Island, Queens, Brooklyn, Bronx, Manhattan",2023-06-06 00:00,2023-06-11 23:59,EDT,2023-06-06 04:00,2023-06-12 04:00,143.983,144,FALSE,ALL NYC,5.112,2.687,5.25,3.318,1.085,1.312,145,144,ok
SW2968,Flash Flood Emergency,Tidal Flooding,Flash Flooding,"Staten Island, Queens, Brooklyn, Bronx, Manhattan",2023-03-13 07:00,2023-03-14 16:00,EDT,2023-03-13 11:00,2023-03-14 20:00,33,33,FALSE,Brooklyn,11.583,5.7,11.583,16.13,1.111,1.169,34,33,ok
SW2968,Flash Flood Emergency,Tidal Flooding,Flash Flooding,"Staten Island, Queens, Brooklyn, Bronx, Manhattan",2023-03-13 07:00,2023-03-14 16:00,EDT,2023-03-13 11:00,2023-03-14 20:00,33,33,FALSE,Queens,11.499,5.751,11.499,17.424,1.431,1.446,34,33,ok
SW2968,Flash Flood Emergency,Tidal Flooding,Flash Flooding,"Staten Island, Queens, Brooklyn, Bronx, Manhattan",2023-03-13 07:00,2023-03-14 16:00,EDT,2023-03-13 11:00,2023-03-14 20:00,33,33,FALSE,Manhattan,9.726,4.553,9.726,18.23,1.446,1.446,34,33,ok
SW2968,Flash Flood Emergency,Tidal Flooding,Flash Flooding,"Staten Island, Queens, Brooklyn, Bronx, Manhattan",2023-03-13 07:00,2023-03-14 16:00,EDT,2023-03-13 11:00,2023-03-14 20:00,33,33,FALSE,Bronx,9.341,4.385,9.341,19.285,1.713,1.713,34,33,ok
SW2968,Flash Flood Emergency,Tidal Flooding,Flash Flooding,"Staten Island, Queens, Brooklyn, Bronx, Manhattan",2023-03-13 07:00,2023-03-14 16:00,EDT,2023-03-13 11:00,2023-03-14 20:00,33,33,FALSE,Staten Island,10.615,5.008,10.615,15.819,1.03,1.03,34,33,ok
SW2968,Flash Flood Emergency,Tidal Flooding,Flash Flooding,"Staten Island, Queens, Brooklyn, Bronx, Manhattan",2023-03-13 07:00,2023-03-14 16:00,EDT,2023-03-13 11:00,2023-03-14 20:00,33,33,FALSE,ALL NYC,10.906,5.311,10.906,17.154,1.265,1.341,34,33,ok
SW2969,Flash Flood Emergency,Tidal Flooding,Flash Flooding,"Manhattan, Bronx, Brooklyn, Queens, Staten Island",2023-05-20 12:00,2023-05-21 06:30,EDT,2023-05-20 16:00,2023-05-21 11:00,18.5,19,FALSE,Brooklyn,4.784,3.477,4.784,12.93,2.778,2.778,20,19,ok
SW2969,Flash Flood Emergency,Tidal Flooding,Flash Flooding,"Manhattan, Bronx, Brooklyn, Queens, Staten Island",2023-05-20 12:00,2023-05-21 06:30,EDT,2023-05-20 16:00,2023-05-21 11:00,18.5,19,FALSE,Queens,4.798,3.695,4.852,14.808,2.261,2.477,20,19,ok
SW2969,Flash Flood Emergency,Tidal Flooding,Flash Flooding,"Manhattan, Bronx, Brooklyn, Queens, Staten Island",2023-05-20 12:00,2023-05-21 06:30,EDT,2023-05-20 16:00,2023-05-21 11:00,18.5,19,FALSE,Manhattan,4.005,2.735,4.005,14.95,3.108,3.17,20,19,ok
SW2969,Flash Flood Emergency,Tidal Flooding,Flash Flooding,"Manhattan, Bronx, Brooklyn, Queens, Staten Island",2023-05-20 12:00,2023-05-21 06:30,EDT,2023-05-20 16:00,2023-05-21 11:00,18.5,19,FALSE,Bronx,3.89,2.723,3.89,16.018,2.818,2.818,20,19,ok
SW2969,Flash Flood Emergency,Tidal Flooding,Flash Flooding,"Manhattan, Bronx, Brooklyn, Queens, Staten Island",2023-05-20 12:00,2023-05-21 06:30,EDT,2023-05-20 16:00,2023-05-21 11:00,18.5,19,FALSE,Staten Island,4.256,2.836,4.256,11.851,4.031,4.031,20,19,ok
SW2969,Flash Flood Emergency,Tidal Flooding,Flash Flooding,"Manhattan, Bronx, Brooklyn, Queens, Staten Island",2023-05-20 12:00,2023-05-21 06:30,EDT,2023-05-20 16:00,2023-05-21 11:00,18.5,19,FALSE,ALL NYC,4.501,3.27,4.522,14.01,2.628,2.946,20,19,ok
SW2970,Flash Flood Emergency,Tidal Flooding,Flash Flooding,"Staten Island, Queens, Brooklyn, Bronx, Manhattan",2023-06-22 09:30,2023-06-29 12:00,EDT,2023-06-22 13:00,2023-06-29 16:00,170.5,171,FALSE,Brooklyn,6.897,2.868,6.897,55.48,3.432,3.801,172,171,ok
SW2970,Flash Flood Emergency,Tidal Flooding,Flash Flooding,"Staten Island, Queens, Brooklyn, Bronx, Manhattan",2023-06-22 09:30,2023-06-29 12:00,EDT,2023-06-22 13:00,2023-06-29 16:00,170.5,171,FALSE,Queens,7.062,2.907,7.083,46.985,4.251,4.275,172,171,ok
SW2970,Flash Flood Emergency,Tidal Flooding,Flash Flooding,"Staten Island, Queens, Brooklyn, Bronx, Manhattan",2023-06-22 09:30,2023-06-29 12:00,EDT,2023-06-22 13:00,2023-06-29 16:00,170.5,171,FALSE,Manhattan,5.63,2.28,5.63,55.73,5.38,5.38,172,171,ok
SW2970,Flash Flood Emergency,Tidal Flooding,Flash Flooding,"Staten Island, Queens, Brooklyn, Bronx, Manhattan",2023-06-22 09:30,2023-06-29 12:00,EDT,2023-06-22 13:00,2023-06-29 16:00,170.5,171,FALSE,Bronx,5.49,2.208,5.493,51.522,6.734,6.734,172,171,ok
SW2970,Flash Flood Emergency,Tidal Flooding,Flash Flooding,"Staten Island, Queens, Brooklyn, Bronx, Manhattan",2023-06-22 09:30,2023-06-29 12:00,EDT,2023-06-22 13:00,2023-06-29 16:00,170.5,171,FALSE,Staten Island,6.023,2.508,6.023,68.489,4.439,4.551,172,171,ok
SW2970,Flash Flood Emergency,Tidal Flooding,Flash Flooding,"Staten Island, Queens, Brooklyn, Bronx, Manhattan",2023-06-22 09:30,2023-06-29 12:00,EDT,2023-06-22 13:00,2023-06-29 16:00,170.5,171,FALSE,ALL NYC,6.493,2.674,6.502,54.302,4.127,4.639,172,171,ok
SW2971,Flash Flood Emergency,Tidal Flooding,"Flash Flooding, Air Quality","Manhattan, Bronx, Brooklyn, Queens, Staten Island",2023-07-01 16:30,2023-07-05 12:00,EDT,2023-07-01 20:00,2023-07-05 16:00,91.5,92,FALSE,Brooklyn,4.997,2.334,4.997,33.215,5.411,5.411,93,92,ok
SW2971,Flash Flood Emergency,Tidal Flooding,"Flash Flooding, Air Quality","Manhattan, Bronx, Brooklyn, Queens, Staten Island",2023-07-01 16:30,2023-07-05 12:00,EDT,2023-07-01 20:00,2023-07-05 16:00,91.5,92,FALSE,Queens,4.866,2.332,4.904,33.62,4.117,4.17,93,92,ok
SW2971,Flash Flood Emergency,Tidal Flooding,"Flash Flooding, Air Quality","Manhattan, Bronx, Brooklyn, Queens, Staten Island",2023-07-01 16:30,2023-07-05 12:00,EDT,2023-07-01 20:00,2023-07-05 16:00,91.5,92,FALSE,Manhattan,4.263,1.892,4.263,35.841,4.985,5.046,93,92,ok
SW2971,Flash Flood Emergency,Tidal Flooding,"Flash Flooding, Air Quality","Manhattan, Bronx, Brooklyn, Queens, Staten Island",2023-07-01 16:30,2023-07-05 12:00,EDT,2023-07-01 20:00,2023-07-05 16:00,91.5,92,FALSE,Bronx,4.083,1.828,4.083,36.682,4.41,4.64,93,92,ok
SW2971,Flash Flood Emergency,Tidal Flooding,"Flash Flooding, Air Quality","Manhattan, Bronx, Brooklyn, Queens, Staten Island",2023-07-01 16:30,2023-07-05 12:00,EDT,2023-07-01 20:00,2023-07-05 16:00,91.5,92,FALSE,Staten Island,4.612,2.132,4.612,32.664,6.074,6.074,93,92,ok
SW2971,Flash Flood Emergency,Tidal Flooding,"Flash Flooding, Air Quality","Manhattan, Bronx, Brooklyn, Queens, Staten Island",2023-07-01 16:30,2023-07-05 12:00,EDT,2023-07-01 20:00,2023-07-05 16:00,91.5,92,FALSE,ALL NYC,4.689,2.189,4.703,33.953,4.847,4.941,93,92,ok
SW2972,Flash Flood Emergency,Tidal Flooding,Flash Flooding,"Staten Island, Queens, Brooklyn, Bronx, Manhattan",2023-07-07 17:00,2023-07-10 09:00,EDT,2023-07-07 21:00,2023-07-10 13:00,64,64,FALSE,Brooklyn,4.003,2.224,4.003,13.453,2.395,2.49,65,64,ok
SW2972,Flash Flood Emergency,Tidal Flooding,Flash Flooding,"Staten Island, Queens, Brooklyn, Bronx, Manhattan",2023-07-07 17:00,2023-07-10 09:00,EDT,2023-07-07 21:00,2023-07-10 13:00,64,64,FALSE,Queens,4.228,2.279,4.229,13.413,2.687,2.985,65,64,ok
SW2972,Flash Flood Emergency,Tidal Flooding,Flash Flooding,"Staten Island, Queens, Brooklyn, Bronx, Manhattan",2023-07-07 17:00,2023-07-10 09:00,EDT,2023-07-07 21:00,2023-07-10 13:00,64,64,FALSE,Manhattan,3.145,1.795,3.145,17.889,4.074,4.074,65,64,ok
SW2972,Flash Flood Emergency,Tidal Flooding,Flash Flooding,"Staten Island, Queens, Brooklyn, Bronx, Manhattan",2023-07-07 17:00,2023-07-10 09:00,EDT,2023-07-07 21:00,2023-07-10 13:00,64,64,FALSE,Bronx,3.123,1.754,3.123,18.078,4.502,4.502,65,64,ok
SW2972,Flash Flood Emergency,Tidal Flooding,Flash Flooding,"Staten Island, Queens, Brooklyn, Bronx, Manhattan",2023-07-07 17:00,2023-07-10 09:00,EDT,2023-07-07 21:00,2023-07-10 13:00,64,64,FALSE,Staten Island,3.319,1.917,3.359,15.578,2.864,2.864,65,64,ok
SW2972,Flash Flood Emergency,Tidal Flooding,Flash Flooding,"Staten Island, Queens, Brooklyn, Bronx, Manhattan",2023-07-07 17:00,2023-07-10 09:00,EDT,2023-07-07 21:00,2023-07-10 13:00,64,64,FALSE,ALL NYC,3.745,2.086,3.771,14.854,3.021,3.152,65,64,ok
SW2973,Flash Flood Emergency,Tidal Flooding,"Flash Flooding, Air Quality","Manhattan, Bronx, Brooklyn, Queens, Staten Island",2023-07-13 09:00,2023-07-17 08:00,EDT,2023-07-13 13:00,2023-07-17 12:00,95,95,FALSE,Brooklyn,6.048,3.04,6.048,44.081,4.186,4.186,96,95,ok
SW2973,Flash Flood Emergency,Tidal Flooding,"Flash Flooding, Air Quality","Manhattan, Bronx, Brooklyn, Queens, Staten Island",2023-07-13 09:00,2023-07-17 08:00,EDT,2023-07-13 13:00,2023-07-17 12:00,95,95,FALSE,Queens,6.184,3.091,6.201,48.238,4.513,4.653,96,95,ok
SW2973,Flash Flood Emergency,Tidal Flooding,"Flash Flooding, Air Quality","Manhattan, Bronx, Brooklyn, Queens, Staten Island",2023-07-13 09:00,2023-07-17 08:00,EDT,2023-07-13 13:00,2023-07-17 12:00,95,95,FALSE,Manhattan,5.087,2.24,5.087,46.246,3.959,4.141,96,95,ok
SW2973,Flash Flood Emergency,Tidal Flooding,"Flash Flooding, Air Quality","Manhattan, Bronx, Brooklyn, Queens, Staten Island",2023-07-13 09:00,2023-07-17 08:00,EDT,2023-07-13 13:00,2023-07-17 12:00,95,95,FALSE,Bronx,5.037,2.184,5.037,48.7,4.547,4.576,96,95,ok
SW2973,Flash Flood Emergency,Tidal Flooding,"Flash Flooding, Air Quality","Manhattan, Bronx, Brooklyn, Queens, Staten Island",2023-07-13 09:00,2023-07-17 08:00,EDT,2023-07-13 13:00,2023-07-17 12:00,95,95,FALSE,Staten Island,5.263,2.611,5.263,40.146,3.459,3.459,96,95,ok
SW2973,Flash Flood Emergency,Tidal Flooding,"Flash Flooding, Air Quality","Manhattan, Bronx, Brooklyn, Queens, Staten Island",2023-07-13 09:00,2023-07-17 08:00,EDT,2023-07-13 13:00,2023-07-17 12:00,95,95,FALSE,ALL NYC,5.709,2.792,5.736,45.676,3.986,4.267,96,95,ok
SW2974,Flash Flood Emergency,Tidal Flooding,Flash Flooding,"Staten Island, Queens, Brooklyn, Bronx, Manhattan",2023-07-20 08:00,2023-07-29 21:00,EDT,2023-07-20 12:00,2023-07-30 01:00,229,229,FALSE,Brooklyn,6.576,2.759,6.579,54.792,9.094,9.094,230,229,ok
SW2974,Flash Flood Emergency,Tidal Flooding,Flash Flooding,"Staten Island, Queens, Brooklyn, Bronx, Manhattan",2023-07-20 08:00,2023-07-29 21:00,EDT,2023-07-20 12:00,2023-07-30 01:00,229,229,FALSE,Queens,6.475,2.781,6.486,52.137,8.506,8.506,230,229,ok
SW2974,Flash Flood Emergency,Tidal Flooding,Flash Flooding,"Staten Island, Queens, Brooklyn, Bronx, Manhattan",2023-07-20 08:00,2023-07-29 21:00,EDT,2023-07-20 12:00,2023-07-30 01:00,229,229,FALSE,Manhattan,5.432,2.251,5.432,57.793,10.391,10.391,230,229,ok
SW2974,Flash Flood Emergency,Tidal Flooding,Flash Flooding,"Staten Island, Queens, Brooklyn, Bronx, Manhattan",2023-07-20 08:00,2023-07-29 21:00,EDT,2023-07-20 12:00,2023-07-30 01:00,229,229,FALSE,Bronx,5.148,2.175,5.16,57.281,10.287,10.287,230,229,ok
SW2974,Flash Flood Emergency,Tidal Flooding,Flash Flooding,"Staten Island, Queens, Brooklyn, Bronx, Manhattan",2023-07-20 08:00,2023-07-29 21:00,EDT,2023-07-20 12:00,2023-07-30 01:00,229,229,FALSE,Staten Island,6.134,2.477,6.134,60.498,10.499,10.499,230,229,ok
SW2974,Flash Flood Emergency,Tidal Flooding,Flash Flooding,"Staten Island, Queens, Brooklyn, Bronx, Manhattan",2023-07-20 08:00,2023-07-29 21:00,EDT,2023-07-20 12:00,2023-07-30 01:00,229,229,FALSE,ALL NYC,6.15,2.591,6.17,55.486,9.417,9.417,230,229,ok
SW2975,Extreme Heat Emergency,Extreme Heat,Extreme Heat,"Manhattan, Bronx, Brooklyn, Queens, Staten Island",2023-07-26 11:00,2023-07-29 21:00,EDT,2023-07-26 15:00,2023-07-30 01:00,82,82,FALSE,Brooklyn,6.576,3.328,6.579,14.111,6.352,6.352,83,82,ok
SW2975,Extreme Heat Emergency,Extreme Heat,Extreme Heat,"Manhattan, Bronx, Brooklyn, Queens, Staten Island",2023-07-26 11:00,2023-07-29 21:00,EDT,2023-07-26 15:00,2023-07-30 01:00,82,82,FALSE,Queens,6.475,3.323,6.486,12.536,5.829,5.829,83,82,ok
SW2975,Extreme Heat Emergency,Extreme Heat,Extreme Heat,"Manhattan, Bronx, Brooklyn, Queens, Staten Island",2023-07-26 11:00,2023-07-29 21:00,EDT,2023-07-26 15:00,2023-07-30 01:00,82,82,FALSE,Manhattan,5.432,2.679,5.432,12.864,5.214,5.215,83,82,ok
SW2975,Extreme Heat Emergency,Extreme Heat,Extreme Heat,"Manhattan, Bronx, Brooklyn, Queens, Staten Island",2023-07-26 11:00,2023-07-29 21:00,EDT,2023-07-26 15:00,2023-07-30 01:00,82,82,FALSE,Bronx,5.148,2.569,5.16,12.189,4.888,4.888,83,82,ok
SW2975,Extreme Heat Emergency,Extreme Heat,Extreme Heat,"Manhattan, Bronx, Brooklyn, Queens, Staten Island",2023-07-26 11:00,2023-07-29 21:00,EDT,2023-07-26 15:00,2023-07-30 01:00,82,82,FALSE,Staten Island,6.134,3.026,6.134,15.496,6.506,6.506,83,82,ok
SW2975,Extreme Heat Emergency,Extreme Heat,Extreme Heat,"Manhattan, Bronx, Brooklyn, Queens, Staten Island",2023-07-26 11:00,2023-07-29 21:00,EDT,2023-07-26 15:00,2023-07-30 01:00,82,82,FALSE,ALL NYC,6.15,3.11,6.17,13.423,5.891,5.891,83,82,ok
SW2976,Flash Flood Emergency,Tidal Flooding,Flash Flooding,"Staten Island, Queens, Brooklyn, Bronx, Manhattan",2023-07-26 16:00,2023-07-29 21:00,EDT,2023-07-26 20:00,2023-07-30 01:00,77,77,FALSE,Brooklyn,6.576,3.406,6.579,14.109,6.352,6.352,78,77,ok
SW2976,Flash Flood Emergency,Tidal Flooding,Flash Flooding,"Staten Island, Queens, Brooklyn, Bronx, Manhattan",2023-07-26 16:00,2023-07-29 21:00,EDT,2023-07-26 20:00,2023-07-30 01:00,77,77,FALSE,Queens,6.475,3.4,6.486,12.534,5.829,5.829,78,77,ok
SW2976,Flash Flood Emergency,Tidal Flooding,Flash Flooding,"Staten Island, Queens, Brooklyn, Bronx, Manhattan",2023-07-26 16:00,2023-07-29 21:00,EDT,2023-07-26 20:00,2023-07-30 01:00,77,77,FALSE,Manhattan,5.432,2.735,5.432,12.862,5.214,5.215,78,77,ok
SW2976,Flash Flood Emergency,Tidal Flooding,Flash Flooding,"Staten Island, Queens, Brooklyn, Bronx, Manhattan",2023-07-26 16:00,2023-07-29 21:00,EDT,2023-07-26 20:00,2023-07-30 01:00,77,77,FALSE,Bronx,5.148,2.622,5.16,12.188,4.888,4.888,78,77,ok
SW2976,Flash Flood Emergency,Tidal Flooding,Flash Flooding,"Staten Island, Queens, Brooklyn, Bronx, Manhattan",2023-07-26 16:00,2023-07-29 21:00,EDT,2023-07-26 20:00,2023-07-30 01:00,77,77,FALSE,Staten Island,6.134,3.096,6.134,15.495,6.506,6.506,78,77,ok
SW2976,Flash Flood Emergency,Tidal Flooding,Flash Flooding,"Staten Island, Queens, Brooklyn, Bronx, Manhattan",2023-07-26 16:00,2023-07-29 21:00,EDT,2023-07-26 20:00,2023-07-30 01:00,77,77,FALSE,ALL NYC,6.15,3.182,6.17,13.421,5.891,5.891,78,77,ok
SW2977,Flash Flood Emergency,Tidal Flooding,Flash Flooding,"Manhattan, Bronx, Brooklyn, Queens, Staten Island",2023-08-06 16:00,2023-08-08 13:00,EDT,2023-08-06 20:00,2023-08-08 17:00,45,45,FALSE,Brooklyn,6.288,4.453,6.288,30.014,4.686,4.686,46,45,ok
SW2977,Flash Flood Emergency,Tidal Flooding,Flash Flooding,"Manhattan, Bronx, Brooklyn, Queens, Staten Island",2023-08-06 16:00,2023-08-08 13:00,EDT,2023-08-06 20:00,2023-08-08 17:00,45,45,FALSE,Queens,6.614,4.511,6.614,32.01,5.359,5.359,46,45,ok
SW2977,Flash Flood Emergency,Tidal Flooding,Flash Flooding,"Manhattan, Bronx, Brooklyn, Queens, Staten Island",2023-08-06 16:00,2023-08-08 13:00,EDT,2023-08-06 20:00,2023-08-08 17:00,45,45,FALSE,Manhattan,5.193,3.501,5.193,35.026,5.062,5.062,46,45,ok
SW2977,Flash Flood Emergency,Tidal Flooding,Flash Flooding,"Manhattan, Bronx, Brooklyn, Queens, Staten Island",2023-08-06 16:00,2023-08-08 13:00,EDT,2023-08-06 20:00,2023-08-08 17:00,45,45,FALSE,Bronx,5.208,3.384,5.208,36.658,5.539,5.539,46,45,ok
SW2977,Flash Flood Emergency,Tidal Flooding,Flash Flooding,"Manhattan, Bronx, Brooklyn, Queens, Staten Island",2023-08-06 16:00,2023-08-08 13:00,EDT,2023-08-06 20:00,2023-08-08 17:00,45,45,FALSE,Staten Island,5.816,3.853,5.816,28.875,3.642,3.883,46,45,ok
SW2977,Flash Flood Emergency,Tidal Flooding,Flash Flooding,"Manhattan, Bronx, Brooklyn, Queens, Staten Island",2023-08-06 16:00,2023-08-08 13:00,EDT,2023-08-06 20:00,2023-08-08 17:00,45,45,FALSE,ALL NYC,5.954,4.134,6.078,31.866,4.882,4.928,46,45,ok
SW2978,Flash Flood Emergency,Tidal Flooding,Flash Flooding,"Staten Island, Queens, Brooklyn, Bronx, Manhattan",2023-08-09 18:00,2023-08-11 10:00,EDT,2023-08-09 22:00,2023-08-11 14:00,40,40,FALSE,Brooklyn,3.695,2.726,3.727,21.166,4.421,4.421,41,40,ok
SW2978,Flash Flood Emergency,Tidal Flooding,Flash Flooding,"Staten Island, Queens, Brooklyn, Bronx, Manhattan",2023-08-09 18:00,2023-08-11 10:00,EDT,2023-08-09 22:00,2023-08-11 14:00,40,40,FALSE,Queens,4.035,2.839,4.056,19.683,5.554,5.554,41,40,ok
SW2978,Flash Flood Emergency,Tidal Flooding,Flash Flooding,"Staten Island, Queens, Brooklyn, Bronx, Manhattan",2023-08-09 18:00,2023-08-11 10:00,EDT,2023-08-09 22:00,2023-08-11 14:00,40,40,FALSE,Manhattan,2.942,2.2,2.972,20.237,5.387,5.387,41,40,ok
SW2978,Flash Flood Emergency,Tidal Flooding,Flash Flooding,"Staten Island, Queens, Brooklyn, Bronx, Manhattan",2023-08-09 18:00,2023-08-11 10:00,EDT,2023-08-09 22:00,2023-08-11 14:00,40,40,FALSE,Bronx,2.948,2.172,2.988,19.206,6.188,6.188,41,40,ok
SW2978,Flash Flood Emergency,Tidal Flooding,Flash Flooding,"Staten Island, Queens, Brooklyn, Bronx, Manhattan",2023-08-09 18:00,2023-08-11 10:00,EDT,2023-08-09 22:00,2023-08-11 14:00,40,40,FALSE,Staten Island,3.343,2.328,3.343,22.486,4.719,4.719,41,40,ok
SW2978,Flash Flood Emergency,Tidal Flooding,Flash Flooding,"Staten Island, Queens, Brooklyn, Bronx, Manhattan",2023-08-09 18:00,2023-08-11 10:00,EDT,2023-08-09 22:00,2023-08-11 14:00,40,40,FALSE,ALL NYC,3.44,2.572,3.61,20.527,4.964,5.214,41,40,ok
SW2979,Flash Flood Emergency,Tidal Flooding,Flash Flooding,"Manhattan, Bronx, Brooklyn, Queens, Staten Island",2023-08-13 16:00,2023-08-15 18:00,EDT,2023-08-13 20:00,2023-08-15 22:00,50,50,FALSE,Brooklyn,4.223,2.553,4.501,24.216,5.041,5.041,51,50,ok
SW2979,Flash Flood Emergency,Tidal Flooding,Flash Flooding,"Manhattan, Bronx, Brooklyn, Queens, Staten Island",2023-08-13 16:00,2023-08-15 18:00,EDT,2023-08-13 20:00,2023-08-15 22:00,50,50,FALSE,Queens,3.827,2.41,4.194,23.557,4.677,4.699,51,50,ok
SW2979,Flash Flood Emergency,Tidal Flooding,Flash Flooding,"Manhattan, Bronx, Brooklyn, Queens, Staten Island",2023-08-13 16:00,2023-08-15 18:00,EDT,2023-08-13 20:00,2023-08-15 22:00,50,50,FALSE,Manhattan,3.522,2.014,3.568,24.204,4.473,4.694,51,50,ok
SW2979,Flash Flood Emergency,Tidal Flooding,Flash Flooding,"Manhattan, Bronx, Brooklyn, Queens, Staten Island",2023-08-13 16:00,2023-08-15 18:00,EDT,2023-08-13 20:00,2023-08-15 22:00,50,50,FALSE,Bronx,3.618,1.949,3.654,23.648,4.807,4.824,51,50,ok
SW2979,Flash Flood Emergency,Tidal Flooding,Flash Flooding,"Manhattan, Bronx, Brooklyn, Queens, Staten Island",2023-08-13 16:00,2023-08-15 18:00,EDT,2023-08-13 20:00,2023-08-15 22:00,50,50,FALSE,Staten Island,4.407,2.413,4.407,24.501,4.99,5.046,51,50,ok
SW2979,Flash Flood Emergency,Tidal Flooding,Flash Flooding,"Manhattan, Bronx, Brooklyn, Queens, Staten Island",2023-08-13 16:00,2023-08-15 18:00,EDT,2023-08-13 20:00,2023-08-15 22:00,50,50,FALSE,ALL NYC,3.855,2.345,4.171,23.953,4.727,4.853,51,50,ok
SW2980,Flash Flood and Severe Storm,Thunderstorms,Flash Flooding,"Staten Island, Queens, Brooklyn, Bronx, Manhattan",2023-09-28 00:00,2023-09-30 23:59,EDT,2023-09-28 04:00,2023-10-01 04:00,71.9833,72,FALSE,Brooklyn,7.401,4.565,7.401,51.791,3.534,3.688,73,72,ok
SW2980,Flash Flood and Severe Storm,Thunderstorms,Flash Flooding,"Staten Island, Queens, Brooklyn, Bronx, Manhattan",2023-09-28 00:00,2023-09-30 23:59,EDT,2023-09-28 04:00,2023-10-01 04:00,71.9833,72,FALSE,Queens,7.307,4.697,7.327,67.4,5.746,5.851,73,72,ok
SW2980,Flash Flood and Severe Storm,Thunderstorms,Flash Flooding,"Staten Island, Queens, Brooklyn, Bronx, Manhattan",2023-09-28 00:00,2023-09-30 23:59,EDT,2023-09-28 04:00,2023-10-01 04:00,71.9833,72,FALSE,Manhattan,5.574,3.555,5.574,55.264,3.984,4.034,73,72,ok
SW2980,Flash Flood and Severe Storm,Thunderstorms,Flash Flooding,"Staten Island, Queens, Brooklyn, Bronx, Manhattan",2023-09-28 00:00,2023-09-30 23:59,EDT,2023-09-28 04:00,2023-10-01 04:00,71.9833,72,FALSE,Bronx,5.234,3.451,5.234,63.467,5.548,5.548,73,72,ok
SW2980,Flash Flood and Severe Storm,Thunderstorms,Flash Flooding,"Staten Island, Queens, Brooklyn, Bronx, Manhattan",2023-09-28 00:00,2023-09-30 23:59,EDT,2023-09-28 04:00,2023-10-01 04:00,71.9833,72,FALSE,Staten Island,6.585,3.887,6.585,37.968,2.96,2.96,73,72,ok
SW2980,Flash Flood and Severe Storm,Thunderstorms,Flash Flooding,"Staten Island, Queens, Brooklyn, Bronx, Manhattan",2023-09-28 00:00,2023-09-30 23:59,EDT,2023-09-28 04:00,2023-10-01 04:00,71.9833,72,FALSE,ALL NYC,6.762,4.248,6.769,56.792,4.058,4.621,73,72,ok
SW2981,Subway Flooding,Tidal Flooding,Flash Flooding,"Manhattan, Bronx, Brooklyn, Queens, Staten Island",2025-07-13 00:00,2025-07-18 23:59,EDT,2025-07-13 04:00,2025-07-19 04:00,143.983,144,FALSE,Brooklyn,6.908,2.869,6.908,14.633,3.29,3.474,145,144,ok
SW2981,Subway Flooding,Tidal Flooding,Flash Flooding,"Manhattan, Bronx, Brooklyn, Queens, Staten Island",2025-07-13 00:00,2025-07-18 23:59,EDT,2025-07-13 04:00,2025-07-19 04:00,143.983,144,FALSE,Queens,6.544,2.926,6.581,13.581,2.93,2.934,145,144,ok
SW2981,Subway Flooding,Tidal Flooding,Flash Flooding,"Manhattan, Bronx, Brooklyn, Queens, Staten Island",2025-07-13 00:00,2025-07-18 23:59,EDT,2025-07-13 04:00,2025-07-19 04:00,143.983,144,FALSE,Manhattan,5.535,2.339,5.535,18.265,4.357,4.357,145,144,ok
SW2981,Subway Flooding,Tidal Flooding,Flash Flooding,"Manhattan, Bronx, Brooklyn, Queens, Staten Island",2025-07-13 00:00,2025-07-18 23:59,EDT,2025-07-13 04:00,2025-07-19 04:00,143.983,144,FALSE,Bronx,5.092,2.276,5.092,18.769,4.592,4.592,145,144,ok
SW2981,Subway Flooding,Tidal Flooding,Flash Flooding,"Manhattan, Bronx, Brooklyn, Queens, Staten Island",2025-07-13 00:00,2025-07-18 23:59,EDT,2025-07-13 04:00,2025-07-19 04:00,143.983,144,FALSE,Staten Island,6.402,2.515,6.402,19.647,5.521,5.521,145,144,ok
SW2981,Subway Flooding,Tidal Flooding,Flash Flooding,"Manhattan, Bronx, Brooklyn, Queens, Staten Island",2025-07-13 00:00,2025-07-18 23:59,EDT,2025-07-13 04:00,2025-07-19 04:00,143.983,144,FALSE,ALL NYC,6.315,2.697,6.329,16.06,3.675,3.885,145,144,ok
SW2982,Flash Flood,Thunderstorms,Flash Flooding,"Staten Island, Queens, Brooklyn, Bronx, Manhattan",2025-07-31 00:00,2025-08-01 23:59,EDT,2025-07-31 04:00,2025-08-02 04:00,47.9833,48,FALSE,Brooklyn,6.501,3.577,6.501,47.837,9.428,9.428,49,48,ok
SW2982,Flash Flood,Thunderstorms,Flash Flooding,"Staten Island, Queens, Brooklyn, Bronx, Manhattan",2025-07-31 00:00,2025-08-01 23:59,EDT,2025-07-31 04:00,2025-08-02 04:00,47.9833,48,FALSE,Queens,6.727,3.636,6.727,39.601,7.358,7.367,49,48,ok
SW2982,Flash Flood,Thunderstorms,Flash Flooding,"Staten Island, Queens, Brooklyn, Bronx, Manhattan",2025-07-31 00:00,2025-08-01 23:59,EDT,2025-07-31 04:00,2025-08-02 04:00,47.9833,48,FALSE,Manhattan,5.382,3.06,5.382,37.667,4.489,4.676,49,48,ok
SW2982,Flash Flood,Thunderstorms,Flash Flooding,"Staten Island, Queens, Brooklyn, Bronx, Manhattan",2025-07-31 00:00,2025-08-01 23:59,EDT,2025-07-31 04:00,2025-08-02 04:00,47.9833,48,FALSE,Bronx,5.268,3.053,5.268,32.048,3.587,3.679,49,48,ok
SW2982,Flash Flood,Thunderstorms,Flash Flooding,"Staten Island, Queens, Brooklyn, Bronx, Manhattan",2025-07-31 00:00,2025-08-01 23:59,EDT,2025-07-31 04:00,2025-08-02 04:00,47.9833,48,FALSE,Staten Island,5.678,3.18,5.688,53.319,8.987,8.987,49,48,ok
SW2982,Flash Flood,Thunderstorms,Flash Flooding,"Staten Island, Queens, Brooklyn, Bronx, Manhattan",2025-07-31 00:00,2025-08-01 23:59,EDT,2025-07-31 04:00,2025-08-02 04:00,47.9833,48,FALSE,ALL NYC,6.166,3.408,6.168,42.833,7.244,7.391,49,48,ok
SW2983,Flash Flood Emergency,Tidal Flooding,"Flash Flooding, Coastal Flooding","Staten Island, Queens, Brooklyn, Bronx, Manhattan",2023-09-21 17:00,2023-09-25 14:00,EDT,2023-09-21 21:00,2023-09-25 18:00,93,93,FALSE,Brooklyn,8.044,5.479,8.149,56.404,3.481,3.481,94,93,ok
SW2983,Flash Flood Emergency,Tidal Flooding,"Flash Flooding, Coastal Flooding","Staten Island, Queens, Brooklyn, Bronx, Manhattan",2023-09-21 17:00,2023-09-25 14:00,EDT,2023-09-21 21:00,2023-09-25 18:00,93,93,FALSE,Queens,8.15,5.526,8.168,57.753,3.464,3.496,94,93,ok
SW2983,Flash Flood Emergency,Tidal Flooding,"Flash Flooding, Coastal Flooding","Staten Island, Queens, Brooklyn, Bronx, Manhattan",2023-09-21 17:00,2023-09-25 14:00,EDT,2023-09-21 21:00,2023-09-25 18:00,93,93,FALSE,Manhattan,6.581,4.331,6.581,59.372,3.015,3.271,94,93,ok
SW2983,Flash Flood Emergency,Tidal Flooding,"Flash Flooding, Coastal Flooding","Staten Island, Queens, Brooklyn, Bronx, Manhattan",2023-09-21 17:00,2023-09-25 14:00,EDT,2023-09-21 21:00,2023-09-25 18:00,93,93,FALSE,Bronx,6.403,4.151,6.403,59.751,3.032,3.352,94,93,ok
SW2983,Flash Flood Emergency,Tidal Flooding,"Flash Flooding, Coastal Flooding","Staten Island, Queens, Brooklyn, Bronx, Manhattan",2023-09-21 17:00,2023-09-25 14:00,EDT,2023-09-21 21:00,2023-09-25 18:00,93,93,FALSE,Staten Island,7.389,4.823,7.389,55.56,3.251,3.253,94,93,ok
SW2983,Flash Flood Emergency,Tidal Flooding,"Flash Flooding, Coastal Flooding","Staten Island, Queens, Brooklyn, Bronx, Manhattan",2023-09-21 17:00,2023-09-25 14:00,EDT,2023-09-21 21:00,2023-09-25 18:00,93,93,FALSE,ALL NYC,7.555,5.094,7.64,57.459,3.313,3.407,94,93,ok
SW2984,Flash Flood Emergency,Tidal Flooding,"Coastal Flooding, Flash Flooding","Staten Island, Queens, Brooklyn, Bronx, Manhattan",2023-09-29 06:00,2023-09-30 12:00,EDT,2023-09-29 10:00,2023-09-30 16:00,30,30,FALSE,Brooklyn,7.401,5.23,7.401,29.157,3.534,3.688,31,30,ok
SW2984,Flash Flood Emergency,Tidal Flooding,"Coastal Flooding, Flash Flooding","Staten Island, Queens, Brooklyn, Bronx, Manhattan",2023-09-29 06:00,2023-09-30 12:00,EDT,2023-09-29 10:00,2023-09-30 16:00,30,30,FALSE,Queens,7.307,5.416,7.327,43.976,5.746,5.851,31,30,ok
SW2984,Flash Flood Emergency,Tidal Flooding,"Coastal Flooding, Flash Flooding","Staten Island, Queens, Brooklyn, Bronx, Manhattan",2023-09-29 06:00,2023-09-30 12:00,EDT,2023-09-29 10:00,2023-09-30 16:00,30,30,FALSE,Manhattan,5.574,4.109,5.574,35.746,3.984,4.034,31,30,ok
SW2984,Flash Flood Emergency,Tidal Flooding,"Coastal Flooding, Flash Flooding","Staten Island, Queens, Brooklyn, Bronx, Manhattan",2023-09-29 06:00,2023-09-30 12:00,EDT,2023-09-29 10:00,2023-09-30 16:00,30,30,FALSE,Bronx,5.234,4.01,5.234,44.038,5.548,5.548,31,30,ok
SW2984,Flash Flood Emergency,Tidal Flooding,"Coastal Flooding, Flash Flooding","Staten Island, Queens, Brooklyn, Bronx, Manhattan",2023-09-29 06:00,2023-09-30 12:00,EDT,2023-09-29 10:00,2023-09-30 16:00,30,30,FALSE,Staten Island,6.585,4.421,6.585,16.925,2.313,2.313,31,30,ok
SW2984,Flash Flood Emergency,Tidal Flooding,"Coastal Flooding, Flash Flooding","Staten Island, Queens, Brooklyn, Bronx, Manhattan",2023-09-29 06:00,2023-09-30 12:00,EDT,2023-09-29 10:00,2023-09-30 16:00,30,30,FALSE,ALL NYC,6.762,4.884,6.769,34.872,4.058,4.499,31,30,ok
SW2985,Flash Flood Emergency,Tidal Flooding,"Flash Flooding, Coastal Flooding","Manhattan, Bronx, Brooklyn, Queens, Staten Island",2023-10-05 16:30,2023-10-08 08:00,EDT,2023-10-05 20:00,2023-10-08 12:00,63.5,64,FALSE,Brooklyn,6.703,3.113,6.703,25.533,3.606,3.606,65,64,ok
SW2985,Flash Flood Emergency,Tidal Flooding,"Flash Flooding, Coastal Flooding","Manhattan, Bronx, Brooklyn, Queens, Staten Island",2023-10-05 16:30,2023-10-08 08:00,EDT,2023-10-05 20:00,2023-10-08 12:00,63.5,64,FALSE,Queens,6.795,3.207,6.921,28.661,5.664,5.664,65,64,ok
SW2985,Flash Flood Emergency,Tidal Flooding,"Flash Flooding, Coastal Flooding","Manhattan, Bronx, Brooklyn, Queens, Staten Island",2023-10-05 16:30,2023-10-08 08:00,EDT,2023-10-05 20:00,2023-10-08 12:00,63.5,64,FALSE,Manhattan,5.765,2.464,5.765,26.65,3.655,3.655,65,64,ok
SW2985,Flash Flood Emergency,Tidal Flooding,"Flash Flooding, Coastal Flooding","Manhattan, Bronx, Brooklyn, Queens, Staten Island",2023-10-05 16:30,2023-10-08 08:00,EDT,2023-10-05 20:00,2023-10-08 12:00,63.5,64,FALSE,Bronx,5.725,2.399,5.75,28.698,4.88,4.88,65,64,ok
SW2985,Flash Flood Emergency,Tidal Flooding,"Flash Flooding, Coastal Flooding","Manhattan, Bronx, Brooklyn, Queens, Staten Island",2023-10-05 16:30,2023-10-08 08:00,EDT,2023-10-05 20:00,2023-10-08 12:00,63.5,64,FALSE,Staten Island,5.686,2.68,5.848,23.251,4.254,4.254,65,64,ok
SW2985,Flash Flood Emergency,Tidal Flooding,"Flash Flooding, Coastal Flooding","Manhattan, Bronx, Brooklyn, Queens, Staten Island",2023-10-05 16:30,2023-10-08 08:00,EDT,2023-10-05 20:00,2023-10-08 12:00,63.5,64,FALSE,ALL NYC,6.274,2.913,6.411,26.771,4.039,4.657,65,64,ok
SW2986,Flash Flood Emergency,Tidal Flooding,"Coastal Flooding, Flash Flooding","Staten Island, Queens, Brooklyn, Bronx, Manhattan",2023-11-21 16:30,2023-11-22 10:00,EST,2023-11-21 21:00,2023-11-22 15:00,17.5,18,FALSE,Brooklyn,8.765,6.277,8.778,28.088,5.697,5.697,19,18,ok
SW2986,Flash Flood Emergency,Tidal Flooding,"Coastal Flooding, Flash Flooding","Staten Island, Queens, Brooklyn, Bronx, Manhattan",2023-11-21 16:30,2023-11-22 10:00,EST,2023-11-21 21:00,2023-11-22 15:00,17.5,18,FALSE,Queens,8.853,6.438,8.854,26.449,5.134,5.134,19,18,ok
SW2986,Flash Flood Emergency,Tidal Flooding,"Coastal Flooding, Flash Flooding","Staten Island, Queens, Brooklyn, Bronx, Manhattan",2023-11-21 16:30,2023-11-22 10:00,EST,2023-11-21 21:00,2023-11-22 15:00,17.5,18,FALSE,Manhattan,6.63,4.806,6.63,28.185,5.029,5.029,19,18,ok
SW2986,Flash Flood Emergency,Tidal Flooding,"Coastal Flooding, Flash Flooding","Staten Island, Queens, Brooklyn, Bronx, Manhattan",2023-11-21 16:30,2023-11-22 10:00,EST,2023-11-21 21:00,2023-11-22 15:00,17.5,18,FALSE,Bronx,6.336,4.669,6.336,27.071,4.596,4.596,19,18,ok
SW2986,Flash Flood Emergency,Tidal Flooding,"Coastal Flooding, Flash Flooding","Staten Island, Queens, Brooklyn, Bronx, Manhattan",2023-11-21 16:30,2023-11-22 10:00,EST,2023-11-21 21:00,2023-11-22 15:00,17.5,18,FALSE,Staten Island,7.581,5.262,7.581,31.045,5.974,5.974,19,18,ok
SW2986,Flash Flood Emergency,Tidal Flooding,"Coastal Flooding, Flash Flooding","Staten Island, Queens, Brooklyn, Bronx, Manhattan",2023-11-21 16:30,2023-11-22 10:00,EST,2023-11-21 21:00,2023-11-22 15:00,17.5,18,FALSE,ALL NYC,8.032,5.8,8.064,27.919,5.337,5.337,19,18,ok
SW2987,Flash Flood Emergency,Tidal Flooding,"Flash Flooding, Coastal Flooding","Staten Island, Queens, Brooklyn, Bronx, Manhattan",2023-12-07 16:00,2023-12-11 13:00,EST,2023-12-07 21:00,2023-12-11 18:00,93,93,FALSE,Brooklyn,9.175,3.436,9.175,42.223,5.179,5.182,94,93,ok
SW2987,Flash Flood Emergency,Tidal Flooding,"Flash Flooding, Coastal Flooding","Staten Island, Queens, Brooklyn, Bronx, Manhattan",2023-12-07 16:00,2023-12-11 13:00,EST,2023-12-07 21:00,2023-12-11 18:00,93,93,FALSE,Queens,9.756,3.542,9.756,43.34,5.072,5.432,94,93,ok
SW2987,Flash Flood Emergency,Tidal Flooding,"Flash Flooding, Coastal Flooding","Staten Island, Queens, Brooklyn, Bronx, Manhattan",2023-12-07 16:00,2023-12-11 13:00,EST,2023-12-07 21:00,2023-12-11 18:00,93,93,FALSE,Manhattan,6.968,2.745,7.133,43.366,6.054,6.054,94,93,ok
SW2987,Flash Flood Emergency,Tidal Flooding,"Flash Flooding, Coastal Flooding","Staten Island, Queens, Brooklyn, Bronx, Manhattan",2023-12-07 16:00,2023-12-11 13:00,EST,2023-12-07 21:00,2023-12-11 18:00,93,93,FALSE,Bronx,6.957,2.691,7.096,43.919,6.121,6.121,94,93,ok
SW2987,Flash Flood Emergency,Tidal Flooding,"Flash Flooding, Coastal Flooding","Staten Island, Queens, Brooklyn, Bronx, Manhattan",2023-12-07 16:00,2023-12-11 13:00,EST,2023-12-07 21:00,2023-12-11 18:00,93,93,FALSE,Staten Island,7.281,2.976,7.442,42.459,5.662,5.662,94,93,ok
SW2987,Flash Flood Emergency,Tidal Flooding,"Flash Flooding, Coastal Flooding","Staten Island, Queens, Brooklyn, Bronx, Manhattan",2023-12-07 16:00,2023-12-11 13:00,EST,2023-12-07 21:00,2023-12-11 18:00,93,93,FALSE,ALL NYC,8.536,3.227,8.604,43.007,5.434,5.569,94,93,ok
SW2988,Flash Flood Emergency,Tidal Flooding,"Coastal Flooding, Flash Flooding, High Winds","Staten Island, Queens, Brooklyn, Bronx, Manhattan",2023-12-18 06:00,2023-12-18 11:59,EST,2023-12-18 11:00,2023-12-18 17:00,5.98333,6,FALSE,Brooklyn,8.131,6.256,8.131,15.772,6.947,6.947,7,6,ok
SW2988,Flash Flood Emergency,Tidal Flooding,"Coastal Flooding, Flash Flooding, High Winds","Staten Island, Queens, Brooklyn, Bronx, Manhattan",2023-12-18 06:00,2023-12-18 11:59,EST,2023-12-18 11:00,2023-12-18 17:00,5.98333,6,FALSE,Queens,8.783,6.783,8.967,18.008,7.685,7.924,7,6,ok
SW2988,Flash Flood Emergency,Tidal Flooding,"Coastal Flooding, Flash Flooding, High Winds","Staten Island, Queens, Brooklyn, Bronx, Manhattan",2023-12-18 06:00,2023-12-18 11:59,EST,2023-12-18 11:00,2023-12-18 17:00,5.98333,6,FALSE,Manhattan,6.601,4.825,6.601,19.007,7.658,7.823,7,6,ok
SW2988,Flash Flood Emergency,Tidal Flooding,"Coastal Flooding, Flash Flooding, High Winds","Staten Island, Queens, Brooklyn, Bronx, Manhattan",2023-12-18 06:00,2023-12-18 11:59,EST,2023-12-18 11:00,2023-12-18 17:00,5.98333,6,FALSE,Bronx,6.742,4.878,6.742,20.501,8.858,8.858,7,6,ok
SW2988,Flash Flood Emergency,Tidal Flooding,"Coastal Flooding, Flash Flooding, High Winds","Staten Island, Queens, Brooklyn, Bronx, Manhattan",2023-12-18 06:00,2023-12-18 11:59,EST,2023-12-18 11:00,2023-12-18 17:00,5.98333,6,FALSE,Staten Island,7.129,5.039,7.129,15.097,6.39,6.39,7,6,ok
SW2988,Flash Flood Emergency,Tidal Flooding,"Coastal Flooding, Flash Flooding, High Winds","Staten Island, Queens, Brooklyn, Bronx, Manhattan",2023-12-18 06:00,2023-12-18 11:59,EST,2023-12-18 11:00,2023-12-18 17:00,5.98333,6,FALSE,ALL NYC,7.733,5.909,7.929,17.386,7.299,7.53,7,6,ok
SW2989,Winter Weather Emergency,"Tidal Flooding, Winter Weather","Flash Flooding, Coastal Flooding","Manhattan, Bronx, Brooklyn, Queens, Staten Island",2024-01-09 06:00,2024-01-10 06:00,EST,2024-01-09 11:00,2024-01-10 11:00,24,24,FALSE,Brooklyn,15.219,7.623,15.219,41.448,7.098,7.098,25,24,ok
SW2989,Winter Weather Emergency,"Tidal Flooding, Winter Weather","Flash Flooding, Coastal Flooding","Manhattan, Bronx, Brooklyn, Queens, Staten Island",2024-01-09 06:00,2024-01-10 06:00,EST,2024-01-09 11:00,2024-01-10 11:00,24,24,FALSE,Queens,15.412,7.656,15.412,41.203,6.691,6.691,25,24,ok
SW2989,Winter Weather Emergency,"Tidal Flooding, Winter Weather","Flash Flooding, Coastal Flooding","Manhattan, Bronx, Brooklyn, Queens, Staten Island",2024-01-09 06:00,2024-01-10 06:00,EST,2024-01-09 11:00,2024-01-10 11:00,24,24,FALSE,Manhattan,12.744,6.052,12.744,46.426,6.477,6.804,25,24,ok
SW2989,Winter Weather Emergency,"Tidal Flooding, Winter Weather","Flash Flooding, Coastal Flooding","Manhattan, Bronx, Brooklyn, Queens, Staten Island",2024-01-09 06:00,2024-01-10 06:00,EST,2024-01-09 11:00,2024-01-10 11:00,24,24,FALSE,Bronx,12.42,5.823,12.42,46.527,6.603,6.791,25,24,ok
SW2989,Winter Weather Emergency,"Tidal Flooding, Winter Weather","Flash Flooding, Coastal Flooding","Manhattan, Bronx, Brooklyn, Queens, Staten Island",2024-01-09 06:00,2024-01-10 06:00,EST,2024-01-09 11:00,2024-01-10 11:00,24,24,FALSE,Staten Island,13.576,6.716,13.576,43.319,6.964,6.964,25,24,ok
SW2989,Winter Weather Emergency,"Tidal Flooding, Winter Weather","Flash Flooding, Coastal Flooding","Manhattan, Bronx, Brooklyn, Queens, Staten Island",2024-01-09 06:00,2024-01-10 06:00,EST,2024-01-09 11:00,2024-01-10 11:00,24,24,FALSE,ALL NYC,14.388,7.085,14.388,42.835,6.739,6.854,25,24,ok
SW2990,Winter Weather Emergency,Winter Weather,"Extreme Cold, Freezing Precipitation, Heavy Snow","Staten Island, Queens, Brooklyn, Bronx, Manhattan",2024-01-15 00:00,2024-01-16 23:59,EST,2024-01-15 05:00,2024-01-17 05:00,47.9833,48,FALSE,Brooklyn,5.452,3.114,5.453,11.856,1.468,1.468,49,48,ok
SW2990,Winter Weather Emergency,Winter Weather,"Extreme Cold, Freezing Precipitation, Heavy Snow","Staten Island, Queens, Brooklyn, Bronx, Manhattan",2024-01-15 00:00,2024-01-16 23:59,EST,2024-01-15 05:00,2024-01-17 05:00,47.9833,48,FALSE,Queens,5.608,3.173,5.626,11.714,1.499,1.499,49,48,ok
SW2990,Winter Weather Emergency,Winter Weather,"Extreme Cold, Freezing Precipitation, Heavy Snow","Staten Island, Queens, Brooklyn, Bronx, Manhattan",2024-01-15 00:00,2024-01-16 23:59,EST,2024-01-15 05:00,2024-01-17 05:00,47.9833,48,FALSE,Manhattan,4.328,2.517,4.338,12.076,1.506,1.506,49,48,ok
SW2990,Winter Weather Emergency,Winter Weather,"Extreme Cold, Freezing Precipitation, Heavy Snow","Staten Island, Queens, Brooklyn, Bronx, Manhattan",2024-01-15 00:00,2024-01-16 23:59,EST,2024-01-15 05:00,2024-01-17 05:00,47.9833,48,FALSE,Bronx,4.177,2.441,4.181,12.029,1.52,1.52,49,48,ok
SW2990,Winter Weather Emergency,Winter Weather,"Extreme Cold, Freezing Precipitation, Heavy Snow","Staten Island, Queens, Brooklyn, Bronx, Manhattan",2024-01-15 00:00,2024-01-16 23:59,EST,2024-01-15 05:00,2024-01-17 05:00,47.9833,48,FALSE,Staten Island,4.762,2.742,4.762,12.211,1.437,1.437,49,48,ok
SW2990,Winter Weather Emergency,Winter Weather,"Extreme Cold, Freezing Precipitation, Heavy Snow","Staten Island, Queens, Brooklyn, Bronx, Manhattan",2024-01-15 00:00,2024-01-16 23:59,EST,2024-01-15 05:00,2024-01-17 05:00,47.9833,48,FALSE,ALL NYC,5.073,2.923,5.119,11.914,1.484,1.484,49,48,ok
SW2991,Winter Weather Emergency,Winter Weather,Coastal Flooding,"Manhattan, Bronx, Brooklyn, Queens, Staten Island",2024-01-18 00:00,2024-01-20 08:30,EST,2024-01-18 05:00,2024-01-20 14:00,56.5,57,FALSE,Brooklyn,5.754,3.456,5.754,3.659,0.453,0.453,58,57,ok
SW2991,Winter Weather Emergency,Winter Weather,Coastal Flooding,"Manhattan, Bronx, Brooklyn, Queens, Staten Island",2024-01-18 00:00,2024-01-20 08:30,EST,2024-01-18 05:00,2024-01-20 14:00,56.5,57,FALSE,Queens,5.804,3.574,5.808,3.381,0.41,0.41,58,57,ok
SW2991,Winter Weather Emergency,Winter Weather,Coastal Flooding,"Manhattan, Bronx, Brooklyn, Queens, Staten Island",2024-01-18 00:00,2024-01-20 08:30,EST,2024-01-18 05:00,2024-01-20 14:00,56.5,57,FALSE,Manhattan,4.809,2.743,4.809,3.318,0.411,0.411,58,57,ok
SW2991,Winter Weather Emergency,Winter Weather,Coastal Flooding,"Manhattan, Bronx, Brooklyn, Queens, Staten Island",2024-01-18 00:00,2024-01-20 08:30,EST,2024-01-18 05:00,2024-01-20 14:00,56.5,57,FALSE,Bronx,4.669,2.681,4.669,3.14,0.385,0.385,58,57,ok
SW2991,Winter Weather Emergency,Winter Weather,Coastal Flooding,"Manhattan, Bronx, Brooklyn, Queens, Staten Island",2024-01-18 00:00,2024-01-20 08:30,EST,2024-01-18 05:00,2024-01-20 14:00,56.5,57,FALSE,Staten Island,5.165,2.951,5.165,3.932,0.493,0.493,58,57,ok
SW2991,Winter Weather Emergency,Winter Weather,Coastal Flooding,"Manhattan, Bronx, Brooklyn, Queens, Staten Island",2024-01-18 00:00,2024-01-20 08:30,EST,2024-01-18 05:00,2024-01-20 14:00,56.5,57,FALSE,ALL NYC,5.433,3.238,5.434,3.509,0.432,0.432,58,57,ok
SW2992,Flash Flood Event,Other,"Coastal Flooding, Flash Flooding, High Winds","Staten Island, Queens, Brooklyn, Bronx, Manhattan",2024-03-23 00:00,2024-03-24 23:59,EDT,2024-03-23 04:00,2024-03-25 04:00,47.9833,48,FALSE,Brooklyn,9.212,4.67,9.212,55.639,7.023,7.023,49,48,ok
SW2992,Flash Flood Event,Other,"Coastal Flooding, Flash Flooding, High Winds","Staten Island, Queens, Brooklyn, Bronx, Manhattan",2024-03-23 00:00,2024-03-24 23:59,EDT,2024-03-23 04:00,2024-03-25 04:00,47.9833,48,FALSE,Queens,9.321,4.827,9.444,55.991,6.836,6.981,49,48,ok
SW2992,Flash Flood Event,Other,"Coastal Flooding, Flash Flooding, High Winds","Staten Island, Queens, Brooklyn, Bronx, Manhattan",2024-03-23 00:00,2024-03-24 23:59,EDT,2024-03-23 04:00,2024-03-25 04:00,47.9833,48,FALSE,Manhattan,8.194,3.809,8.194,57.344,6.805,6.914,49,48,ok
SW2992,Flash Flood Event,Other,"Coastal Flooding, Flash Flooding, High Winds","Staten Island, Queens, Brooklyn, Bronx, Manhattan",2024-03-23 00:00,2024-03-24 23:59,EDT,2024-03-23 04:00,2024-03-25 04:00,47.9833,48,FALSE,Bronx,7.914,3.741,8.01,57.737,7.208,7.208,49,48,ok
SW2992,Flash Flood Event,Other,"Coastal Flooding, Flash Flooding, High Winds","Staten Island, Queens, Brooklyn, Bronx, Manhattan",2024-03-23 00:00,2024-03-24 23:59,EDT,2024-03-23 04:00,2024-03-25 04:00,47.9833,48,FALSE,Staten Island,8.523,4.029,8.523,55.392,6.931,6.931,49,48,ok
SW2992,Flash Flood Event,Other,"Coastal Flooding, Flash Flooding, High Winds","Staten Island, Queens, Brooklyn, Bronx, Manhattan",2024-03-23 00:00,2024-03-24 23:59,EDT,2024-03-23 04:00,2024-03-25 04:00,47.9833,48,FALSE,ALL NYC,8.616,4.407,8.918,56.153,6.867,7.002,49,48,ok
SW2993,Severe Weather,Thunderstorms,High Winds,"Manhattan, Bronx, Brooklyn, Queens, Staten Island",2023-04-01 16:00,2023-04-01 23:59,EDT,2023-04-01 20:00,2023-04-02 04:00,7.98333,8,FALSE,Brooklyn,7.388,5.422,7.388,5.698,3.463,3.463,9,8,ok
SW2993,Severe Weather,Thunderstorms,High Winds,"Manhattan, Bronx, Brooklyn, Queens, Staten Island",2023-04-01 16:00,2023-04-01 23:59,EDT,2023-04-01 20:00,2023-04-02 04:00,7.98333,8,FALSE,Queens,6.986,5.352,6.986,4.729,2.579,2.642,9,8,ok
SW2993,Severe Weather,Thunderstorms,High Winds,"Manhattan, Bronx, Brooklyn, Queens, Staten Island",2023-04-01 16:00,2023-04-01 23:59,EDT,2023-04-01 20:00,2023-04-02 04:00,7.98333,8,FALSE,Manhattan,5.905,4.383,5.905,4.028,2.69,2.69,9,8,ok
SW2993,Severe Weather,Thunderstorms,High Winds,"Manhattan, Bronx, Brooklyn, Queens, Staten Island",2023-04-01 16:00,2023-04-01 23:59,EDT,2023-04-01 20:00,2023-04-02 04:00,7.98333,8,FALSE,Bronx,5.439,4.158,5.439,3.213,2.066,2.066,9,8,ok
SW2993,Severe Weather,Thunderstorms,High Winds,"Manhattan, Bronx, Brooklyn, Queens, Staten Island",2023-04-01 16:00,2023-04-01 23:59,EDT,2023-04-01 20:00,2023-04-02 04:00,7.98333,8,FALSE,Staten Island,7.114,5.045,7.114,6.355,4.194,4.194,9,8,ok
SW2993,Severe Weather,Thunderstorms,High Winds,"Manhattan, Bronx, Brooklyn, Queens, Staten Island",2023-04-01 16:00,2023-04-01 23:59,EDT,2023-04-01 20:00,2023-04-02 04:00,7.98333,8,FALSE,ALL NYC,6.798,5.065,6.798,4.986,3.021,3.045,9,8,ok
SW2994,Winter Weather,Winter Weather,High Winds,"Staten Island, Queens, Brooklyn, Bronx, Manhattan",2024-02-13 04:00,2024-02-13 16:00,EST,2024-02-13 09:00,2024-02-13 21:00,12,12,FALSE,Brooklyn,6.297,5.385,6.297,22.086,3.655,3.655,13,12,ok
SW2994,Winter Weather,Winter Weather,High Winds,"Staten Island, Queens, Brooklyn, Bronx, Manhattan",2024-02-13 04:00,2024-02-13 16:00,EST,2024-02-13 09:00,2024-02-13 21:00,12,12,FALSE,Queens,6.199,5.357,6.203,22.105,3.612,3.612,13,12,ok
SW2994,Winter Weather,Winter Weather,High Winds,"Staten Island, Queens, Brooklyn, Bronx, Manhattan",2024-02-13 04:00,2024-02-13 16:00,EST,2024-02-13 09:00,2024-02-13 21:00,12,12,FALSE,Manhattan,4.651,4.062,4.667,21.837,3.453,3.453,13,12,ok
SW2994,Winter Weather,Winter Weather,High Winds,"Staten Island, Queens, Brooklyn, Bronx, Manhattan",2024-02-13 04:00,2024-02-13 16:00,EST,2024-02-13 09:00,2024-02-13 21:00,12,12,FALSE,Bronx,4.35,3.829,4.398,21.759,3.388,3.388,13,12,ok
SW2994,Winter Weather,Winter Weather,High Winds,"Staten Island, Queens, Brooklyn, Bronx, Manhattan",2024-02-13 04:00,2024-02-13 16:00,EST,2024-02-13 09:00,2024-02-13 21:00,12,12,FALSE,Staten Island,5.584,4.737,5.584,22.092,3.678,3.678,13,12,ok
SW2994,Winter Weather,Winter Weather,High Winds,"Staten Island, Queens, Brooklyn, Bronx, Manhattan",2024-02-13 04:00,2024-02-13 16:00,EST,2024-02-13 09:00,2024-02-13 21:00,12,12,FALSE,ALL NYC,5.702,4.928,5.73,22.029,3.59,3.59,13,12,ok
SW2995,Winter Weather,Winter Weather,High Winds,"Manhattan, Bronx, Brooklyn, Queens, Staten Island",2024-02-17 00:00,2024-02-17 23:59,EST,2024-02-17 05:00,2024-02-18 05:00,23.9833,24,FALSE,Brooklyn,5.427,3.183,5.427,6.411,1.071,1.071,25,24,ok
SW2995,Winter Weather,Winter Weather,High Winds,"Manhattan, Bronx, Brooklyn, Queens, Staten Island",2024-02-17 00:00,2024-02-17 23:59,EST,2024-02-17 05:00,2024-02-18 05:00,23.9833,24,FALSE,Queens,5.123,3.151,5.185,6.445,1.033,1.033,25,24,ok
SW2995,Winter Weather,Winter Weather,High Winds,"Manhattan, Bronx, Brooklyn, Queens, Staten Island",2024-02-17 00:00,2024-02-17 23:59,EST,2024-02-17 05:00,2024-02-18 05:00,23.9833,24,FALSE,Manhattan,4.63,2.605,4.63,5.981,0.939,0.939,25,24,ok
SW2995,Winter Weather,Winter Weather,High Winds,"Manhattan, Bronx, Brooklyn, Queens, Staten Island",2024-02-17 00:00,2024-02-17 23:59,EST,2024-02-17 05:00,2024-02-18 05:00,23.9833,24,FALSE,Bronx,4.36,2.495,4.36,5.894,0.894,0.894,25,24,ok
SW2995,Winter Weather,Winter Weather,High Winds,"Manhattan, Bronx, Brooklyn, Queens, Staten Island",2024-02-17 00:00,2024-02-17 23:59,EST,2024-02-17 05:00,2024-02-18 05:00,23.9833,24,FALSE,Staten Island,5.307,2.991,5.307,6.097,1.068,1.068,25,24,ok
SW2995,Winter Weather,Winter Weather,High Winds,"Manhattan, Bronx, Brooklyn, Queens, Staten Island",2024-02-17 00:00,2024-02-17 23:59,EST,2024-02-17 05:00,2024-02-18 05:00,23.9833,24,FALSE,ALL NYC,5.08,2.992,5.103,6.258,1.021,1.021,25,24,ok
SW2996,Flash Flooding,Thunderstorms,Flash Flooding,"Staten Island, Queens, Brooklyn, Bronx, Manhattan",2024-03-06 13:00,2024-03-07 06:00,EST,2024-03-06 18:00,2024-03-07 11:00,17,17,FALSE,Brooklyn,4.688,3.192,4.707,45.286,8.122,8.122,18,17,ok
SW2996,Flash Flooding,Thunderstorms,Flash Flooding,"Staten Island, Queens, Brooklyn, Bronx, Manhattan",2024-03-06 13:00,2024-03-07 06:00,EST,2024-03-06 18:00,2024-03-07 11:00,17,17,FALSE,Queens,4.786,3.085,4.823,46.907,8.192,8.192,18,17,ok
SW2996,Flash Flooding,Thunderstorms,Flash Flooding,"Staten Island, Queens, Brooklyn, Bronx, Manhattan",2024-03-06 13:00,2024-03-07 06:00,EST,2024-03-06 18:00,2024-03-07 11:00,17,17,FALSE,Manhattan,4.272,2.909,4.272,45.942,8.45,8.45,18,17,ok
SW2996,Flash Flooding,Thunderstorms,Flash Flooding,"Staten Island, Queens, Brooklyn, Bronx, Manhattan",2024-03-06 13:00,2024-03-07 06:00,EST,2024-03-06 18:00,2024-03-07 11:00,17,17,FALSE,Bronx,4.263,2.788,4.263,46.834,8.434,8.434,18,17,ok
SW2996,Flash Flooding,Thunderstorms,Flash Flooding,"Staten Island, Queens, Brooklyn, Bronx, Manhattan",2024-03-06 13:00,2024-03-07 06:00,EST,2024-03-06 18:00,2024-03-07 11:00,17,17,FALSE,Staten Island,4.209,3.122,4.213,43.837,7.848,7.925,18,17,ok
SW2996,Flash Flooding,Thunderstorms,Flash Flooding,"Staten Island, Queens, Brooklyn, Bronx, Manhattan",2024-03-06 13:00,2024-03-07 06:00,EST,2024-03-06 18:00,2024-03-07 11:00,17,17,FALSE,ALL NYC,4.454,3.061,4.558,45.874,8.103,8.183,18,17,ok
SW2997,Flash Flooding,Thunderstorms,Flash Flooding,"Manhattan, Bronx, Brooklyn, Queens, Staten Island",2024-03-09 00:00,2024-03-10 23:59,EST,2024-03-09 05:00,2024-03-11 04:00,47.9833,47,FALSE,Brooklyn,9.329,5.979,9.333,26.411,5.092,5.092,48,47,ok
SW2997,Flash Flooding,Thunderstorms,Flash Flooding,"Manhattan, Bronx, Brooklyn, Queens, Staten Island",2024-03-09 00:00,2024-03-10 23:59,EST,2024-03-09 05:00,2024-03-11 04:00,47.9833,47,FALSE,Queens,9.392,5.967,9.392,25.502,5.059,5.173,48,47,ok
SW2997,Flash Flooding,Thunderstorms,Flash Flooding,"Manhattan, Bronx, Brooklyn, Queens, Staten Island",2024-03-09 00:00,2024-03-10 23:59,EST,2024-03-09 05:00,2024-03-11 04:00,47.9833,47,FALSE,Manhattan,7.03,4.672,7.056,33.654,6.776,6.776,48,47,ok
SW2997,Flash Flooding,Thunderstorms,Flash Flooding,"Manhattan, Bronx, Brooklyn, Queens, Staten Island",2024-03-09 00:00,2024-03-10 23:59,EST,2024-03-09 05:00,2024-03-11 04:00,47.9833,47,FALSE,Bronx,6.659,4.46,6.727,33.568,6.747,6.836,48,47,ok
SW2997,Flash Flooding,Thunderstorms,Flash Flooding,"Manhattan, Bronx, Brooklyn, Queens, Staten Island",2024-03-09 00:00,2024-03-10 23:59,EST,2024-03-09 05:00,2024-03-11 04:00,47.9833,47,FALSE,Staten Island,8.141,5.289,8.141,30.69,6.166,6.168,48,47,ok
SW2997,Flash Flooding,Thunderstorms,Flash Flooding,"Manhattan, Bronx, Brooklyn, Queens, Staten Island",2024-03-09 00:00,2024-03-10 23:59,EST,2024-03-09 05:00,2024-03-11 04:00,47.9833,47,FALSE,ALL NYC,8.52,5.526,8.581,28.488,5.539,5.709,48,47,ok
SW2998,Flash Flooding,Thunderstorms,Flash Flooding,"Staten Island, Queens, Brooklyn, Bronx, Manhattan",2024-04-03 00:00,2024-04-04 11:59,EDT,2024-04-03 04:00,2024-04-04 16:00,35.9833,36,FALSE,Brooklyn,10.418,7.158,10.418,36.194,4.257,4.257,37,36,ok
SW2998,Flash Flooding,Thunderstorms,Flash Flooding,"Staten Island, Queens, Brooklyn, Bronx, Manhattan",2024-04-03 00:00,2024-04-04 11:59,EDT,2024-04-03 04:00,2024-04-04 16:00,35.9833,36,FALSE,Queens,10.547,7.387,10.619,35.86,4.124,4.124,37,36,ok
SW2998,Flash Flooding,Thunderstorms,Flash Flooding,"Staten Island, Queens, Brooklyn, Bronx, Manhattan",2024-04-03 00:00,2024-04-04 11:59,EDT,2024-04-03 04:00,2024-04-04 16:00,35.9833,36,FALSE,Manhattan,8.614,5.852,8.614,35.123,4.116,4.116,37,36,ok
SW2998,Flash Flooding,Thunderstorms,Flash Flooding,"Staten Island, Queens, Brooklyn, Bronx, Manhattan",2024-04-03 00:00,2024-04-04 11:59,EDT,2024-04-03 04:00,2024-04-04 16:00,35.9833,36,FALSE,Bronx,8.373,5.754,8.373,34.512,4.015,4.015,37,36,ok
SW2998,Flash Flooding,Thunderstorms,Flash Flooding,"Staten Island, Queens, Brooklyn, Bronx, Manhattan",2024-04-03 00:00,2024-04-04 11:59,EDT,2024-04-03 04:00,2024-04-04 16:00,35.9833,36,FALSE,Staten Island,9.195,6.177,9.195,36.287,4.432,4.433,37,36,ok
SW2998,Flash Flooding,Thunderstorms,Flash Flooding,"Staten Island, Queens, Brooklyn, Bronx, Manhattan",2024-04-03 00:00,2024-04-04 11:59,EDT,2024-04-03 04:00,2024-04-04 16:00,35.9833,36,FALSE,ALL NYC,9.802,6.755,9.829,35.772,4.196,4.196,37,36,ok
SW2999,Air Quality Emergency,Other,Wildfire,"Manhattan, Bronx, Brooklyn, Queens, Staten Island",2023-06-05 00:00,2023-06-09 23:59,EDT,2023-06-05 04:00,2023-06-10 04:00,119.983,120,FALSE,Brooklyn,5.518,2.784,5.676,2.23,0.625,0.854,121,120,ok
SW2999,Air Quality Emergency,Other,Wildfire,"Manhattan, Bronx, Brooklyn, Queens, Staten Island",2023-06-05 00:00,2023-06-09 23:59,EDT,2023-06-05 04:00,2023-06-10 04:00,119.983,120,FALSE,Queens,5.171,2.737,5.224,3.17,1.417,1.426,121,120,ok
SW2999,Air Quality Emergency,Other,Wildfire,"Manhattan, Bronx, Brooklyn, Queens, Staten Island",2023-06-05 00:00,2023-06-09 23:59,EDT,2023-06-05 04:00,2023-06-10 04:00,119.983,120,FALSE,Manhattan,4.916,2.516,4.967,3.367,1.566,1.566,121,120,ok
SW2999,Air Quality Emergency,Other,Wildfire,"Manhattan, Bronx, Brooklyn, Queens, Staten Island",2023-06-05 00:00,2023-06-09 23:59,EDT,2023-06-05 04:00,2023-06-10 04:00,119.983,120,FALSE,Bronx,4.825,2.435,4.825,4.151,2.287,2.287,121,120,ok
SW2999,Air Quality Emergency,Other,Wildfire,"Manhattan, Bronx, Brooklyn, Queens, Staten Island",2023-06-05 00:00,2023-06-09 23:59,EDT,2023-06-05 04:00,2023-06-10 04:00,119.983,120,FALSE,Staten Island,5.736,2.678,5.736,1.821,0.837,0.837,121,120,ok
SW2999,Air Quality Emergency,Other,Wildfire,"Manhattan, Bronx, Brooklyn, Queens, Staten Island",2023-06-05 00:00,2023-06-09 23:59,EDT,2023-06-05 04:00,2023-06-10 04:00,119.983,120,FALSE,ALL NYC,5.112,2.677,5.343,2.855,1.085,1.312,121,120,ok
SW3000,Extreme Heat Emergency,Extreme Heat,Extreme Heat,"Staten Island, Queens, Brooklyn, Bronx, Manhattan",2023-09-04 15:15,2023-09-08 17:30,EDT,2023-09-04 19:00,2023-09-08 22:00,98.25,99,FALSE,Brooklyn,4.377,2.054,4.404,5.742,1.723,1.799,100,99,ok
SW3000,Extreme Heat Emergency,Extreme Heat,Extreme Heat,"Staten Island, Queens, Brooklyn, Bronx, Manhattan",2023-09-04 15:15,2023-09-08 17:30,EDT,2023-09-04 19:00,2023-09-08 22:00,98.25,99,FALSE,Queens,4.379,2.158,4.405,4.377,1.685,1.699,100,99,ok
SW3000,Extreme Heat Emergency,Extreme Heat,Extreme Heat,"Staten Island, Queens, Brooklyn, Bronx, Manhattan",2023-09-04 15:15,2023-09-08 17:30,EDT,2023-09-04 19:00,2023-09-08 22:00,98.25,99,FALSE,Manhattan,3.508,1.843,3.508,7.649,2.612,2.668,100,99,ok
SW3000,Extreme Heat Emergency,Extreme Heat,Extreme Heat,"Staten Island, Queens, Brooklyn, Bronx, Manhattan",2023-09-04 15:15,2023-09-08 17:30,EDT,2023-09-04 19:00,2023-09-08 22:00,98.25,99,FALSE,Bronx,3.287,1.85,3.298,7.457,3.031,3.031,100,99,ok
SW3000,Extreme Heat Emergency,Extreme Heat,Extreme Heat,"Staten Island, Queens, Brooklyn, Bronx, Manhattan",2023-09-04 15:15,2023-09-08 17:30,EDT,2023-09-04 19:00,2023-09-08 22:00,98.25,99,FALSE,Staten Island,3.812,1.898,3.825,8.464,3.095,3.095,100,99,ok
SW3000,Extreme Heat Emergency,Extreme Heat,Extreme Heat,"Staten Island, Queens, Brooklyn, Bronx, Manhattan",2023-09-04 15:15,2023-09-08 17:30,EDT,2023-09-04 19:00,2023-09-08 22:00,98.25,99,FALSE,ALL NYC,3.957,2.017,4.069,6.149,1.711,2.245,100,99,ok
SW3001,Flash Flood Emergency,Tidal Flooding,"Coastal Flooding, Flash Flooding","Manhattan, Bronx, Brooklyn, Queens, Staten Island",2023-09-08 12:00,2023-09-14 07:30,EDT,2023-09-08 16:00,2023-09-14 12:00,139.5,140,FALSE,Brooklyn,4.377,2.01,4.379,58.089,3.059,3.467,141,140,ok
SW3001,Flash Flood Emergency,Tidal Flooding,"Coastal Flooding, Flash Flooding","Manhattan, Bronx, Brooklyn, Queens, Staten Island",2023-09-08 12:00,2023-09-14 07:30,EDT,2023-09-08 16:00,2023-09-14 12:00,139.5,140,FALSE,Queens,4.379,2.107,4.417,58.856,3.601,4.274,141,140,ok
SW3001,Flash Flood Emergency,Tidal Flooding,"Coastal Flooding, Flash Flooding","Manhattan, Bronx, Brooklyn, Queens, Staten Island",2023-09-08 12:00,2023-09-14 07:30,EDT,2023-09-08 16:00,2023-09-14 12:00,139.5,140,FALSE,Manhattan,3.251,1.622,3.295,60.142,4.042,4.043,141,140,ok
SW3001,Flash Flood Emergency,Tidal Flooding,"Coastal Flooding, Flash Flooding","Manhattan, Bronx, Brooklyn, Queens, Staten Island",2023-09-08 12:00,2023-09-14 07:30,EDT,2023-09-08 16:00,2023-09-14 12:00,139.5,140,FALSE,Bronx,3.206,1.599,3.206,60.867,4.471,4.471,141,140,ok
SW3001,Flash Flood Emergency,Tidal Flooding,"Coastal Flooding, Flash Flooding","Manhattan, Bronx, Brooklyn, Queens, Staten Island",2023-09-08 12:00,2023-09-14 07:30,EDT,2023-09-08 16:00,2023-09-14 12:00,139.5,140,FALSE,Staten Island,3.849,1.75,3.887,58.8,3.233,3.333,141,140,ok
SW3001,Flash Flood Emergency,Tidal Flooding,"Coastal Flooding, Flash Flooding","Manhattan, Bronx, Brooklyn, Queens, Staten Island",2023-09-08 12:00,2023-09-14 07:30,EDT,2023-09-08 16:00,2023-09-14 12:00,139.5,140,FALSE,ALL NYC,3.957,1.908,4.047,59.057,3.472,3.924,141,140,ok
SW3002,Severe Weather,Thunderstorms,Flash Flooding,"Staten Island, Queens, Brooklyn, Bronx, Manhattan",2024-06-14 00:01,2024-06-15 23:59,EDT,2024-06-14 04:00,2024-06-16 04:00,47.9667,48,FALSE,Brooklyn,5.139,3.154,5.139,18.462,5.609,5.609,49,48,ok
SW3002,Severe Weather,Thunderstorms,Flash Flooding,"Staten Island, Queens, Brooklyn, Bronx, Manhattan",2024-06-14 00:01,2024-06-15 23:59,EDT,2024-06-14 04:00,2024-06-16 04:00,47.9667,48,FALSE,Queens,5.161,3.184,5.161,19.513,5.33,5.395,49,48,ok
SW3002,Severe Weather,Thunderstorms,Flash Flooding,"Staten Island, Queens, Brooklyn, Bronx, Manhattan",2024-06-14 00:01,2024-06-15 23:59,EDT,2024-06-14 04:00,2024-06-16 04:00,47.9667,48,FALSE,Manhattan,4.401,2.602,4.401,20.595,5.189,5.305,49,48,ok
SW3002,Severe Weather,Thunderstorms,Flash Flooding,"Staten Island, Queens, Brooklyn, Bronx, Manhattan",2024-06-14 00:01,2024-06-15 23:59,EDT,2024-06-14 04:00,2024-06-16 04:00,47.9667,48,FALSE,Bronx,4.296,2.55,4.296,21.386,5.252,5.281,49,48,ok
SW3002,Severe Weather,Thunderstorms,Flash Flooding,"Staten Island, Queens, Brooklyn, Bronx, Manhattan",2024-06-14 00:01,2024-06-15 23:59,EDT,2024-06-14 04:00,2024-06-16 04:00,47.9667,48,FALSE,Staten Island,4.6,2.847,4.6,18.857,5.278,5.279,49,48,ok
SW3002,Severe Weather,Thunderstorms,Flash Flooding,"Staten Island, Queens, Brooklyn, Bronx, Manhattan",2024-06-14 00:01,2024-06-15 23:59,EDT,2024-06-14 04:00,2024-06-16 04:00,47.9667,48,FALSE,ALL NYC,4.868,2.977,4.868,19.503,5.126,5.396,49,48,ok
SW3003,Heat,Extreme Heat,Extreme Heat,"Manhattan, Bronx, Brooklyn, Queens, Staten Island",2024-06-17 00:00,2024-06-23 23:59,EDT,2024-06-17 04:00,2024-06-24 04:00,167.983,168,FALSE,Brooklyn,6.698,3.531,6.698,8.615,2.885,2.885,169,168,ok
SW3003,Heat,Extreme Heat,Extreme Heat,"Manhattan, Bronx, Brooklyn, Queens, Staten Island",2024-06-17 00:00,2024-06-23 23:59,EDT,2024-06-17 04:00,2024-06-24 04:00,167.983,168,FALSE,Queens,6.768,3.602,6.768,8.338,2.97,2.972,169,168,ok
SW3003,Heat,Extreme Heat,Extreme Heat,"Manhattan, Bronx, Brooklyn, Queens, Staten Island",2024-06-17 00:00,2024-06-23 23:59,EDT,2024-06-17 04:00,2024-06-24 04:00,167.983,168,FALSE,Manhattan,5.783,2.772,5.783,9.129,2.757,2.757,169,168,ok
SW3003,Heat,Extreme Heat,Extreme Heat,"Manhattan, Bronx, Brooklyn, Queens, Staten Island",2024-06-17 00:00,2024-06-23 23:59,EDT,2024-06-17 04:00,2024-06-24 04:00,167.983,168,FALSE,Bronx,5.625,2.683,5.625,9.163,2.805,2.808,169,168,ok
SW3003,Heat,Extreme Heat,Extreme Heat,"Manhattan, Bronx, Brooklyn, Queens, Staten Island",2024-06-17 00:00,2024-06-23 23:59,EDT,2024-06-17 04:00,2024-06-24 04:00,167.983,168,FALSE,Staten Island,6.094,3.072,6.122,8.527,2.659,2.659,169,168,ok
SW3003,Heat,Extreme Heat,Extreme Heat,"Manhattan, Bronx, Brooklyn, Queens, Staten Island",2024-06-17 00:00,2024-06-23 23:59,EDT,2024-06-17 04:00,2024-06-24 04:00,167.983,168,FALSE,ALL NYC,6.386,3.29,6.391,8.614,2.805,2.853,169,168,ok
SW3004,Severe Wether,Thunderstorms,Flash Flooding,"Staten Island, Queens, Brooklyn, Bronx, Manhattan",2024-06-30 00:00,2024-06-30 23:59,EDT,2024-06-30 04:00,2024-07-01 04:00,23.9833,24,FALSE,Brooklyn,5.358,4.036,5.358,33.172,12.474,12.474,25,24,ok
SW3004,Severe Wether,Thunderstorms,Flash Flooding,"Staten Island, Queens, Brooklyn, Bronx, Manhattan",2024-06-30 00:00,2024-06-30 23:59,EDT,2024-06-30 04:00,2024-07-01 04:00,23.9833,24,FALSE,Queens,5.441,4.015,5.441,38.844,11.086,11.086,25,24,ok
SW3004,Severe Wether,Thunderstorms,Flash Flooding,"Staten Island, Queens, Brooklyn, Bronx, Manhattan",2024-06-30 00:00,2024-06-30 23:59,EDT,2024-06-30 04:00,2024-07-01 04:00,23.9833,24,FALSE,Manhattan,4.66,3.311,4.66,40.329,9.974,10.024,25,24,ok
SW3004,Severe Wether,Thunderstorms,Flash Flooding,"Staten Island, Queens, Brooklyn, Bronx, Manhattan",2024-06-30 00:00,2024-06-30 23:59,EDT,2024-06-30 04:00,2024-07-01 04:00,23.9833,24,FALSE,Bronx,4.592,3.172,4.592,44.478,9.075,9.475,25,24,ok
SW3004,Severe Wether,Thunderstorms,Flash Flooding,"Staten Island, Queens, Brooklyn, Bronx, Manhattan",2024-06-30 00:00,2024-06-30 23:59,EDT,2024-06-30 04:00,2024-07-01 04:00,23.9833,24,FALSE,Staten Island,4.877,3.706,4.877,31.176,13.558,13.558,25,24,ok
SW3004,Severe Wether,Thunderstorms,Flash Flooding,"Staten Island, Queens, Brooklyn, Bronx, Manhattan",2024-06-30 00:00,2024-06-30 23:59,EDT,2024-06-30 04:00,2024-07-01 04:00,23.9833,24,FALSE,ALL NYC,5.134,3.787,5.134,37.022,11.491,11.545,25,24,ok
SW3005,Heat,Extreme Heat,Extreme Heat,"Manhattan, Bronx, Brooklyn, Queens, Staten Island",2024-07-06 00:00,2024-07-17 23:59,EDT,2024-07-06 04:00,2024-07-18 04:00,287.983,288,FALSE,Brooklyn,8.041,2.918,8.041,57.158,5.062,5.062,289,288,ok
SW3005,Heat,Extreme Heat,Extreme Heat,"Manhattan, Bronx, Brooklyn, Queens, Staten Island",2024-07-06 00:00,2024-07-17 23:59,EDT,2024-07-06 04:00,2024-07-18 04:00,287.983,288,FALSE,Queens,7.994,3,7.994,55.191,4.028,4.338,289,288,ok
SW3005,Heat,Extreme Heat,Extreme Heat,"Manhattan, Bronx, Brooklyn, Queens, Staten Island",2024-07-06 00:00,2024-07-17 23:59,EDT,2024-07-06 04:00,2024-07-18 04:00,287.983,288,FALSE,Manhattan,6.622,2.341,6.622,61.527,5.103,5.165,289,288,ok
SW3005,Heat,Extreme Heat,Extreme Heat,"Manhattan, Bronx, Brooklyn, Queens, Staten Island",2024-07-06 00:00,2024-07-17 23:59,EDT,2024-07-06 04:00,2024-07-18 04:00,287.983,288,FALSE,Bronx,6.375,2.289,6.375,61.11,4.766,4.897,289,288,ok
SW3005,Heat,Extreme Heat,Extreme Heat,"Manhattan, Bronx, Brooklyn, Queens, Staten Island",2024-07-06 00:00,2024-07-17 23:59,EDT,2024-07-06 04:00,2024-07-18 04:00,287.983,288,FALSE,Staten Island,7.247,2.55,7.247,61.927,5.395,5.496,289,288,ok
SW3005,Heat,Extreme Heat,Extreme Heat,"Manhattan, Bronx, Brooklyn, Queens, Staten Island",2024-07-06 00:00,2024-07-17 23:59,EDT,2024-07-06 04:00,2024-07-18 04:00,287.983,288,FALSE,ALL NYC,7.526,2.744,7.526,58.249,4.345,4.864,289,288,ok
SW3006,Heat,Extreme Heat,Extreme Heat,"Staten Island, Queens, Brooklyn, Bronx, Manhattan",2024-07-31 00:00,2024-08-05 23:59,EDT,2024-07-31 04:00,2024-08-06 04:00,143.983,144,FALSE,Brooklyn,5.112,2.945,5.112,21.921,3.805,3.92,145,144,ok
SW3006,Heat,Extreme Heat,Extreme Heat,"Staten Island, Queens, Brooklyn, Bronx, Manhattan",2024-07-31 00:00,2024-08-05 23:59,EDT,2024-07-31 04:00,2024-08-06 04:00,143.983,144,FALSE,Queens,5.027,3.037,5.092,20.929,4.111,4.213,145,144,ok
SW3006,Heat,Extreme Heat,Extreme Heat,"Staten Island, Queens, Brooklyn, Bronx, Manhattan",2024-07-31 00:00,2024-08-05 23:59,EDT,2024-07-31 04:00,2024-08-06 04:00,143.983,144,FALSE,Manhattan,3.983,2.349,4.022,18.157,2.071,2.072,145,144,ok
SW3006,Heat,Extreme Heat,Extreme Heat,"Staten Island, Queens, Brooklyn, Bronx, Manhattan",2024-07-31 00:00,2024-08-05 23:59,EDT,2024-07-31 04:00,2024-08-06 04:00,143.983,144,FALSE,Bronx,3.815,2.294,3.848,17.747,1.495,1.625,145,144,ok
SW3006,Heat,Extreme Heat,Extreme Heat,"Staten Island, Queens, Brooklyn, Bronx, Manhattan",2024-07-31 00:00,2024-08-05 23:59,EDT,2024-07-31 04:00,2024-08-06 04:00,143.983,144,FALSE,Staten Island,4.501,2.568,4.57,22.491,3.688,3.688,145,144,ok
SW3006,Heat,Extreme Heat,Extreme Heat,"Staten Island, Queens, Brooklyn, Bronx, Manhattan",2024-07-31 00:00,2024-08-05 23:59,EDT,2024-07-31 04:00,2024-08-06 04:00,143.983,144,FALSE,ALL NYC,4.685,2.768,4.737,20.766,2.809,3.517,145,144,ok
SW3007,Flash Flooding,Thunderstorms,Flash Flooding,"Manhattan, Bronx, Brooklyn, Queens, Staten Island",2024-08-06 14:00,2024-08-07 12:00,EDT,2024-08-06 18:00,2024-08-07 16:00,22,22,FALSE,Brooklyn,5.983,2.846,5.983,45.737,9.651,9.651,23,22,ok
SW3007,Flash Flooding,Thunderstorms,Flash Flooding,"Manhattan, Bronx, Brooklyn, Queens, Staten Island",2024-08-06 14:00,2024-08-07 12:00,EDT,2024-08-06 18:00,2024-08-07 16:00,22,22,FALSE,Queens,5.997,2.971,5.997,43.589,8.523,8.587,23,22,ok
SW3007,Flash Flooding,Thunderstorms,Flash Flooding,"Manhattan, Bronx, Brooklyn, Queens, Staten Island",2024-08-06 14:00,2024-08-07 12:00,EDT,2024-08-06 18:00,2024-08-07 16:00,22,22,FALSE,Manhattan,5.001,2.592,5.001,35.702,6.832,7.202,23,22,ok
SW3007,Flash Flooding,Thunderstorms,Flash Flooding,"Manhattan, Bronx, Brooklyn, Queens, Staten Island",2024-08-06 14:00,2024-08-07 12:00,EDT,2024-08-06 18:00,2024-08-07 16:00,22,22,FALSE,Bronx,4.825,2.762,4.825,32.63,6.354,6.413,23,22,ok
SW3007,Flash Flooding,Thunderstorms,Flash Flooding,"Manhattan, Bronx, Brooklyn, Queens, Staten Island",2024-08-06 14:00,2024-08-07 12:00,EDT,2024-08-06 18:00,2024-08-07 16:00,22,22,FALSE,Staten Island,5.346,2.499,5.363,43.346,8.776,8.798,23,22,ok
SW3007,Flash Flooding,Thunderstorms,Flash Flooding,"Manhattan, Bronx, Brooklyn, Queens, Staten Island",2024-08-06 14:00,2024-08-07 12:00,EDT,2024-08-06 18:00,2024-08-07 16:00,22,22,FALSE,ALL NYC,5.627,2.791,5.63,41.863,8.158,8.449,23,22,ok
SW3008,Flash Flooding,Thunderstorms,Flash Flooding,"Staten Island, Queens, Brooklyn, Bronx, Manhattan",2024-08-09 00:00,2024-08-09 23:59,EDT,2024-08-09 04:00,2024-08-10 04:00,23.9833,24,FALSE,Brooklyn,9.775,6.154,9.775,13.981,3.135,3.135,25,24,ok
SW3008,Flash Flooding,Thunderstorms,Flash Flooding,"Staten Island, Queens, Brooklyn, Bronx, Manhattan",2024-08-09 00:00,2024-08-09 23:59,EDT,2024-08-09 04:00,2024-08-10 04:00,23.9833,24,FALSE,Queens,9.751,6.31,9.812,12.951,2.38,2.475,25,24,ok
SW3008,Flash Flooding,Thunderstorms,Flash Flooding,"Staten Island, Queens, Brooklyn, Bronx, Manhattan",2024-08-09 00:00,2024-08-09 23:59,EDT,2024-08-09 04:00,2024-08-10 04:00,23.9833,24,FALSE,Manhattan,7.788,4.926,7.824,18.84,3.833,3.834,25,24,ok
SW3008,Flash Flooding,Thunderstorms,Flash Flooding,"Staten Island, Queens, Brooklyn, Bronx, Manhattan",2024-08-09 00:00,2024-08-09 23:59,EDT,2024-08-09 04:00,2024-08-10 04:00,23.9833,24,FALSE,Bronx,7.622,4.809,7.624,18.705,3.518,3.518,25,24,ok
SW3008,Flash Flooding,Thunderstorms,Flash Flooding,"Staten Island, Queens, Brooklyn, Bronx, Manhattan",2024-08-09 00:00,2024-08-09 23:59,EDT,2024-08-09 04:00,2024-08-10 04:00,23.9833,24,FALSE,Staten Island,8.491,5.28,8.507,18.44,4.657,4.657,25,24,ok
SW3008,Flash Flooding,Thunderstorms,Flash Flooding,"Staten Island, Queens, Brooklyn, Bronx, Manhattan",2024-08-09 00:00,2024-08-09 23:59,EDT,2024-08-09 04:00,2024-08-10 04:00,23.9833,24,FALSE,ALL NYC,9.045,5.758,9.089,15.507,3.258,3.293,25,24,ok
SW3009,Snow,Winter Weather,Heavy Snow,"Manhattan, Bronx, Brooklyn, Queens, Staten Island",2025-01-19 00:00,2025-01-19 23:59,EST,2025-01-19 05:00,2025-01-20 05:00,23.9833,24,FALSE,Brooklyn,5.844,3.644,5.844,7.399,1.929,1.929,25,24,ok
SW3009,Snow,Winter Weather,Heavy Snow,"Manhattan, Bronx, Brooklyn, Queens, Staten Island",2025-01-19 00:00,2025-01-19 23:59,EST,2025-01-19 05:00,2025-01-20 05:00,23.9833,24,FALSE,Queens,5.923,3.67,6.016,7.539,2.074,2.074,25,24,ok
SW3009,Snow,Winter Weather,Heavy Snow,"Manhattan, Bronx, Brooklyn, Queens, Staten Island",2025-01-19 00:00,2025-01-19 23:59,EST,2025-01-19 05:00,2025-01-20 05:00,23.9833,24,FALSE,Manhattan,4.9,3.024,4.9,7.566,1.861,1.861,25,24,ok
SW3009,Snow,Winter Weather,Heavy Snow,"Manhattan, Bronx, Brooklyn, Queens, Staten Island",2025-01-19 00:00,2025-01-19 23:59,EST,2025-01-19 05:00,2025-01-20 05:00,23.9833,24,FALSE,Bronx,4.801,2.936,4.801,7.693,1.951,1.951,25,24,ok
SW3009,Snow,Winter Weather,Heavy Snow,"Manhattan, Bronx, Brooklyn, Queens, Staten Island",2025-01-19 00:00,2025-01-19 23:59,EST,2025-01-19 05:00,2025-01-20 05:00,23.9833,24,FALSE,Staten Island,5.171,3.248,5.171,7.358,1.672,1.713,25,24,ok
SW3009,Snow,Winter Weather,Heavy Snow,"Manhattan, Bronx, Brooklyn, Queens, Staten Island",2025-01-19 00:00,2025-01-19 23:59,EST,2025-01-19 05:00,2025-01-20 05:00,23.9833,24,FALSE,ALL NYC,5.523,3.429,5.558,7.496,1.93,1.938,25,24,ok
SW3010,Snow,Winter Weather,Extreme Cold,"Staten Island, Queens, Brooklyn, Bronx, Manhattan",2025-02-08 17:00,2025-02-09 11:00,EST,2025-02-08 22:00,2025-02-09 16:00,18,18,FALSE,Brooklyn,5.544,2.88,5.544,14.196,3.168,3.168,19,18,ok
SW3010,Snow,Winter Weather,Extreme Cold,"Staten Island, Queens, Brooklyn, Bronx, Manhattan",2025-02-08 17:00,2025-02-09 11:00,EST,2025-02-08 22:00,2025-02-09 16:00,18,18,FALSE,Queens,5.268,2.921,5.268,13.92,3.059,3.059,19,18,ok
SW3010,Snow,Winter Weather,Extreme Cold,"Staten Island, Queens, Brooklyn, Bronx, Manhattan",2025-02-08 17:00,2025-02-09 11:00,EST,2025-02-08 22:00,2025-02-09 16:00,18,18,FALSE,Manhattan,4.412,2.26,4.412,14.221,3.197,3.197,19,18,ok
SW3010,Snow,Winter Weather,Extreme Cold,"Staten Island, Queens, Brooklyn, Bronx, Manhattan",2025-02-08 17:00,2025-02-09 11:00,EST,2025-02-08 22:00,2025-02-09 16:00,18,18,FALSE,Bronx,4.105,2.185,4.105,14.083,3.104,3.104,19,18,ok
SW3010,Snow,Winter Weather,Extreme Cold,"Staten Island, Queens, Brooklyn, Bronx, Manhattan",2025-02-08 17:00,2025-02-09 11:00,EST,2025-02-08 22:00,2025-02-09 16:00,18,18,FALSE,Staten Island,5.194,2.533,5.194,14.462,3.289,3.289,19,18,ok
SW3010,Snow,Winter Weather,Extreme Cold,"Staten Island, Queens, Brooklyn, Bronx, Manhattan",2025-02-08 17:00,2025-02-09 11:00,EST,2025-02-08 22:00,2025-02-09 16:00,18,18,FALSE,ALL NYC,5.084,2.682,5.084,14.132,3.145,3.145,19,18,ok
SW3011,Heat,Extreme Heat,Extreme Heat,"Manhattan, Bronx, Brooklyn, Queens, Staten Island",2025-06-22 00:00,2025-06-25 00:00,EDT,2025-06-22 04:00,2025-06-25 04:00,72,72,FALSE,Brooklyn,5.874,2.958,5.874,1.695,0.72,0.72,73,72,ok
SW3011,Heat,Extreme Heat,Extreme Heat,"Manhattan, Bronx, Brooklyn, Queens, Staten Island",2025-06-22 00:00,2025-06-25 00:00,EDT,2025-06-22 04:00,2025-06-25 04:00,72,72,FALSE,Queens,5.599,2.927,5.633,1.488,0.398,0.491,73,72,ok
SW3011,Heat,Extreme Heat,Extreme Heat,"Manhattan, Bronx, Brooklyn, Queens, Staten Island",2025-06-22 00:00,2025-06-25 00:00,EDT,2025-06-22 04:00,2025-06-25 04:00,72,72,FALSE,Manhattan,4.706,2.475,4.712,1.401,0.59,0.59,73,72,ok
SW3011,Heat,Extreme Heat,Extreme Heat,"Manhattan, Bronx, Brooklyn, Queens, Staten Island",2025-06-22 00:00,2025-06-25 00:00,EDT,2025-06-22 04:00,2025-06-25 04:00,72,72,FALSE,Bronx,4.408,2.369,4.414,1.265,0.372,0.372,73,72,ok
SW3011,Heat,Extreme Heat,Extreme Heat,"Manhattan, Bronx, Brooklyn, Queens, Staten Island",2025-06-22 00:00,2025-06-25 00:00,EDT,2025-06-22 04:00,2025-06-25 04:00,72,72,FALSE,Staten Island,5.509,2.745,5.509,1.616,1.125,1.125,73,72,ok
SW3011,Heat,Extreme Heat,Extreme Heat,"Manhattan, Bronx, Brooklyn, Queens, Staten Island",2025-06-22 00:00,2025-06-25 00:00,EDT,2025-06-22 04:00,2025-06-25 04:00,72,72,FALSE,ALL NYC,5.398,2.785,5.419,1.52,0.598,0.655,73,72,ok
SW3012,Heat,Extreme Heat,Extreme Heat,"Staten Island, Queens, Brooklyn, Bronx, Manhattan",2025-07-16 11:00,2025-07-17 23:59,EDT,2025-07-16 15:00,2025-07-18 04:00,36.9833,37,FALSE,Brooklyn,6.908,4.222,6.908,3.125,1.335,1.335,38,37,ok
SW3012,Heat,Extreme Heat,Extreme Heat,"Staten Island, Queens, Brooklyn, Bronx, Manhattan",2025-07-16 11:00,2025-07-17 23:59,EDT,2025-07-16 15:00,2025-07-18 04:00,36.9833,37,FALSE,Queens,6.544,4.186,6.581,3.03,0.901,0.917,38,37,ok
SW3012,Heat,Extreme Heat,Extreme Heat,"Staten Island, Queens, Brooklyn, Bronx, Manhattan",2025-07-16 11:00,2025-07-17 23:59,EDT,2025-07-16 15:00,2025-07-18 04:00,36.9833,37,FALSE,Manhattan,5.535,3.382,5.535,3.718,1.467,1.467,38,37,ok
SW3012,Heat,Extreme Heat,Extreme Heat,"Staten Island, Queens, Brooklyn, Bronx, Manhattan",2025-07-16 11:00,2025-07-17 23:59,EDT,2025-07-16 15:00,2025-07-18 04:00,36.9833,37,FALSE,Bronx,5.092,3.217,5.092,3.881,1.282,1.282,38,37,ok
SW3012,Heat,Extreme Heat,Extreme Heat,"Staten Island, Queens, Brooklyn, Bronx, Manhattan",2025-07-16 11:00,2025-07-17 23:59,EDT,2025-07-16 15:00,2025-07-18 04:00,36.9833,37,FALSE,Staten Island,6.402,3.802,6.402,3.681,1.992,1.992,38,37,ok
SW3012,Heat,Extreme Heat,Extreme Heat,"Staten Island, Queens, Brooklyn, Bronx, Manhattan",2025-07-16 11:00,2025-07-17 23:59,EDT,2025-07-16 15:00,2025-07-18 04:00,36.9833,37,FALSE,ALL NYC,6.315,3.921,6.329,3.347,1.304,1.31,38,37,ok
SW3013,Heat,Extreme Heat,Extreme Heat,"Manhattan, Bronx, Brooklyn, Queens, Staten Island",2025-07-25 11:00,2025-07-30 20:00,EDT,2025-07-25 15:00,2025-07-31 00:00,129,129,FALSE,Brooklyn,5.252,2.685,5.252,16.056,2.832,2.832,130,129,ok
SW3013,Heat,Extreme Heat,Extreme Heat,"Manhattan, Bronx, Brooklyn, Queens, Staten Island",2025-07-25 11:00,2025-07-30 20:00,EDT,2025-07-25 15:00,2025-07-31 00:00,129,129,FALSE,Queens,5.051,2.694,5.051,16.466,2.08,2.227,130,129,ok
SW3013,Heat,Extreme Heat,Extreme Heat,"Manhattan, Bronx, Brooklyn, Queens, Staten Island",2025-07-25 11:00,2025-07-30 20:00,EDT,2025-07-25 15:00,2025-07-31 00:00,129,129,FALSE,Manhattan,4.669,2.183,4.669,15.306,1.585,1.783,130,129,ok
SW3013,Heat,Extreme Heat,Extreme Heat,"Manhattan, Bronx, Brooklyn, Queens, Staten Island",2025-07-25 11:00,2025-07-30 20:00,EDT,2025-07-25 15:00,2025-07-31 00:00,129,129,FALSE,Bronx,4.423,2.11,4.423,15.922,1.835,1.835,130,129,ok
SW3013,Heat,Extreme Heat,Extreme Heat,"Manhattan, Bronx, Brooklyn, Queens, Staten Island",2025-07-25 11:00,2025-07-30 20:00,EDT,2025-07-25 15:00,2025-07-31 00:00,129,129,FALSE,Staten Island,5.157,2.408,5.157,15.444,2.795,2.795,130,129,ok
SW3013,Heat,Extreme Heat,Extreme Heat,"Manhattan, Bronx, Brooklyn, Queens, Staten Island",2025-07-25 11:00,2025-07-30 20:00,EDT,2025-07-25 15:00,2025-07-31 00:00,129,129,FALSE,ALL NYC,4.998,2.515,4.998,16.002,2.193,2.372,130,129,ok
SW3014,Flash Flooding,Thunderstorms,Flash Flooding,"Staten Island, Queens, Brooklyn, Bronx, Manhattan",2025-10-13 00:00,2025-10-13 23:59,EDT,2025-10-13 04:00,2025-10-14 04:00,23.9833,24,FALSE,Brooklyn,10.129,8.311,10.133,22.59,3.679,3.75,25,24,ok
SW3014,Flash Flooding,Thunderstorms,Flash Flooding,"Staten Island, Queens, Brooklyn, Bronx, Manhattan",2025-10-13 00:00,2025-10-13 23:59,EDT,2025-10-13 04:00,2025-10-14 04:00,23.9833,24,FALSE,Queens,10.161,8.518,10.19,22.814,4.394,4.496,25,24,ok
SW3014,Flash Flooding,Thunderstorms,Flash Flooding,"Staten Island, Queens, Brooklyn, Bronx, Manhattan",2025-10-13 00:00,2025-10-13 23:59,EDT,2025-10-13 04:00,2025-10-14 04:00,23.9833,24,FALSE,Manhattan,8.249,6.739,8.249,21.799,4.15,4.15,25,24,ok
SW3014,Flash Flooding,Thunderstorms,Flash Flooding,"Staten Island, Queens, Brooklyn, Bronx, Manhattan",2025-10-13 00:00,2025-10-13 23:59,EDT,2025-10-13 04:00,2025-10-14 04:00,23.9833,24,FALSE,Bronx,7.997,6.567,7.997,21.846,4.819,4.819,25,24,ok
SW3014,Flash Flooding,Thunderstorms,Flash Flooding,"Staten Island, Queens, Brooklyn, Bronx, Manhattan",2025-10-13 00:00,2025-10-13 23:59,EDT,2025-10-13 04:00,2025-10-14 04:00,23.9833,24,FALSE,Staten Island,9.028,7.232,9.028,20.397,2.719,2.719,25,24,ok
SW3014,Flash Flooding,Thunderstorms,Flash Flooding,"Staten Island, Queens, Brooklyn, Bronx, Manhattan",2025-10-13 00:00,2025-10-13 23:59,EDT,2025-10-13 04:00,2025-10-14 04:00,23.9833,24,FALSE,ALL NYC,9.443,7.812,9.493,22.089,3.82,4.006,25,24,ok
SW3015,Flash Flooding,Thunderstorms,Flash Flooding,"Manhattan, Bronx, Brooklyn, Queens, Staten Island",2025-10-30 00:00,2025-10-31 23:59,EDT,2025-10-30 04:00,2025-11-01 04:00,47.9833,48,FALSE,Brooklyn,9.993,6.772,10.065,33.734,3.53,3.721,49,48,ok
SW3015,Flash Flooding,Thunderstorms,Flash Flooding,"Manhattan, Bronx, Brooklyn, Queens, Staten Island",2025-10-30 00:00,2025-10-31 23:59,EDT,2025-10-30 04:00,2025-11-01 04:00,47.9833,48,FALSE,Queens,9.789,6.724,9.927,45.311,6.075,6.131,49,48,ok
SW3015,Flash Flooding,Thunderstorms,Flash Flooding,"Manhattan, Bronx, Brooklyn, Queens, Staten Island",2025-10-30 00:00,2025-10-31 23:59,EDT,2025-10-30 04:00,2025-11-01 04:00,47.9833,48,FALSE,Manhattan,8.119,5.313,8.119,42.478,4.454,4.616,49,48,ok
SW3015,Flash Flooding,Thunderstorms,Flash Flooding,"Manhattan, Bronx, Brooklyn, Queens, Staten Island",2025-10-30 00:00,2025-10-31 23:59,EDT,2025-10-30 04:00,2025-11-01 04:00,47.9833,48,FALSE,Bronx,7.769,5.053,7.769,49.461,6.207,6.283,49,48,ok
SW3015,Flash Flooding,Thunderstorms,Flash Flooding,"Manhattan, Bronx, Brooklyn, Queens, Staten Island",2025-10-30 00:00,2025-10-31 23:59,EDT,2025-10-30 04:00,2025-11-01 04:00,47.9833,48,FALSE,Staten Island,9.06,6.087,9.06,26.42,4.27,4.276,49,48,ok
SW3015,Flash Flooding,Thunderstorms,Flash Flooding,"Manhattan, Bronx, Brooklyn, Queens, Staten Island",2025-10-30 00:00,2025-10-31 23:59,EDT,2025-10-30 04:00,2025-11-01 04:00,47.9833,48,FALSE,ALL NYC,9.221,6.267,9.346,39.487,4.358,5.129,49,48,ok
SW3016,High Winds,Other,High Winds,"Staten Island, Queens, Brooklyn, Bronx, Manhattan",2025-11-05 21:00,2025-11-06 08:00,EST,2025-11-06 02:00,2025-11-06 13:00,11,11,FALSE,Brooklyn,8.393,7.007,8.414,0.472,0.383,0.383,12,11,ok
SW3016,High Winds,Other,High Winds,"Staten Island, Queens, Brooklyn, Bronx, Manhattan",2025-11-05 21:00,2025-11-06 08:00,EST,2025-11-06 02:00,2025-11-06 13:00,11,11,FALSE,Queens,8.458,7.069,8.478,0.511,0.351,0.351,12,11,ok
SW3016,High Winds,Other,High Winds,"Staten Island, Queens, Brooklyn, Bronx, Manhattan",2025-11-05 21:00,2025-11-06 08:00,EST,2025-11-06 02:00,2025-11-06 13:00,11,11,FALSE,Manhattan,7.012,5.71,7.012,0.627,0.436,0.436,12,11,ok
SW3016,High Winds,Other,High Winds,"Staten Island, Queens, Brooklyn, Bronx, Manhattan",2025-11-05 21:00,2025-11-06 08:00,EST,2025-11-06 02:00,2025-11-06 13:00,11,11,FALSE,Bronx,6.809,5.522,6.809,0.682,0.427,0.427,12,11,ok
SW3016,High Winds,Other,High Winds,"Staten Island, Queens, Brooklyn, Bronx, Manhattan",2025-11-05 21:00,2025-11-06 08:00,EST,2025-11-06 02:00,2025-11-06 13:00,11,11,FALSE,Staten Island,7.597,6.243,7.601,0.489,0.442,0.442,12,11,ok
SW3016,High Winds,Other,High Winds,"Staten Island, Queens, Brooklyn, Bronx, Manhattan",2025-11-05 21:00,2025-11-06 08:00,EST,2025-11-06 02:00,2025-11-06 13:00,11,11,FALSE,ALL NYC,7.93,6.573,7.946,0.531,0.393,0.393,12,11,ok
SW3017,Winter Weather,Winter Weather,Heavy Snow,"Manhattan, Bronx, Brooklyn, Queens, Staten Island",2025-12-13 00:00,2025-12-14 00:00,EST,2025-12-13 05:00,2025-12-14 05:00,24,24,FALSE,Brooklyn,4.883,2.833,4.883,1.854,0.605,0.605,25,24,ok
SW3017,Winter Weather,Winter Weather,Heavy Snow,"Manhattan, Bronx, Brooklyn, Queens, Staten Island",2025-12-13 00:00,2025-12-14 00:00,EST,2025-12-13 05:00,2025-12-14 05:00,24,24,FALSE,Queens,4.993,2.926,4.993,1.831,0.601,0.601,25,24,ok
SW3017,Winter Weather,Winter Weather,Heavy Snow,"Manhattan, Bronx, Brooklyn, Queens, Staten Island",2025-12-13 00:00,2025-12-14 00:00,EST,2025-12-13 05:00,2025-12-14 05:00,24,24,FALSE,Manhattan,3.772,2.188,3.772,1.765,0.576,0.576,25,24,ok
SW3017,Winter Weather,Winter Weather,Heavy Snow,"Manhattan, Bronx, Brooklyn, Queens, Staten Island",2025-12-13 00:00,2025-12-14 00:00,EST,2025-12-13 05:00,2025-12-14 05:00,24,24,FALSE,Bronx,3.657,2.122,3.657,1.736,0.568,0.568,25,24,ok
SW3017,Winter Weather,Winter Weather,Heavy Snow,"Manhattan, Bronx, Brooklyn, Queens, Staten Island",2025-12-13 00:00,2025-12-14 00:00,EST,2025-12-13 05:00,2025-12-14 05:00,24,24,FALSE,Staten Island,4.176,2.41,4.176,1.873,0.607,0.607,25,24,ok
SW3017,Winter Weather,Winter Weather,Heavy Snow,"Manhattan, Bronx, Brooklyn, Queens, Staten Island",2025-12-13 00:00,2025-12-14 00:00,EST,2025-12-13 05:00,2025-12-14 05:00,24,24,FALSE,ALL NYC,4.528,2.635,4.528,1.826,0.596,0.596,25,24,ok
SW3018,Flash Flooding,Other,Flash Flooding,"Staten Island, Queens, Brooklyn, Bronx, Manhattan",2025-12-19 00:00,2025-12-20 00:00,EST,2025-12-19 05:00,2025-12-20 05:00,24,24,FALSE,Brooklyn,10.105,7.784,10.105,13.813,3.463,3.463,25,24,ok
SW3018,Flash Flooding,Other,Flash Flooding,"Staten Island, Queens, Brooklyn, Bronx, Manhattan",2025-12-19 00:00,2025-12-20 00:00,EST,2025-12-19 05:00,2025-12-20 05:00,24,24,FALSE,Queens,10.211,7.803,10.211,14.649,3.623,3.623,25,24,ok
SW3018,Flash Flooding,Other,Flash Flooding,"Staten Island, Queens, Brooklyn, Bronx, Manhattan",2025-12-19 00:00,2025-12-20 00:00,EST,2025-12-19 05:00,2025-12-20 05:00,24,24,FALSE,Manhattan,8.159,6.207,8.177,14.31,2.973,2.973,25,24,ok
SW3018,Flash Flooding,Other,Flash Flooding,"Staten Island, Queens, Brooklyn, Bronx, Manhattan",2025-12-19 00:00,2025-12-20 00:00,EST,2025-12-19 05:00,2025-12-20 05:00,24,24,FALSE,Bronx,7.93,5.958,7.951,14.824,2.978,2.978,25,24,ok
SW3018,Flash Flooding,Other,Flash Flooding,"Staten Island, Queens, Brooklyn, Bronx, Manhattan",2025-12-19 00:00,2025-12-20 00:00,EST,2025-12-19 05:00,2025-12-20 05:00,24,24,FALSE,Staten Island,8.763,6.927,8.814,13.166,2.869,2.913,25,24,ok
SW3018,Flash Flooding,Other,Flash Flooding,"Staten Island, Queens, Brooklyn, Bronx, Manhattan",2025-12-19 00:00,2025-12-20 00:00,EST,2025-12-19 05:00,2025-12-20 05:00,24,24,FALSE,ALL NYC,9.423,7.246,9.442,14.177,3.302,3.31,25,24,ok
SW3019,Winter Weather,Winter Weather,Heavy Snow,"Manhattan, Bronx, Brooklyn, Queens, Staten Island",2025-12-23 00:00,2025-12-24 00:00,EST,2025-12-23 05:00,2025-12-24 05:00,24,24,FALSE,Brooklyn,4.135,2.637,4.135,2.807,0.394,0.399,25,24,ok
SW3019,Winter Weather,Winter Weather,Heavy Snow,"Manhattan, Bronx, Brooklyn, Queens, Staten Island",2025-12-23 00:00,2025-12-24 00:00,EST,2025-12-23 05:00,2025-12-24 05:00,24,24,FALSE,Queens,4.079,2.681,4.079,3.086,0.455,0.457,25,24,ok
SW3019,Winter Weather,Winter Weather,Heavy Snow,"Manhattan, Bronx, Brooklyn, Queens, Staten Island",2025-12-23 00:00,2025-12-24 00:00,EST,2025-12-23 05:00,2025-12-24 05:00,24,24,FALSE,Manhattan,3.122,1.968,3.126,3.12,0.471,0.475,25,24,ok
SW3019,Winter Weather,Winter Weather,Heavy Snow,"Manhattan, Bronx, Brooklyn, Queens, Staten Island",2025-12-23 00:00,2025-12-24 00:00,EST,2025-12-23 05:00,2025-12-24 05:00,24,24,FALSE,Bronx,2.923,1.884,2.955,3.392,0.594,0.594,25,24,ok
SW3019,Winter Weather,Winter Weather,Heavy Snow,"Manhattan, Bronx, Brooklyn, Queens, Staten Island",2025-12-23 00:00,2025-12-24 00:00,EST,2025-12-23 05:00,2025-12-24 05:00,24,24,FALSE,Staten Island,3.708,2.254,3.708,2.636,0.394,0.394,25,24,ok
SW3019,Winter Weather,Winter Weather,Heavy Snow,"Manhattan, Bronx, Brooklyn, Queens, Staten Island",2025-12-23 00:00,2025-12-24 00:00,EST,2025-12-23 05:00,2025-12-24 05:00,24,24,FALSE,ALL NYC,3.783,2.421,3.787,2.982,0.41,0.451,25,24,ok
SW3020,Winter Weather,Winter Weather,Heavy Snow,"Staten Island, Queens, Brooklyn, Bronx, Manhattan",2025-12-26 00:00,2025-12-27 00:00,EST,2025-12-26 05:00,2025-12-27 05:00,24,24,FALSE,Brooklyn,3.883,3.067,3.911,9.99,2.126,2.126,25,24,ok
SW3020,Winter Weather,Winter Weather,Heavy Snow,"Staten Island, Queens, Brooklyn, Bronx, Manhattan",2025-12-26 00:00,2025-12-27 00:00,EST,2025-12-26 05:00,2025-12-27 05:00,24,24,FALSE,Queens,4.079,3.233,4.116,10.559,2.202,2.202,25,24,ok
SW3020,Winter Weather,Winter Weather,Heavy Snow,"Staten Island, Queens, Brooklyn, Bronx, Manhattan",2025-12-26 00:00,2025-12-27 00:00,EST,2025-12-26 05:00,2025-12-27 05:00,24,24,FALSE,Manhattan,3.161,2.441,3.161,10.714,2.198,2.198,25,24,ok
SW3020,Winter Weather,Winter Weather,Heavy Snow,"Staten Island, Queens, Brooklyn, Bronx, Manhattan",2025-12-26 00:00,2025-12-27 00:00,EST,2025-12-26 05:00,2025-12-27 05:00,24,24,FALSE,Bronx,3.099,2.43,3.116,11.141,2.258,2.258,25,24,ok
SW3020,Winter Weather,Winter Weather,Heavy Snow,"Staten Island, Queens, Brooklyn, Bronx, Manhattan",2025-12-26 00:00,2025-12-27 00:00,EST,2025-12-26 05:00,2025-12-27 05:00,24,24,FALSE,Staten Island,3.32,2.553,3.32,9.525,1.976,1.976,25,24,ok
SW3020,Winter Weather,Winter Weather,Heavy Snow,"Staten Island, Queens, Brooklyn, Bronx, Manhattan",2025-12-26 00:00,2025-12-27 00:00,EST,2025-12-26 05:00,2025-12-27 05:00,24,24,FALSE,ALL NYC,3.617,2.891,3.702,10.329,2.15,2.15,25,24,ok
SW3021,Winter Weather,Winter Weather,Heavy Snow,"Manhattan, Bronx, Brooklyn, Queens, Staten Island",2026-01-17 00:00,2026-01-18 00:00,EST,2026-01-17 05:00,2026-01-18 05:00,24,24,FALSE,Brooklyn,4.264,2.954,4.264,3.166,1.045,1.045,25,24,ok
SW3021,Winter Weather,Winter Weather,Heavy Snow,"Manhattan, Bronx, Brooklyn, Queens, Staten Island",2026-01-17 00:00,2026-01-18 00:00,EST,2026-01-17 05:00,2026-01-18 05:00,24,24,FALSE,Queens,4.243,3.007,4.243,3.165,1.018,1.018,25,24,ok
SW3021,Winter Weather,Winter Weather,Heavy Snow,"Manhattan, Bronx, Brooklyn, Queens, Staten Island",2026-01-17 00:00,2026-01-18 00:00,EST,2026-01-17 05:00,2026-01-18 05:00,24,24,FALSE,Manhattan,3.305,2.239,3.305,3.324,1.083,1.083,25,24,ok
SW3021,Winter Weather,Winter Weather,Heavy Snow,"Manhattan, Bronx, Brooklyn, Queens, Staten Island",2026-01-17 00:00,2026-01-18 00:00,EST,2026-01-17 05:00,2026-01-18 05:00,24,24,FALSE,Bronx,3.164,2.157,3.164,3.355,1.075,1.075,25,24,ok
SW3021,Winter Weather,Winter Weather,Heavy Snow,"Manhattan, Bronx, Brooklyn, Queens, Staten Island",2026-01-17 00:00,2026-01-18 00:00,EST,2026-01-17 05:00,2026-01-18 05:00,24,24,FALSE,Staten Island,3.815,2.56,3.861,3.194,1.076,1.076,25,24,ok
SW3021,Winter Weather,Winter Weather,Heavy Snow,"Manhattan, Bronx, Brooklyn, Queens, Staten Island",2026-01-17 00:00,2026-01-18 00:00,EST,2026-01-17 05:00,2026-01-18 05:00,24,24,FALSE,ALL NYC,3.94,2.73,3.948,3.21,1.049,1.049,25,24,ok
SW3022,Winter Weather (Winter Storm Fern),Winter Weather,Heavy Snow,"Staten Island, Queens, Brooklyn, Bronx, Manhattan",2026-01-25 00:00,2026-01-26 00:00,EST,2026-01-25 05:00,2026-01-26 05:00,24,24,FALSE,Brooklyn,7.11,5.182,7.137,31.968,3.072,3.085,25,24,ok
SW3022,Winter Weather (Winter Storm Fern),Winter Weather,Heavy Snow,"Staten Island, Queens, Brooklyn, Bronx, Manhattan",2026-01-25 00:00,2026-01-26 00:00,EST,2026-01-25 05:00,2026-01-26 05:00,24,24,FALSE,Queens,7.667,5.263,7.674,31.014,3.069,3.069,25,24,ok
SW3022,Winter Weather (Winter Storm Fern),Winter Weather,Heavy Snow,"Staten Island, Queens, Brooklyn, Bronx, Manhattan",2026-01-25 00:00,2026-01-26 00:00,EST,2026-01-25 05:00,2026-01-26 05:00,24,24,FALSE,Manhattan,5.57,3.979,5.612,29.923,3.13,3.13,25,24,ok
SW3022,Winter Weather (Winter Storm Fern),Winter Weather,Heavy Snow,"Staten Island, Queens, Brooklyn, Bronx, Manhattan",2026-01-25 00:00,2026-01-26 00:00,EST,2026-01-25 05:00,2026-01-26 05:00,24,24,FALSE,Bronx,5.555,3.806,5.586,29.242,3.136,3.136,25,24,ok
SW3022,Winter Weather (Winter Storm Fern),Winter Weather,Heavy Snow,"Staten Island, Queens, Brooklyn, Bronx, Manhattan",2026-01-25 00:00,2026-01-26 00:00,EST,2026-01-25 05:00,2026-01-26 05:00,24,24,FALSE,Staten Island,6.319,4.473,6.319,32.165,3.121,3.121,25,24,ok
SW3022,Winter Weather (Winter Storm Fern),Winter Weather,Heavy Snow,"Staten Island, Queens, Brooklyn, Bronx, Manhattan",2026-01-25 00:00,2026-01-26 00:00,EST,2026-01-25 05:00,2026-01-26 05:00,24,24,FALSE,ALL NYC,6.647,4.788,6.838,31.108,3.085,3.097,25,24,ok
SW3023,Extreme Cold,Winter Weather,Extreme Cold,"Manhattan, Bronx, Brooklyn, Queens, Staten Island",2026-01-29 00:00,2026-02-13 00:00,EST,2026-01-29 05:00,2026-02-13 05:00,360,360,FALSE,Brooklyn,9.117,3.779,9.117,1.962,0.314,0.314,361,360,ok
SW3023,Extreme Cold,Winter Weather,Extreme Cold,"Manhattan, Bronx, Brooklyn, Queens, Staten Island",2026-01-29 00:00,2026-02-13 00:00,EST,2026-01-29 05:00,2026-02-13 05:00,360,360,FALSE,Queens,9.002,3.813,9.002,2.314,0.414,0.414,361,360,ok
SW3023,Extreme Cold,Winter Weather,Extreme Cold,"Manhattan, Bronx, Brooklyn, Queens, Staten Island",2026-01-29 00:00,2026-02-13 00:00,EST,2026-01-29 05:00,2026-02-13 05:00,360,360,FALSE,Manhattan,7.493,3.059,7.495,2.203,0.402,0.402,361,360,ok
SW3023,Extreme Cold,Winter Weather,Extreme Cold,"Manhattan, Bronx, Brooklyn, Queens, Staten Island",2026-01-29 00:00,2026-02-13 00:00,EST,2026-01-29 05:00,2026-02-13 05:00,360,360,FALSE,Bronx,7.169,2.953,7.171,2.454,0.469,0.469,361,360,ok
SW3023,Extreme Cold,Winter Weather,Extreme Cold,"Manhattan, Bronx, Brooklyn, Queens, Staten Island",2026-01-29 00:00,2026-02-13 00:00,EST,2026-01-29 05:00,2026-02-13 05:00,360,360,FALSE,Staten Island,8.344,3.357,8.344,1.681,0.25,0.25,361,360,ok
SW3023,Extreme Cold,Winter Weather,Extreme Cold,"Manhattan, Bronx, Brooklyn, Queens, Staten Island",2026-01-29 00:00,2026-02-13 00:00,EST,2026-01-29 05:00,2026-02-13 05:00,360,360,FALSE,ALL NYC,8.524,3.538,8.526,2.125,0.367,0.367,361,360,ok
SW3024,Winter Weather (Blizzard),Winter Weather,Heavy Snow,"Staten Island, Queens, Brooklyn, Bronx, Manhattan",2026-02-22 00:00,2026-03-03 00:00,EST,2026-02-22 05:00,2026-03-03 05:00,216,216,FALSE,Brooklyn,10.063,3.867,10.063,38.058,3.118,3.118,217,216,ok
SW3024,Winter Weather (Blizzard),Winter Weather,Heavy Snow,"Staten Island, Queens, Brooklyn, Bronx, Manhattan",2026-02-22 00:00,2026-03-03 00:00,EST,2026-02-22 05:00,2026-03-03 05:00,216,216,FALSE,Queens,10.045,3.858,10.045,38.51,3.112,3.112,217,216,ok
SW3024,Winter Weather (Blizzard),Winter Weather,Heavy Snow,"Staten Island, Queens, Brooklyn, Bronx, Manhattan",2026-02-22 00:00,2026-03-03 00:00,EST,2026-02-22 05:00,2026-03-03 05:00,216,216,FALSE,Manhattan,8.207,3.14,8.207,35.428,2.644,2.649,217,216,ok
SW3024,Winter Weather (Blizzard),Winter Weather,Heavy Snow,"Staten Island, Queens, Brooklyn, Bronx, Manhattan",2026-02-22 00:00,2026-03-03 00:00,EST,2026-02-22 05:00,2026-03-03 05:00,216,216,FALSE,Bronx,7.906,3.022,7.906,35.205,2.569,2.608,217,216,ok
SW3024,Winter Weather (Blizzard),Winter Weather,Heavy Snow,"Staten Island, Queens, Brooklyn, Bronx, Manhattan",2026-02-22 00:00,2026-03-03 00:00,EST,2026-02-22 05:00,2026-03-03 05:00,216,216,FALSE,Staten Island,8.957,3.487,8.957,36.741,2.919,2.919,217,216,ok
SW3024,Winter Weather (Blizzard),Winter Weather,Heavy Snow,"Staten Island, Queens, Brooklyn, Bronx, Manhattan",2026-02-22 00:00,2026-03-03 00:00,EST,2026-02-22 05:00,2026-03-03 05:00,216,216,FALSE,ALL NYC,9.396,3.615,9.396,37.363,2.963,2.968,217,216,ok